ISO-10303-21;
HEADER;
/* Generated by software containing ST-Developer
 * from STEP Tools, Inc. (www.steptools.com) 
 */

FILE_DESCRIPTION(
/* description */ (''),
/* implementation_level */ '2;1');

FILE_NAME(
/* name */ 'Soldering_iron_holder.stp',
/* time_stamp */ '2026-06-05T19:20:06+02:00',
/* author */ ('szymo'),
/* organization */ (''),
/* preprocessor_version */ 'ST-DEVELOPER v20.1',
/* originating_system */ 'Autodesk Inventor 2026',
/* authorisation */ '');

FILE_SCHEMA (('AUTOMOTIVE_DESIGN { 1 0 10303 214 3 1 1 }'));
ENDSEC;

DATA;
#10=MECHANICAL_DESIGN_GEOMETRIC_PRESENTATION_REPRESENTATION('',(#16),#6476);
#11=GEOMETRICALLY_BOUNDED_WIREFRAME_SHAPE_REPRESENTATION('',(#12),#6475);
#12=GEOMETRIC_CURVE_SET('Sketch6',(#6472));
#13=SHAPE_REPRESENTATION_RELATIONSHIP('SRR','None',#6483,#15);
#14=SHAPE_REPRESENTATION_RELATIONSHIP('SRR','None',#6483,#11);
#15=ADVANCED_BREP_SHAPE_REPRESENTATION('',(#17),#6475);
#16=STYLED_ITEM('',(#6492),#17);
#17=MANIFOLD_SOLID_BREP('Solid1',#3137);
#18=SPHERICAL_SURFACE('',#3234,0.999999999999999);
#19=SPHERICAL_SURFACE('',#3253,1.);
#20=SPHERICAL_SURFACE('',#3264,0.999999999999999);
#21=SPHERICAL_SURFACE('',#3286,1.);
#22=B_SPLINE_SURFACE_WITH_KNOTS('',3,3,((#4592,#4593,#4594,#4595,#4596,
#4597,#4598,#4599),(#4600,#4601,#4602,#4603,#4604,#4605,#4606,#4607),(#4608,
#4609,#4610,#4611,#4612,#4613,#4614,#4615),(#4616,#4617,#4618,#4619,#4620,
#4621,#4622,#4623)),.UNSPECIFIED.,.F.,.F.,.F.,(4,4),(4,2,2,4),(0.,1.),(-0.0661161962619045,
0.130869358381479,7.04003879595036,7.18444276704403),.UNSPECIFIED.);
#23=B_SPLINE_SURFACE_WITH_KNOTS('',3,3,((#4661,#4662,#4663,#4664,#4665,
#4666,#4667,#4668,#4669,#4670),(#4671,#4672,#4673,#4674,#4675,#4676,#4677,
#4678,#4679,#4680),(#4681,#4682,#4683,#4684,#4685,#4686,#4687,#4688,#4689,
#4690),(#4691,#4692,#4693,#4694,#4695,#4696,#4697,#4698,#4699,#4700)),
 .UNSPECIFIED.,.F.,.F.,.F.,(4,4),(4,3,3,4),(0.2406800411218,0.696489849715966),
(-0.0533960478372398,0.0338933008267045,6.94163962555465,6.99925126423076),
 .UNSPECIFIED.);
#24=B_SPLINE_SURFACE_WITH_KNOTS('',3,3,((#4717,#4718,#4719,#4720,#4721,
#4722,#4723,#4724),(#4725,#4726,#4727,#4728,#4729,#4730,#4731,#4732),(#4733,
#4734,#4735,#4736,#4737,#4738,#4739,#4740),(#4741,#4742,#4743,#4744,#4745,
#4746,#4747,#4748)),.UNSPECIFIED.,.F.,.F.,.F.,(4,4),(4,2,2,4),(0.,1.),(0.0718008454930255,
0.092719312674031,7.00189560201704,7.01307382081246),.UNSPECIFIED.);
#25=B_SPLINE_SURFACE_WITH_KNOTS('',3,3,((#4766,#4767,#4768,#4769),(#4770,
#4771,#4772,#4773),(#4774,#4775,#4776,#4777),(#4778,#4779,#4780,#4781)),
 .UNSPECIFIED.,.F.,.F.,.F.,(4,4),(4,4),(0.,1.),(-2.4157660318791,-2.22184266348829),
 .UNSPECIFIED.);
#26=B_SPLINE_SURFACE_WITH_KNOTS('',3,3,((#4878,#4879,#4880,#4881,#4882,
#4883,#4884,#4885),(#4886,#4887,#4888,#4889,#4890,#4891,#4892,#4893),(#4894,
#4895,#4896,#4897,#4898,#4899,#4900,#4901),(#4902,#4903,#4904,#4905,#4906,
#4907,#4908,#4909)),.UNSPECIFIED.,.F.,.F.,.F.,(4,4),(4,2,2,4),(0.,1.),(-0.0516849150163646,
0.0927190560771463,7.00188849364603,7.19887404828962),.UNSPECIFIED.);
#27=B_SPLINE_SURFACE_WITH_KNOTS('',3,3,((#4938,#4939,#4940,#4941,#4942,
#4943,#4944,#4945,#4946,#4947),(#4948,#4949,#4950,#4951,#4952,#4953,#4954,
#4955,#4956,#4957),(#4958,#4959,#4960,#4961,#4962,#4963,#4964,#4965,#4966,
#4967),(#4968,#4969,#4970,#4971,#4972,#4973,#4974,#4975,#4976,#4977)),
 .UNSPECIFIED.,.F.,.F.,.F.,(4,4),(4,3,3,4),(0.240680041122277,0.696489849716203),
(-0.0576116395587233,0.,6.9077463252392,6.99503567268701),.UNSPECIFIED.);
#28=B_SPLINE_SURFACE_WITH_KNOTS('',3,3,((#4991,#4992,#4993,#4994),(#4995,
#4996,#4997,#4998),(#4999,#5000,#5001,#5002),(#5003,#5004,#5005,#5006)),
 .UNSPECIFIED.,.F.,.F.,.F.,(4,4),(4,4),(0.,0.985056009273226),(5.69362517272938,
5.94845442564786),.UNSPECIFIED.);
#29=B_SPLINE_SURFACE_WITH_KNOTS('',3,3,((#5013,#5014,#5015,#5016,#5017,
#5018,#5019,#5020),(#5021,#5022,#5023,#5024,#5025,#5026,#5027,#5028),(#5029,
#5030,#5031,#5032,#5033,#5034,#5035,#5036),(#5037,#5038,#5039,#5040,#5041,
#5042,#5043,#5044)),.UNSPECIFIED.,.F.,.F.,.F.,(4,4),(4,2,2,4),(0.,1.),(0.119691632076807,
0.130869850872216,7.04004614021524,7.06096460739624),.UNSPECIFIED.);
#30=B_SPLINE_SURFACE_WITH_KNOTS('',3,3,((#5144,#5145,#5146,#5147),(#5148,
#5149,#5150,#5151),(#5152,#5153,#5154,#5155),(#5156,#5157,#5158,#5159)),
 .UNSPECIFIED.,.F.,.F.,.F.,(4,4),(4,4),(0.,1.),(0.102740946548152,0.252680255142079),
 .UNSPECIFIED.);
#31=B_SPLINE_SURFACE_WITH_KNOTS('',3,3,((#5181,#5182,#5183,#5184),(#5185,
#5186,#5187,#5188),(#5189,#5190,#5191,#5192),(#5193,#5194,#5195,#5196)),
 .UNSPECIFIED.,.F.,.F.,.F.,(4,4),(4,4),(0.,1.),(-0.252680255142203,-0.10274094654815),
 .UNSPECIFIED.);
#32=B_SPLINE_SURFACE_WITH_KNOTS('',3,3,((#5217,#5218,#5219,#5220),(#5221,
#5222,#5223,#5224),(#5225,#5226,#5227,#5228),(#5229,#5230,#5231,#5232)),
 .UNSPECIFIED.,.F.,.F.,.F.,(4,4),(4,4),(0.,1.),(0.102740946548147,0.252680255142079),
 .UNSPECIFIED.);
#33=B_SPLINE_SURFACE_WITH_KNOTS('',3,3,((#5264,#5265,#5266,#5267),(#5268,
#5269,#5270,#5271),(#5272,#5273,#5274,#5275),(#5276,#5277,#5278,#5279)),
 .UNSPECIFIED.,.F.,.F.,.F.,(4,4),(4,4),(0.,1.),(-0.252680255142203,-0.10274094654815),
 .UNSPECIFIED.);
#34=B_SPLINE_SURFACE_WITH_KNOTS('',3,3,((#5761,#5762,#5763,#5764,#5765,
#5766,#5767,#5768,#5769,#5770,#5771,#5772),(#5773,#5774,#5775,#5776,#5777,
#5778,#5779,#5780,#5781,#5782,#5783,#5784),(#5785,#5786,#5787,#5788,#5789,
#5790,#5791,#5792,#5793,#5794,#5795,#5796),(#5797,#5798,#5799,#5800,#5801,
#5802,#5803,#5804,#5805,#5806,#5807,#5808)),.UNSPECIFIED.,.F.,.T.,.F.,(4,
4),(4,1,1,1,1,1,1,1,1,4),(0.,1.),(-3.14159265358979,-2.69279370307697,-2.24399475256414,
-1.34639685153848,-0.448798950512828,0.448798950512828,1.34639685153848,
2.24399475256414,2.69279370307697,3.14159265358979),.UNSPECIFIED.);
#35=B_SPLINE_SURFACE_WITH_KNOTS('',3,3,((#5810,#5811,#5812,#5813,#5814,
#5815,#5816,#5817,#5818,#5819,#5820,#5821),(#5822,#5823,#5824,#5825,#5826,
#5827,#5828,#5829,#5830,#5831,#5832,#5833),(#5834,#5835,#5836,#5837,#5838,
#5839,#5840,#5841,#5842,#5843,#5844,#5845),(#5846,#5847,#5848,#5849,#5850,
#5851,#5852,#5853,#5854,#5855,#5856,#5857)),.UNSPECIFIED.,.F.,.T.,.F.,(4,
4),(4,1,1,1,1,1,1,1,1,4),(0.,1.),(-3.14159265358979,-2.69279370307697,-2.24399475256414,
-1.34639685153848,-0.448798950512828,0.448798950512828,1.34639685153848,
2.24399475256414,2.69279370307697,3.14159265358979),.UNSPECIFIED.);
#36=B_SPLINE_SURFACE_WITH_KNOTS('',3,3,((#5859,#5860,#5861,#5862,#5863,
#5864,#5865,#5866,#5867,#5868,#5869,#5870),(#5871,#5872,#5873,#5874,#5875,
#5876,#5877,#5878,#5879,#5880,#5881,#5882),(#5883,#5884,#5885,#5886,#5887,
#5888,#5889,#5890,#5891,#5892,#5893,#5894),(#5895,#5896,#5897,#5898,#5899,
#5900,#5901,#5902,#5903,#5904,#5905,#5906)),.UNSPECIFIED.,.F.,.T.,.F.,(4,
4),(4,1,1,1,1,1,1,1,1,4),(0.,1.),(-3.14159265358979,-2.69279370307697,-2.24399475256414,
-1.34639685153848,-0.448798950512828,0.448798950512828,1.34639685153848,
2.24399475256414,2.69279370307697,3.14159265358979),.UNSPECIFIED.);
#37=B_SPLINE_SURFACE_WITH_KNOTS('',3,3,((#5908,#5909,#5910,#5911,#5912,
#5913,#5914,#5915,#5916,#5917,#5918,#5919),(#5920,#5921,#5922,#5923,#5924,
#5925,#5926,#5927,#5928,#5929,#5930,#5931),(#5932,#5933,#5934,#5935,#5936,
#5937,#5938,#5939,#5940,#5941,#5942,#5943),(#5944,#5945,#5946,#5947,#5948,
#5949,#5950,#5951,#5952,#5953,#5954,#5955)),.UNSPECIFIED.,.F.,.T.,.F.,(4,
4),(4,1,1,1,1,1,1,1,1,4),(0.,1.),(-3.14159265358979,-2.69279370307697,-2.24399475256414,
-1.34639685153848,-0.448798950512828,0.448798950512828,1.34639685153848,
2.24399475256414,2.69279370307697,3.14159265358979),.UNSPECIFIED.);
#38=B_SPLINE_SURFACE_WITH_KNOTS('',3,3,((#5957,#5958,#5959,#5960,#5961,
#5962,#5963,#5964,#5965,#5966,#5967,#5968),(#5969,#5970,#5971,#5972,#5973,
#5974,#5975,#5976,#5977,#5978,#5979,#5980),(#5981,#5982,#5983,#5984,#5985,
#5986,#5987,#5988,#5989,#5990,#5991,#5992),(#5993,#5994,#5995,#5996,#5997,
#5998,#5999,#6000,#6001,#6002,#6003,#6004)),.UNSPECIFIED.,.F.,.T.,.F.,(4,
4),(4,1,1,1,1,1,1,1,1,4),(0.,1.),(-3.14159265358979,-2.69279370307697,-2.24399475256414,
-1.34639685153848,-0.448798950512828,0.448798950512828,1.34639685153848,
2.24399475256414,2.69279370307697,3.14159265358979),.UNSPECIFIED.);
#39=B_SPLINE_SURFACE_WITH_KNOTS('',3,3,((#6006,#6007,#6008,#6009,#6010,
#6011,#6012,#6013,#6014,#6015,#6016,#6017),(#6018,#6019,#6020,#6021,#6022,
#6023,#6024,#6025,#6026,#6027,#6028,#6029),(#6030,#6031,#6032,#6033,#6034,
#6035,#6036,#6037,#6038,#6039,#6040,#6041),(#6042,#6043,#6044,#6045,#6046,
#6047,#6048,#6049,#6050,#6051,#6052,#6053)),.UNSPECIFIED.,.F.,.T.,.F.,(4,
4),(4,1,1,1,1,1,1,1,1,4),(0.,1.),(-3.14159265358979,-2.69279370307697,-2.24399475256414,
-1.34639685153848,-0.448798950512828,0.448798950512828,1.34639685153848,
2.24399475256414,2.69279370307697,3.14159265358979),.UNSPECIFIED.);
#40=B_SPLINE_SURFACE_WITH_KNOTS('',3,3,((#6055,#6056,#6057,#6058,#6059,
#6060,#6061,#6062,#6063,#6064,#6065,#6066),(#6067,#6068,#6069,#6070,#6071,
#6072,#6073,#6074,#6075,#6076,#6077,#6078),(#6079,#6080,#6081,#6082,#6083,
#6084,#6085,#6086,#6087,#6088,#6089,#6090),(#6091,#6092,#6093,#6094,#6095,
#6096,#6097,#6098,#6099,#6100,#6101,#6102)),.UNSPECIFIED.,.F.,.T.,.F.,(4,
4),(4,1,1,1,1,1,1,1,1,4),(0.,1.),(-3.14159265358979,-2.69279370307697,-2.24399475256414,
-1.34639685153848,-0.448798950512828,0.448798950512828,1.34639685153848,
2.24399475256414,2.69279370307697,3.14159265358979),.UNSPECIFIED.);
#41=B_SPLINE_SURFACE_WITH_KNOTS('',3,3,((#6201,#6202,#6203,#6204),(#6205,
#6206,#6207,#6208),(#6209,#6210,#6211,#6212),(#6213,#6214,#6215,#6216)),
 .UNSPECIFIED.,.F.,.F.,.F.,(4,4),(4,4),(0.,0.985056009273228),(6.40390747710072,
6.6587367300192),.UNSPECIFIED.);
#42=B_SPLINE_SURFACE_WITH_KNOTS('',3,3,((#6221,#6222,#6223,#6224,#6225,
#6226,#6227,#6228,#6229,#6230,#6231),(#6232,#6233,#6234,#6235,#6236,#6237,
#6238,#6239,#6240,#6241,#6242),(#6243,#6244,#6245,#6246,#6247,#6248,#6249,
#6250,#6251,#6252,#6253),(#6254,#6255,#6256,#6257,#6258,#6259,#6260,#6261,
#6262,#6263,#6264)),.UNSPECIFIED.,.F.,.F.,.F.,(4,4),(4,1,1,1,1,1,1,1,4),
(0.,1.),(-2.22184266348829,-1.58703047392021,-0.952218284352124,-0.529010157973403,
-0.317406094784042,0.31740609478404,0.952218284352122,1.5870304739202,2.22184266348829),
 .UNSPECIFIED.);
#43=B_SPLINE_SURFACE_WITH_KNOTS('',3,3,((#6277,#6278,#6279,#6280),(#6281,
#6282,#6283,#6284),(#6285,#6286,#6287,#6288),(#6289,#6290,#6291,#6292)),
 .UNSPECIFIED.,.F.,.F.,.F.,(4,4),(4,4),(0.,1.),(2.22184266348828,2.41576603187909),
 .UNSPECIFIED.);
#44=FACE_BOUND('',#377,.T.);
#45=FACE_BOUND('',#378,.T.);
#46=FACE_BOUND('',#379,.T.);
#47=FACE_BOUND('',#380,.T.);
#48=FACE_BOUND('',#381,.T.);
#49=FACE_BOUND('',#382,.T.);
#50=FACE_BOUND('',#383,.T.);
#51=FACE_BOUND('',#393,.T.);
#52=FACE_BOUND('',#394,.T.);
#53=FACE_BOUND('',#395,.T.);
#54=FACE_BOUND('',#396,.T.);
#55=FACE_BOUND('',#397,.T.);
#56=FACE_BOUND('',#398,.T.);
#57=FACE_BOUND('',#399,.T.);
#58=FACE_BOUND('',#438,.T.);
#59=FACE_BOUND('',#439,.T.);
#60=FACE_BOUND('',#440,.T.);
#61=FACE_BOUND('',#441,.T.);
#62=FACE_BOUND('',#442,.T.);
#63=FACE_BOUND('',#443,.T.);
#64=FACE_BOUND('',#444,.T.);
#65=FACE_BOUND('',#457,.T.);
#66=FACE_BOUND('',#460,.T.);
#67=FACE_BOUND('',#461,.T.);
#68=FACE_BOUND('',#462,.T.);
#69=FACE_BOUND('',#463,.T.);
#70=FACE_BOUND('',#464,.T.);
#71=FACE_BOUND('',#465,.T.);
#72=FACE_BOUND('',#466,.T.);
#73=FACE_BOUND('',#482,.T.);
#74=FACE_BOUND('',#514,.T.);
#75=FACE_BOUND('',#518,.T.);
#76=FACE_BOUND('',#522,.T.);
#77=FACE_BOUND('',#526,.T.);
#78=FACE_BOUND('',#530,.T.);
#79=FACE_BOUND('',#534,.T.);
#80=FACE_BOUND('',#538,.T.);
#81=FACE_BOUND('',#551,.T.);
#82=FACE_BOUND('',#556,.T.);
#83=FACE_BOUND('',#562,.T.);
#84=FACE_BOUND('',#566,.T.);
#85=FACE_BOUND('',#576,.T.);
#86=FACE_BOUND('',#583,.T.);
#87=ELLIPSE('',#3168,10.1553431187356,10.);
#88=ELLIPSE('',#3169,10.1553431187356,10.);
#89=ELLIPSE('',#3175,10.1553431187356,10.);
#90=ELLIPSE('',#3178,10.1553431187356,10.);
#91=ELLIPSE('',#3179,1.24859943644854,1.2295);
#92=ELLIPSE('',#3180,1.24859943644854,1.2295);
#93=ELLIPSE('',#3181,1.24859943644854,1.2295);
#94=ELLIPSE('',#3182,1.24859943644854,1.2295);
#95=ELLIPSE('',#3183,1.24859943644854,1.2295);
#96=ELLIPSE('',#3184,1.24859943644854,1.2295);
#97=ELLIPSE('',#3185,1.24859943644854,1.2295);
#98=ELLIPSE('',#3189,1.41421356237309,1.);
#99=ELLIPSE('',#3190,1.4142135623731,1.);
#100=ELLIPSE('',#3193,1.4142135623731,1.);
#101=ELLIPSE('',#3194,1.4142135623731,1.);
#102=ELLIPSE('',#3197,1.4142135623731,1.);
#103=ELLIPSE('',#3198,1.4142135623731,1.);
#104=ELLIPSE('',#3201,1.4142135623731,1.);
#105=ELLIPSE('',#3202,1.41421356237309,1.);
#106=PLANE('',#3165);
#107=PLANE('',#3167);
#108=PLANE('',#3172);
#109=PLANE('',#3177);
#110=PLANE('',#3186);
#111=PLANE('',#3191);
#112=PLANE('',#3195);
#113=PLANE('',#3199);
#114=PLANE('',#3203);
#115=PLANE('',#3204);
#116=PLANE('',#3215);
#117=PLANE('',#3218);
#118=PLANE('',#3219);
#119=PLANE('',#3230);
#120=PLANE('',#3233);
#121=PLANE('',#3241);
#122=PLANE('',#3251);
#123=PLANE('',#3260);
#124=PLANE('',#3262);
#125=PLANE('',#3271);
#126=PLANE('',#3275);
#127=PLANE('',#3277);
#128=PLANE('',#3293);
#129=PLANE('',#3295);
#130=PLANE('',#3297);
#131=PLANE('',#3299);
#132=PLANE('',#3303);
#133=PLANE('',#3304);
#134=PLANE('',#3306);
#135=PLANE('',#3308);
#136=PLANE('',#3311);
#137=PLANE('',#3354);
#138=PLANE('',#3359);
#139=PLANE('',#3364);
#140=PLANE('',#3369);
#141=PLANE('',#3374);
#142=PLANE('',#3379);
#143=PLANE('',#3384);
#144=PLANE('',#3385);
#145=PLANE('',#3386);
#146=PLANE('',#3388);
#147=PLANE('',#3391);
#148=PLANE('',#3392);
#149=PLANE('',#3393);
#150=PLANE('',#3399);
#151=PLANE('',#3402);
#152=PLANE('',#3416);
#153=PLANE('',#3425);
#154=PLANE('',#3431);
#155=PLANE('',#3445);
#156=PLANE('',#3446);
#157=PLANE('',#3455);
#158=PLANE('',#3456);
#159=PLANE('',#3457);
#160=PLANE('',#3474);
#161=PLANE('',#3475);
#162=PLANE('',#3476);
#163=(
BOUNDED_CURVE()
B_SPLINE_CURVE(2,(#4349,#4350,#4351),.UNSPECIFIED.,.F.,.F.)
B_SPLINE_CURVE_WITH_KNOTS((3,3),(0.0212969005202405,0.0754662461807459),
 .UNSPECIFIED.)
CURVE()
GEOMETRIC_REPRESENTATION_ITEM()
RATIONAL_B_SPLINE_CURVE((1.00118744467848,1.00258004397619,1.00337464668289))
REPRESENTATION_ITEM('')
);
#164=(
BOUNDED_CURVE()
B_SPLINE_CURVE(2,(#4450,#4451,#4452),.UNSPECIFIED.,.F.,.F.)
B_SPLINE_CURVE_WITH_KNOTS((3,3),(0.219423952058688,0.273593297719064),
 .UNSPECIFIED.)
CURVE()
GEOMETRIC_REPRESENTATION_ITEM()
RATIONAL_B_SPLINE_CURVE((1.00337464668307,1.00258004397632,1.00118744467854))
REPRESENTATION_ITEM('')
);
#165=(
BOUNDED_CURVE()
B_SPLINE_CURVE(2,(#4468,#4469,#4470),.UNSPECIFIED.,.F.,.F.)
B_SPLINE_CURVE_WITH_KNOTS((3,3),(0.692820323027547,1.06520005752845),
 .UNSPECIFIED.)
CURVE()
GEOMETRIC_REPRESENTATION_ITEM()
RATIONAL_B_SPLINE_CURVE((1.3,1.3,1.21333333333315))
REPRESENTATION_ITEM('')
);
#166=(
BOUNDED_CURVE()
B_SPLINE_CURVE(2,(#4478,#4479,#4480),.UNSPECIFIED.,.F.,.F.)
B_SPLINE_CURVE_WITH_KNOTS((3,3),(3.32155049106707,4.72440472440708),
 .UNSPECIFIED.)
CURVE()
GEOMETRIC_REPRESENTATION_ITEM()
RATIONAL_B_SPLINE_CURVE((3.82666666666667,4.10000000000001,4.10000000000001))
REPRESENTATION_ITEM('')
);
#167=(
BOUNDED_CURVE()
B_SPLINE_CURVE(2,(#5246,#5247,#5248),.UNSPECIFIED.,.F.,.F.)
B_SPLINE_CURVE_WITH_KNOTS((3,3),(0.692820323027553,1.06520005752845),
 .UNSPECIFIED.)
CURVE()
GEOMETRIC_REPRESENTATION_ITEM()
RATIONAL_B_SPLINE_CURVE((1.30000000000001,1.30000000000001,1.21333333333315))
REPRESENTATION_ITEM('')
);
#168=(
BOUNDED_CURVE()
B_SPLINE_CURVE(2,(#5293,#5294,#5295),.UNSPECIFIED.,.F.,.F.)
B_SPLINE_CURVE_WITH_KNOTS((3,3),(0.320440588526652,0.692820323027552),
 .UNSPECIFIED.)
CURVE()
GEOMETRIC_REPRESENTATION_ITEM()
RATIONAL_B_SPLINE_CURVE((1.21333333333315,1.3,1.3))
REPRESENTATION_ITEM('')
);
#169=CONICAL_SURFACE('',#3162,8.19312516246984,0.788835609240462);
#170=CONICAL_SURFACE('',#3170,6.94695963866083,0.00687489168601464);
#171=CONICAL_SURFACE('',#3205,4.5,0.785398163397448);
#172=CONICAL_SURFACE('',#3208,5.5,0.785398163397445);
#173=CONICAL_SURFACE('',#3212,4.5,0.785398163397447);
#174=CONICAL_SURFACE('',#3216,5.5,0.785398163397447);
#175=CONICAL_SURFACE('',#3220,4.5,0.785398163397447);
#176=CONICAL_SURFACE('',#3223,5.5,0.78539816339745);
#177=CONICAL_SURFACE('',#3227,4.5,0.785398163397447);
#178=CONICAL_SURFACE('',#3231,5.5,0.785398163397448);
#179=CONICAL_SURFACE('',#3315,1.7295,0.785398163397448);
#180=CONICAL_SURFACE('',#3318,1.7295,0.785398163397448);
#181=CONICAL_SURFACE('',#3321,1.7295,0.785398163397448);
#182=CONICAL_SURFACE('',#3324,1.7295,0.785398163397449);
#183=CONICAL_SURFACE('',#3327,1.7295,0.785398163397448);
#184=CONICAL_SURFACE('',#3330,1.7295,0.785398163397448);
#185=CONICAL_SURFACE('',#3333,1.7295,0.785398163397448);
#186=CONICAL_SURFACE('',#3350,2.475,0.785398163397448);
#187=CONICAL_SURFACE('',#3355,2.475,0.785398163397448);
#188=CONICAL_SURFACE('',#3360,2.475,0.785398163397448);
#189=CONICAL_SURFACE('',#3365,2.475,0.785398163397448);
#190=CONICAL_SURFACE('',#3370,2.475,0.785398163397448);
#191=CONICAL_SURFACE('',#3375,2.475,0.785398163397448);
#192=CONICAL_SURFACE('',#3380,2.475,0.785398163397448);
#193=FACE_OUTER_BOUND('',#373,.T.);
#194=FACE_OUTER_BOUND('',#374,.T.);
#195=FACE_OUTER_BOUND('',#375,.T.);
#196=FACE_OUTER_BOUND('',#376,.T.);
#197=FACE_OUTER_BOUND('',#384,.T.);
#198=FACE_OUTER_BOUND('',#385,.T.);
#199=FACE_OUTER_BOUND('',#386,.T.);
#200=FACE_OUTER_BOUND('',#387,.T.);
#201=FACE_OUTER_BOUND('',#388,.T.);
#202=FACE_OUTER_BOUND('',#389,.T.);
#203=FACE_OUTER_BOUND('',#390,.T.);
#204=FACE_OUTER_BOUND('',#391,.T.);
#205=FACE_OUTER_BOUND('',#392,.T.);
#206=FACE_OUTER_BOUND('',#400,.T.);
#207=FACE_OUTER_BOUND('',#401,.T.);
#208=FACE_OUTER_BOUND('',#402,.T.);
#209=FACE_OUTER_BOUND('',#403,.T.);
#210=FACE_OUTER_BOUND('',#404,.T.);
#211=FACE_OUTER_BOUND('',#405,.T.);
#212=FACE_OUTER_BOUND('',#406,.T.);
#213=FACE_OUTER_BOUND('',#407,.T.);
#214=FACE_OUTER_BOUND('',#408,.T.);
#215=FACE_OUTER_BOUND('',#409,.T.);
#216=FACE_OUTER_BOUND('',#410,.T.);
#217=FACE_OUTER_BOUND('',#411,.T.);
#218=FACE_OUTER_BOUND('',#412,.T.);
#219=FACE_OUTER_BOUND('',#413,.T.);
#220=FACE_OUTER_BOUND('',#414,.T.);
#221=FACE_OUTER_BOUND('',#415,.T.);
#222=FACE_OUTER_BOUND('',#416,.T.);
#223=FACE_OUTER_BOUND('',#417,.T.);
#224=FACE_OUTER_BOUND('',#418,.T.);
#225=FACE_OUTER_BOUND('',#419,.T.);
#226=FACE_OUTER_BOUND('',#420,.T.);
#227=FACE_OUTER_BOUND('',#421,.T.);
#228=FACE_OUTER_BOUND('',#422,.T.);
#229=FACE_OUTER_BOUND('',#423,.T.);
#230=FACE_OUTER_BOUND('',#424,.T.);
#231=FACE_OUTER_BOUND('',#425,.T.);
#232=FACE_OUTER_BOUND('',#426,.T.);
#233=FACE_OUTER_BOUND('',#427,.T.);
#234=FACE_OUTER_BOUND('',#428,.T.);
#235=FACE_OUTER_BOUND('',#429,.T.);
#236=FACE_OUTER_BOUND('',#430,.T.);
#237=FACE_OUTER_BOUND('',#431,.T.);
#238=FACE_OUTER_BOUND('',#432,.T.);
#239=FACE_OUTER_BOUND('',#433,.T.);
#240=FACE_OUTER_BOUND('',#434,.T.);
#241=FACE_OUTER_BOUND('',#435,.T.);
#242=FACE_OUTER_BOUND('',#436,.T.);
#243=FACE_OUTER_BOUND('',#437,.T.);
#244=FACE_OUTER_BOUND('',#445,.T.);
#245=FACE_OUTER_BOUND('',#446,.T.);
#246=FACE_OUTER_BOUND('',#447,.T.);
#247=FACE_OUTER_BOUND('',#448,.T.);
#248=FACE_OUTER_BOUND('',#449,.T.);
#249=FACE_OUTER_BOUND('',#450,.T.);
#250=FACE_OUTER_BOUND('',#451,.T.);
#251=FACE_OUTER_BOUND('',#452,.T.);
#252=FACE_OUTER_BOUND('',#453,.T.);
#253=FACE_OUTER_BOUND('',#454,.T.);
#254=FACE_OUTER_BOUND('',#455,.T.);
#255=FACE_OUTER_BOUND('',#456,.T.);
#256=FACE_OUTER_BOUND('',#458,.T.);
#257=FACE_OUTER_BOUND('',#459,.T.);
#258=FACE_OUTER_BOUND('',#467,.T.);
#259=FACE_OUTER_BOUND('',#468,.T.);
#260=FACE_OUTER_BOUND('',#469,.T.);
#261=FACE_OUTER_BOUND('',#470,.T.);
#262=FACE_OUTER_BOUND('',#471,.T.);
#263=FACE_OUTER_BOUND('',#472,.T.);
#264=FACE_OUTER_BOUND('',#473,.T.);
#265=FACE_OUTER_BOUND('',#474,.T.);
#266=FACE_OUTER_BOUND('',#475,.T.);
#267=FACE_OUTER_BOUND('',#476,.T.);
#268=FACE_OUTER_BOUND('',#477,.T.);
#269=FACE_OUTER_BOUND('',#478,.T.);
#270=FACE_OUTER_BOUND('',#479,.T.);
#271=FACE_OUTER_BOUND('',#480,.T.);
#272=FACE_OUTER_BOUND('',#481,.T.);
#273=FACE_OUTER_BOUND('',#483,.T.);
#274=FACE_OUTER_BOUND('',#484,.T.);
#275=FACE_OUTER_BOUND('',#485,.T.);
#276=FACE_OUTER_BOUND('',#486,.T.);
#277=FACE_OUTER_BOUND('',#487,.T.);
#278=FACE_OUTER_BOUND('',#488,.T.);
#279=FACE_OUTER_BOUND('',#489,.T.);
#280=FACE_OUTER_BOUND('',#490,.T.);
#281=FACE_OUTER_BOUND('',#491,.T.);
#282=FACE_OUTER_BOUND('',#492,.T.);
#283=FACE_OUTER_BOUND('',#493,.T.);
#284=FACE_OUTER_BOUND('',#494,.T.);
#285=FACE_OUTER_BOUND('',#495,.T.);
#286=FACE_OUTER_BOUND('',#496,.T.);
#287=FACE_OUTER_BOUND('',#497,.T.);
#288=FACE_OUTER_BOUND('',#498,.T.);
#289=FACE_OUTER_BOUND('',#499,.T.);
#290=FACE_OUTER_BOUND('',#500,.T.);
#291=FACE_OUTER_BOUND('',#501,.T.);
#292=FACE_OUTER_BOUND('',#502,.T.);
#293=FACE_OUTER_BOUND('',#503,.T.);
#294=FACE_OUTER_BOUND('',#504,.T.);
#295=FACE_OUTER_BOUND('',#505,.T.);
#296=FACE_OUTER_BOUND('',#506,.T.);
#297=FACE_OUTER_BOUND('',#507,.T.);
#298=FACE_OUTER_BOUND('',#508,.T.);
#299=FACE_OUTER_BOUND('',#509,.T.);
#300=FACE_OUTER_BOUND('',#510,.T.);
#301=FACE_OUTER_BOUND('',#511,.T.);
#302=FACE_OUTER_BOUND('',#512,.T.);
#303=FACE_OUTER_BOUND('',#513,.T.);
#304=FACE_OUTER_BOUND('',#515,.T.);
#305=FACE_OUTER_BOUND('',#516,.T.);
#306=FACE_OUTER_BOUND('',#517,.T.);
#307=FACE_OUTER_BOUND('',#519,.T.);
#308=FACE_OUTER_BOUND('',#520,.T.);
#309=FACE_OUTER_BOUND('',#521,.T.);
#310=FACE_OUTER_BOUND('',#523,.T.);
#311=FACE_OUTER_BOUND('',#524,.T.);
#312=FACE_OUTER_BOUND('',#525,.T.);
#313=FACE_OUTER_BOUND('',#527,.T.);
#314=FACE_OUTER_BOUND('',#528,.T.);
#315=FACE_OUTER_BOUND('',#529,.T.);
#316=FACE_OUTER_BOUND('',#531,.T.);
#317=FACE_OUTER_BOUND('',#532,.T.);
#318=FACE_OUTER_BOUND('',#533,.T.);
#319=FACE_OUTER_BOUND('',#535,.T.);
#320=FACE_OUTER_BOUND('',#536,.T.);
#321=FACE_OUTER_BOUND('',#537,.T.);
#322=FACE_OUTER_BOUND('',#539,.T.);
#323=FACE_OUTER_BOUND('',#540,.T.);
#324=FACE_OUTER_BOUND('',#541,.T.);
#325=FACE_OUTER_BOUND('',#542,.T.);
#326=FACE_OUTER_BOUND('',#543,.T.);
#327=FACE_OUTER_BOUND('',#544,.T.);
#328=FACE_OUTER_BOUND('',#545,.T.);
#329=FACE_OUTER_BOUND('',#546,.T.);
#330=FACE_OUTER_BOUND('',#547,.T.);
#331=FACE_OUTER_BOUND('',#548,.T.);
#332=FACE_OUTER_BOUND('',#549,.T.);
#333=FACE_OUTER_BOUND('',#550,.T.);
#334=FACE_OUTER_BOUND('',#552,.T.);
#335=FACE_OUTER_BOUND('',#553,.T.);
#336=FACE_OUTER_BOUND('',#554,.T.);
#337=FACE_OUTER_BOUND('',#555,.T.);
#338=FACE_OUTER_BOUND('',#557,.T.);
#339=FACE_OUTER_BOUND('',#558,.T.);
#340=FACE_OUTER_BOUND('',#559,.T.);
#341=FACE_OUTER_BOUND('',#560,.T.);
#342=FACE_OUTER_BOUND('',#561,.T.);
#343=FACE_OUTER_BOUND('',#563,.T.);
#344=FACE_OUTER_BOUND('',#564,.T.);
#345=FACE_OUTER_BOUND('',#565,.T.);
#346=FACE_OUTER_BOUND('',#567,.T.);
#347=FACE_OUTER_BOUND('',#568,.T.);
#348=FACE_OUTER_BOUND('',#569,.T.);
#349=FACE_OUTER_BOUND('',#570,.T.);
#350=FACE_OUTER_BOUND('',#571,.T.);
#351=FACE_OUTER_BOUND('',#572,.T.);
#352=FACE_OUTER_BOUND('',#573,.T.);
#353=FACE_OUTER_BOUND('',#574,.T.);
#354=FACE_OUTER_BOUND('',#575,.T.);
#355=FACE_OUTER_BOUND('',#577,.T.);
#356=FACE_OUTER_BOUND('',#578,.T.);
#357=FACE_OUTER_BOUND('',#579,.T.);
#358=FACE_OUTER_BOUND('',#580,.T.);
#359=FACE_OUTER_BOUND('',#581,.T.);
#360=FACE_OUTER_BOUND('',#582,.T.);
#361=FACE_OUTER_BOUND('',#584,.T.);
#362=FACE_OUTER_BOUND('',#585,.T.);
#363=FACE_OUTER_BOUND('',#586,.T.);
#364=FACE_OUTER_BOUND('',#587,.T.);
#365=FACE_OUTER_BOUND('',#588,.T.);
#366=FACE_OUTER_BOUND('',#589,.T.);
#367=FACE_OUTER_BOUND('',#590,.T.);
#368=FACE_OUTER_BOUND('',#591,.T.);
#369=FACE_OUTER_BOUND('',#592,.T.);
#370=FACE_OUTER_BOUND('',#593,.T.);
#371=FACE_OUTER_BOUND('',#594,.T.);
#372=FACE_OUTER_BOUND('',#595,.T.);
#373=EDGE_LOOP('',(#1974,#1975,#1976,#1977,#1978));
#374=EDGE_LOOP('',(#1979,#1980,#1981,#1982,#1983,#1984,#1985,#1986,#1987,
#1988,#1989,#1990));
#375=EDGE_LOOP('',(#1991,#1992,#1993,#1994,#1995,#1996,#1997,#1998,#1999,
#2000,#2001,#2002,#2003,#2004,#2005,#2006,#2007,#2008));
#376=EDGE_LOOP('',(#2009,#2010,#2011,#2012,#2013));
#377=EDGE_LOOP('',(#2014));
#378=EDGE_LOOP('',(#2015));
#379=EDGE_LOOP('',(#2016));
#380=EDGE_LOOP('',(#2017));
#381=EDGE_LOOP('',(#2018));
#382=EDGE_LOOP('',(#2019));
#383=EDGE_LOOP('',(#2020));
#384=EDGE_LOOP('',(#2021,#2022,#2023,#2024));
#385=EDGE_LOOP('',(#2025,#2026,#2027,#2028));
#386=EDGE_LOOP('',(#2029,#2030,#2031,#2032,#2033));
#387=EDGE_LOOP('',(#2034,#2035,#2036,#2037,#2038));
#388=EDGE_LOOP('',(#2039,#2040,#2041,#2042,#2043,#2044));
#389=EDGE_LOOP('',(#2045,#2046,#2047,#2048,#2049));
#390=EDGE_LOOP('',(#2050,#2051,#2052,#2053,#2054));
#391=EDGE_LOOP('',(#2055,#2056,#2057,#2058,#2059,#2060,#2061,#2062));
#392=EDGE_LOOP('',(#2063,#2064,#2065,#2066,#2067));
#393=EDGE_LOOP('',(#2068));
#394=EDGE_LOOP('',(#2069));
#395=EDGE_LOOP('',(#2070));
#396=EDGE_LOOP('',(#2071));
#397=EDGE_LOOP('',(#2072));
#398=EDGE_LOOP('',(#2073));
#399=EDGE_LOOP('',(#2074));
#400=EDGE_LOOP('',(#2075,#2076,#2077,#2078));
#401=EDGE_LOOP('',(#2079,#2080,#2081,#2082));
#402=EDGE_LOOP('',(#2083,#2084,#2085,#2086,#2087,#2088));
#403=EDGE_LOOP('',(#2089,#2090,#2091,#2092,#2093));
#404=EDGE_LOOP('',(#2094,#2095,#2096,#2097,#2098));
#405=EDGE_LOOP('',(#2099,#2100,#2101,#2102));
#406=EDGE_LOOP('',(#2103,#2104,#2105,#2106,#2107,#2108));
#407=EDGE_LOOP('',(#2109,#2110,#2111,#2112));
#408=EDGE_LOOP('',(#2113,#2114,#2115,#2116,#2117,#2118));
#409=EDGE_LOOP('',(#2119,#2120,#2121,#2122));
#410=EDGE_LOOP('',(#2123,#2124,#2125,#2126,#2127,#2128));
#411=EDGE_LOOP('',(#2129,#2130,#2131,#2132));
#412=EDGE_LOOP('',(#2133,#2134,#2135,#2136,#2137,#2138));
#413=EDGE_LOOP('',(#2139,#2140,#2141,#2142));
#414=EDGE_LOOP('',(#2143,#2144,#2145,#2146));
#415=EDGE_LOOP('',(#2147,#2148,#2149,#2150));
#416=EDGE_LOOP('',(#2151,#2152,#2153));
#417=EDGE_LOOP('',(#2154,#2155,#2156,#2157,#2158));
#418=EDGE_LOOP('',(#2159,#2160,#2161,#2162));
#419=EDGE_LOOP('',(#2163,#2164,#2165,#2166));
#420=EDGE_LOOP('',(#2167,#2168,#2169,#2170));
#421=EDGE_LOOP('',(#2171,#2172,#2173));
#422=EDGE_LOOP('',(#2174,#2175,#2176,#2177));
#423=EDGE_LOOP('',(#2178,#2179,#2180,#2181));
#424=EDGE_LOOP('',(#2182,#2183,#2184,#2185));
#425=EDGE_LOOP('',(#2186,#2187,#2188,#2189));
#426=EDGE_LOOP('',(#2190,#2191,#2192));
#427=EDGE_LOOP('',(#2193,#2194,#2195,#2196,#2197));
#428=EDGE_LOOP('',(#2198,#2199,#2200,#2201));
#429=EDGE_LOOP('',(#2202,#2203,#2204,#2205));
#430=EDGE_LOOP('',(#2206,#2207,#2208,#2209));
#431=EDGE_LOOP('',(#2210,#2211,#2212));
#432=EDGE_LOOP('',(#2213,#2214,#2215,#2216));
#433=EDGE_LOOP('',(#2217,#2218,#2219));
#434=EDGE_LOOP('',(#2220,#2221,#2222,#2223));
#435=EDGE_LOOP('',(#2224,#2225,#2226,#2227,#2228));
#436=EDGE_LOOP('',(#2229,#2230,#2231,#2232));
#437=EDGE_LOOP('',(#2233,#2234,#2235,#2236,#2237,#2238,#2239,#2240,#2241,
#2242,#2243,#2244,#2245,#2246));
#438=EDGE_LOOP('',(#2247));
#439=EDGE_LOOP('',(#2248));
#440=EDGE_LOOP('',(#2249));
#441=EDGE_LOOP('',(#2250));
#442=EDGE_LOOP('',(#2251));
#443=EDGE_LOOP('',(#2252));
#444=EDGE_LOOP('',(#2253));
#445=EDGE_LOOP('',(#2254,#2255,#2256));
#446=EDGE_LOOP('',(#2257,#2258,#2259));
#447=EDGE_LOOP('',(#2260,#2261,#2262,#2263,#2264));
#448=EDGE_LOOP('',(#2265,#2266,#2267,#2268));
#449=EDGE_LOOP('',(#2269,#2270,#2271,#2272));
#450=EDGE_LOOP('',(#2273,#2274,#2275));
#451=EDGE_LOOP('',(#2276,#2277,#2278));
#452=EDGE_LOOP('',(#2279,#2280,#2281));
#453=EDGE_LOOP('',(#2282,#2283,#2284,#2285));
#454=EDGE_LOOP('',(#2286,#2287,#2288,#2289,#2290));
#455=EDGE_LOOP('',(#2291,#2292,#2293,#2294));
#456=EDGE_LOOP('',(#2295,#2296,#2297,#2298,#2299,#2300));
#457=EDGE_LOOP('',(#2301));
#458=EDGE_LOOP('',(#2302,#2303,#2304));
#459=EDGE_LOOP('',(#2305,#2306,#2307,#2308,#2309,#2310,#2311,#2312,#2313,
#2314,#2315,#2316,#2317,#2318));
#460=EDGE_LOOP('',(#2319));
#461=EDGE_LOOP('',(#2320));
#462=EDGE_LOOP('',(#2321));
#463=EDGE_LOOP('',(#2322));
#464=EDGE_LOOP('',(#2323));
#465=EDGE_LOOP('',(#2324));
#466=EDGE_LOOP('',(#2325));
#467=EDGE_LOOP('',(#2326,#2327,#2328));
#468=EDGE_LOOP('',(#2329,#2330,#2331,#2332));
#469=EDGE_LOOP('',(#2333,#2334,#2335,#2336,#2337));
#470=EDGE_LOOP('',(#2338,#2339,#2340,#2341));
#471=EDGE_LOOP('',(#2342,#2343,#2344));
#472=EDGE_LOOP('',(#2345,#2346,#2347));
#473=EDGE_LOOP('',(#2348,#2349,#2350));
#474=EDGE_LOOP('',(#2351,#2352,#2353));
#475=EDGE_LOOP('',(#2354,#2355,#2356,#2357,#2358,#2359,#2360,#2361,#2362,
#2363,#2364,#2365,#2366,#2367));
#476=EDGE_LOOP('',(#2368,#2369,#2370));
#477=EDGE_LOOP('',(#2371,#2372,#2373));
#478=EDGE_LOOP('',(#2374,#2375,#2376));
#479=EDGE_LOOP('',(#2377,#2378,#2379));
#480=EDGE_LOOP('',(#2380,#2381,#2382,#2383,#2384,#2385,#2386,#2387,#2388,
#2389,#2390,#2391,#2392,#2393));
#481=EDGE_LOOP('',(#2394,#2395,#2396,#2397,#2398,#2399));
#482=EDGE_LOOP('',(#2400));
#483=EDGE_LOOP('',(#2401,#2402,#2403,#2404));
#484=EDGE_LOOP('',(#2405,#2406,#2407,#2408,#2409));
#485=EDGE_LOOP('',(#2410,#2411,#2412,#2413));
#486=EDGE_LOOP('',(#2414,#2415,#2416,#2417,#2418));
#487=EDGE_LOOP('',(#2419,#2420,#2421,#2422));
#488=EDGE_LOOP('',(#2423,#2424,#2425,#2426,#2427));
#489=EDGE_LOOP('',(#2428,#2429,#2430,#2431));
#490=EDGE_LOOP('',(#2432,#2433,#2434,#2435,#2436));
#491=EDGE_LOOP('',(#2437,#2438,#2439,#2440));
#492=EDGE_LOOP('',(#2441,#2442,#2443,#2444,#2445));
#493=EDGE_LOOP('',(#2446,#2447,#2448,#2449));
#494=EDGE_LOOP('',(#2450,#2451,#2452,#2453,#2454));
#495=EDGE_LOOP('',(#2455,#2456,#2457,#2458));
#496=EDGE_LOOP('',(#2459,#2460,#2461,#2462,#2463));
#497=EDGE_LOOP('',(#2464,#2465,#2466,#2467,#2468));
#498=EDGE_LOOP('',(#2469,#2470,#2471,#2472,#2473));
#499=EDGE_LOOP('',(#2474,#2475,#2476,#2477,#2478));
#500=EDGE_LOOP('',(#2479,#2480,#2481,#2482,#2483));
#501=EDGE_LOOP('',(#2484,#2485,#2486,#2487,#2488));
#502=EDGE_LOOP('',(#2489,#2490,#2491,#2492,#2493));
#503=EDGE_LOOP('',(#2494,#2495,#2496,#2497,#2498));
#504=EDGE_LOOP('',(#2499,#2500,#2501,#2502));
#505=EDGE_LOOP('',(#2503,#2504,#2505,#2506));
#506=EDGE_LOOP('',(#2507,#2508,#2509,#2510));
#507=EDGE_LOOP('',(#2511,#2512,#2513,#2514));
#508=EDGE_LOOP('',(#2515,#2516,#2517,#2518));
#509=EDGE_LOOP('',(#2519,#2520,#2521,#2522));
#510=EDGE_LOOP('',(#2523,#2524,#2525,#2526));
#511=EDGE_LOOP('',(#2527,#2528,#2529,#2530));
#512=EDGE_LOOP('',(#2531,#2532,#2533,#2534));
#513=EDGE_LOOP('',(#2535));
#514=EDGE_LOOP('',(#2536));
#515=EDGE_LOOP('',(#2537,#2538,#2539,#2540));
#516=EDGE_LOOP('',(#2541,#2542,#2543,#2544));
#517=EDGE_LOOP('',(#2545));
#518=EDGE_LOOP('',(#2546));
#519=EDGE_LOOP('',(#2547,#2548,#2549,#2550));
#520=EDGE_LOOP('',(#2551,#2552,#2553,#2554));
#521=EDGE_LOOP('',(#2555));
#522=EDGE_LOOP('',(#2556));
#523=EDGE_LOOP('',(#2557,#2558,#2559,#2560));
#524=EDGE_LOOP('',(#2561,#2562,#2563,#2564));
#525=EDGE_LOOP('',(#2565));
#526=EDGE_LOOP('',(#2566));
#527=EDGE_LOOP('',(#2567,#2568,#2569,#2570));
#528=EDGE_LOOP('',(#2571,#2572,#2573,#2574));
#529=EDGE_LOOP('',(#2575));
#530=EDGE_LOOP('',(#2576));
#531=EDGE_LOOP('',(#2577,#2578,#2579,#2580));
#532=EDGE_LOOP('',(#2581,#2582,#2583,#2584));
#533=EDGE_LOOP('',(#2585));
#534=EDGE_LOOP('',(#2586));
#535=EDGE_LOOP('',(#2587,#2588,#2589,#2590));
#536=EDGE_LOOP('',(#2591,#2592,#2593,#2594));
#537=EDGE_LOOP('',(#2595));
#538=EDGE_LOOP('',(#2596));
#539=EDGE_LOOP('',(#2597,#2598,#2599,#2600));
#540=EDGE_LOOP('',(#2601,#2602,#2603,#2604));
#541=EDGE_LOOP('',(#2605,#2606,#2607,#2608));
#542=EDGE_LOOP('',(#2609,#2610,#2611,#2612,#2613,#2614));
#543=EDGE_LOOP('',(#2615,#2616,#2617,#2618));
#544=EDGE_LOOP('',(#2619,#2620,#2621,#2622,#2623));
#545=EDGE_LOOP('',(#2624,#2625,#2626,#2627,#2628,#2629,#2630,#2631));
#546=EDGE_LOOP('',(#2632,#2633,#2634,#2635));
#547=EDGE_LOOP('',(#2636,#2637,#2638,#2639,#2640,#2641,#2642,#2643));
#548=EDGE_LOOP('',(#2644,#2645,#2646,#2647));
#549=EDGE_LOOP('',(#2648,#2649,#2650,#2651));
#550=EDGE_LOOP('',(#2652,#2653,#2654,#2655,#2656,#2657));
#551=EDGE_LOOP('',(#2658));
#552=EDGE_LOOP('',(#2659,#2660,#2661,#2662,#2663,#2664,#2665));
#553=EDGE_LOOP('',(#2666,#2667,#2668,#2669));
#554=EDGE_LOOP('',(#2670,#2671,#2672,#2673));
#555=EDGE_LOOP('',(#2674,#2675,#2676,#2677,#2678,#2679,#2680,#2681));
#556=EDGE_LOOP('',(#2682));
#557=EDGE_LOOP('',(#2683,#2684,#2685,#2686,#2687,#2688));
#558=EDGE_LOOP('',(#2689,#2690,#2691,#2692,#2693,#2694,#2695));
#559=EDGE_LOOP('',(#2696,#2697,#2698,#2699,#2700,#2701));
#560=EDGE_LOOP('',(#2702,#2703,#2704,#2705));
#561=EDGE_LOOP('',(#2706,#2707,#2708,#2709,#2710,#2711,#2712,#2713));
#562=EDGE_LOOP('',(#2714));
#563=EDGE_LOOP('',(#2715,#2716,#2717,#2718,#2719));
#564=EDGE_LOOP('',(#2720,#2721,#2722,#2723));
#565=EDGE_LOOP('',(#2724,#2725,#2726,#2727,#2728,#2729,#2730,#2731));
#566=EDGE_LOOP('',(#2732));
#567=EDGE_LOOP('',(#2733,#2734,#2735,#2736));
#568=EDGE_LOOP('',(#2737,#2738,#2739,#2740,#2741,#2742,#2743));
#569=EDGE_LOOP('',(#2744,#2745,#2746,#2747,#2748,#2749));
#570=EDGE_LOOP('',(#2750,#2751,#2752,#2753,#2754,#2755,#2756));
#571=EDGE_LOOP('',(#2757,#2758,#2759,#2760,#2761,#2762));
#572=EDGE_LOOP('',(#2763,#2764,#2765,#2766,#2767));
#573=EDGE_LOOP('',(#2768,#2769,#2770,#2771));
#574=EDGE_LOOP('',(#2772,#2773,#2774,#2775));
#575=EDGE_LOOP('',(#2776,#2777,#2778,#2779,#2780,#2781,#2782,#2783));
#576=EDGE_LOOP('',(#2784));
#577=EDGE_LOOP('',(#2785,#2786,#2787,#2788));
#578=EDGE_LOOP('',(#2789,#2790,#2791,#2792));
#579=EDGE_LOOP('',(#2793,#2794,#2795,#2796));
#580=EDGE_LOOP('',(#2797,#2798,#2799,#2800));
#581=EDGE_LOOP('',(#2801,#2802,#2803,#2804));
#582=EDGE_LOOP('',(#2805,#2806,#2807,#2808,#2809,#2810));
#583=EDGE_LOOP('',(#2811));
#584=EDGE_LOOP('',(#2812,#2813,#2814,#2815,#2816,#2817,#2818,#2819,#2820,
#2821,#2822,#2823,#2824,#2825,#2826,#2827));
#585=EDGE_LOOP('',(#2828,#2829,#2830,#2831));
#586=EDGE_LOOP('',(#2832,#2833,#2834,#2835,#2836,#2837));
#587=EDGE_LOOP('',(#2838,#2839,#2840,#2841));
#588=EDGE_LOOP('',(#2842,#2843,#2844,#2845,#2846,#2847));
#589=EDGE_LOOP('',(#2848,#2849,#2850,#2851));
#590=EDGE_LOOP('',(#2852,#2853,#2854,#2855,#2856,#2857));
#591=EDGE_LOOP('',(#2858,#2859,#2860,#2861,#2862,#2863));
#592=EDGE_LOOP('',(#2864,#2865,#2866,#2867));
#593=EDGE_LOOP('',(#2868,#2869,#2870,#2871));
#594=EDGE_LOOP('',(#2872,#2873,#2874,#2875,#2876,#2877,#2878,#2879));
#595=EDGE_LOOP('',(#2880,#2881,#2882,#2883));
#596=CIRCLE('',#3161,2.);
#597=CIRCLE('',#3163,9.20000000000002);
#598=CIRCLE('',#3164,7.18625032493966);
#599=CIRCLE('',#3166,2.);
#600=CIRCLE('',#3173,10.);
#601=CIRCLE('',#3176,10.);
#602=CIRCLE('',#3187,10.);
#603=CIRCLE('',#3206,4.);
#604=CIRCLE('',#3207,5.);
#605=CIRCLE('',#3209,5.);
#606=CIRCLE('',#3211,5.);
#607=CIRCLE('',#3213,5.);
#608=CIRCLE('',#3214,4.);
#609=CIRCLE('',#3217,5.);
#610=CIRCLE('',#3221,4.);
#611=CIRCLE('',#3222,5.);
#612=CIRCLE('',#3224,5.);
#613=CIRCLE('',#3226,5.);
#614=CIRCLE('',#3228,5.);
#615=CIRCLE('',#3229,4.);
#616=CIRCLE('',#3232,5.);
#617=CIRCLE('',#3235,1.);
#618=CIRCLE('',#3236,0.999999999999999);
#619=CIRCLE('',#3237,1.);
#620=CIRCLE('',#3242,10.);
#621=CIRCLE('',#3243,10.);
#622=CIRCLE('',#3244,2.2295);
#623=CIRCLE('',#3245,2.2295);
#624=CIRCLE('',#3246,2.2295);
#625=CIRCLE('',#3247,2.2295);
#626=CIRCLE('',#3248,2.2295);
#627=CIRCLE('',#3249,2.2295);
#628=CIRCLE('',#3250,2.2295);
#629=CIRCLE('',#3252,12.461);
#630=CIRCLE('',#3254,1.);
#631=CIRCLE('',#3255,1.);
#632=CIRCLE('',#3256,1.);
#633=CIRCLE('',#3261,12.461);
#634=CIRCLE('',#3263,12.461);
#635=CIRCLE('',#3265,1.);
#636=CIRCLE('',#3266,0.999999999999999);
#637=CIRCLE('',#3267,1.);
#638=CIRCLE('',#3272,5.);
#639=CIRCLE('',#3273,5.);
#640=CIRCLE('',#3274,2.4);
#641=CIRCLE('',#3276,12.461);
#642=CIRCLE('',#3278,10.);
#643=CIRCLE('',#3279,3.15);
#644=CIRCLE('',#3280,3.15);
#645=CIRCLE('',#3281,3.15);
#646=CIRCLE('',#3282,3.15);
#647=CIRCLE('',#3283,3.15);
#648=CIRCLE('',#3284,3.15);
#649=CIRCLE('',#3285,3.15);
#650=CIRCLE('',#3287,1.);
#651=CIRCLE('',#3288,1.);
#652=CIRCLE('',#3289,1.);
#653=CIRCLE('',#3294,12.461);
#654=CIRCLE('',#3296,12.461);
#655=CIRCLE('',#3298,5.);
#656=CIRCLE('',#3300,5.);
#657=CIRCLE('',#3302,12.461);
#658=CIRCLE('',#3305,5.);
#659=CIRCLE('',#3307,5.);
#660=CIRCLE('',#3309,12.461);
#661=CIRCLE('',#3312,5.);
#662=CIRCLE('',#3313,5.);
#663=CIRCLE('',#3314,2.4);
#664=CIRCLE('',#3316,1.2295);
#665=CIRCLE('',#3319,1.2295);
#666=CIRCLE('',#3322,1.2295);
#667=CIRCLE('',#3325,1.2295);
#668=CIRCLE('',#3328,1.2295);
#669=CIRCLE('',#3331,1.2295);
#670=CIRCLE('',#3334,1.2295);
#671=CIRCLE('',#3337,1.2295);
#672=CIRCLE('',#3339,1.2295);
#673=CIRCLE('',#3341,1.2295);
#674=CIRCLE('',#3343,1.2295);
#675=CIRCLE('',#3345,1.2295);
#676=CIRCLE('',#3347,1.2295);
#677=CIRCLE('',#3349,1.2295);
#678=CIRCLE('',#3351,1.8);
#679=CIRCLE('',#3353,1.8);
#680=CIRCLE('',#3356,1.8);
#681=CIRCLE('',#3358,1.8);
#682=CIRCLE('',#3361,1.8);
#683=CIRCLE('',#3363,1.8);
#684=CIRCLE('',#3366,1.8);
#685=CIRCLE('',#3368,1.8);
#686=CIRCLE('',#3371,1.8);
#687=CIRCLE('',#3373,1.8);
#688=CIRCLE('',#3376,1.8);
#689=CIRCLE('',#3378,1.8);
#690=CIRCLE('',#3381,1.8);
#691=CIRCLE('',#3383,1.8);
#692=CIRCLE('',#3394,5.);
#693=CIRCLE('',#3395,5.);
#694=CIRCLE('',#3396,2.4);
#695=CIRCLE('',#3398,5.);
#696=CIRCLE('',#3401,5.);
#697=CIRCLE('',#3403,5.);
#698=CIRCLE('',#3404,6.25);
#699=CIRCLE('',#3405,5.);
#700=CIRCLE('',#3406,2.4);
#701=CIRCLE('',#3408,5.);
#702=CIRCLE('',#3410,5.);
#703=CIRCLE('',#3412,5.);
#704=CIRCLE('',#3413,5.);
#705=CIRCLE('',#3415,5.);
#706=CIRCLE('',#3417,5.);
#707=CIRCLE('',#3418,5.);
#708=CIRCLE('',#3419,6.25);
#709=CIRCLE('',#3420,2.4);
#710=CIRCLE('',#3423,5.);
#711=CIRCLE('',#3424,5.);
#712=CIRCLE('',#3426,5.);
#713=CIRCLE('',#3427,5.);
#714=CIRCLE('',#3428,6.25);
#715=CIRCLE('',#3429,5.);
#716=CIRCLE('',#3430,2.4);
#717=CIRCLE('',#3433,5.);
#718=CIRCLE('',#3435,5.);
#719=CIRCLE('',#3437,5.);
#720=CIRCLE('',#3439,5.);
#721=CIRCLE('',#3440,5.);
#722=CIRCLE('',#3442,5.);
#723=CIRCLE('',#3444,5.);
#724=CIRCLE('',#3447,5.);
#725=CIRCLE('',#3448,6.25);
#726=CIRCLE('',#3449,2.4);
#727=CIRCLE('',#3453,2.4);
#728=CIRCLE('',#3458,6.25);
#729=CIRCLE('',#3459,5.);
#730=CIRCLE('',#3460,6.25);
#731=CIRCLE('',#3461,5.);
#732=CIRCLE('',#3462,6.25);
#733=CIRCLE('',#3463,5.);
#734=CIRCLE('',#3464,6.25);
#735=CIRCLE('',#3465,5.);
#736=LINE('',#4331,#945);
#737=LINE('',#4339,#946);
#738=LINE('',#4455,#947);
#739=LINE('',#4457,#948);
#740=LINE('',#4459,#949);
#741=LINE('',#4461,#950);
#742=LINE('',#4472,#951);
#743=LINE('',#4474,#952);
#744=LINE('',#4476,#953);
#745=LINE('',#4487,#954);
#746=LINE('',#4489,#955);
#747=LINE('',#4491,#956);
#748=LINE('',#4493,#957);
#749=LINE('',#4499,#958);
#750=LINE('',#4788,#959);
#751=LINE('',#4794,#960);
#752=LINE('',#4824,#961);
#753=LINE('',#4825,#962);
#754=LINE('',#4846,#963);
#755=LINE('',#4850,#964);
#756=LINE('',#4863,#965);
#757=LINE('',#5008,#966);
#758=LINE('',#5064,#967);
#759=LINE('',#5067,#968);
#760=LINE('',#5070,#969);
#761=LINE('',#5072,#970);
#762=LINE('',#5074,#971);
#763=LINE('',#5076,#972);
#764=LINE('',#5077,#973);
#765=LINE('',#5083,#974);
#766=LINE('',#5086,#975);
#767=LINE('',#5089,#976);
#768=LINE('',#5091,#977);
#769=LINE('',#5093,#978);
#770=LINE('',#5095,#979);
#771=LINE('',#5096,#980);
#772=LINE('',#5102,#981);
#773=LINE('',#5105,#982);
#774=LINE('',#5108,#983);
#775=LINE('',#5110,#984);
#776=LINE('',#5112,#985);
#777=LINE('',#5114,#986);
#778=LINE('',#5115,#987);
#779=LINE('',#5121,#988);
#780=LINE('',#5124,#989);
#781=LINE('',#5127,#990);
#782=LINE('',#5129,#991);
#783=LINE('',#5131,#992);
#784=LINE('',#5133,#993);
#785=LINE('',#5134,#994);
#786=LINE('',#5137,#995);
#787=LINE('',#5138,#996);
#788=LINE('',#5141,#997);
#789=LINE('',#5165,#998);
#790=LINE('',#5171,#999);
#791=LINE('',#5174,#1000);
#792=LINE('',#5177,#1001);
#793=LINE('',#5180,#1002);
#794=LINE('',#5198,#1003);
#795=LINE('',#5206,#1004);
#796=LINE('',#5209,#1005);
#797=LINE('',#5210,#1006);
#798=LINE('',#5214,#1007);
#799=LINE('',#5243,#1008);
#800=LINE('',#5253,#1009);
#801=LINE('',#5257,#1010);
#802=LINE('',#5260,#1011);
#803=LINE('',#5263,#1012);
#804=LINE('',#5286,#1013);
#805=LINE('',#5299,#1014);
#806=LINE('',#5300,#1015);
#807=LINE('',#5309,#1016);
#808=LINE('',#5310,#1017);
#809=LINE('',#5322,#1018);
#810=LINE('',#5324,#1019);
#811=LINE('',#5338,#1020);
#812=LINE('',#5339,#1021);
#813=LINE('',#5342,#1022);
#814=LINE('',#5344,#1023);
#815=LINE('',#5345,#1024);
#816=LINE('',#5346,#1025);
#817=LINE('',#5350,#1026);
#818=LINE('',#5353,#1027);
#819=LINE('',#5383,#1028);
#820=LINE('',#5385,#1029);
#821=LINE('',#5393,#1030);
#822=LINE('',#5402,#1031);
#823=LINE('',#5408,#1032);
#824=LINE('',#5411,#1033);
#825=LINE('',#5420,#1034);
#826=LINE('',#5421,#1035);
#827=LINE('',#5431,#1036);
#828=LINE('',#5433,#1037);
#829=LINE('',#5447,#1038);
#830=LINE('',#5448,#1039);
#831=LINE('',#5453,#1040);
#832=LINE('',#5461,#1041);
#833=LINE('',#5462,#1042);
#834=LINE('',#5464,#1043);
#835=LINE('',#5467,#1044);
#836=LINE('',#5469,#1045);
#837=LINE('',#5470,#1046);
#838=LINE('',#5499,#1047);
#839=LINE('',#5507,#1048);
#840=LINE('',#5509,#1049);
#841=LINE('',#5517,#1050);
#842=LINE('',#5521,#1051);
#843=LINE('',#5524,#1052);
#844=LINE('',#5532,#1053);
#845=LINE('',#5533,#1054);
#846=LINE('',#5537,#1055);
#847=LINE('',#5541,#1056);
#848=LINE('',#5555,#1057);
#849=LINE('',#5559,#1058);
#850=LINE('',#5565,#1059);
#851=LINE('',#5566,#1060);
#852=LINE('',#5569,#1061);
#853=LINE('',#5578,#1062);
#854=LINE('',#5589,#1063);
#855=LINE('',#5595,#1064);
#856=LINE('',#5616,#1065);
#857=LINE('',#5619,#1066);
#858=LINE('',#5640,#1067);
#859=LINE('',#5643,#1068);
#860=LINE('',#5664,#1069);
#861=LINE('',#5667,#1070);
#862=LINE('',#5688,#1071);
#863=LINE('',#5691,#1072);
#864=LINE('',#5712,#1073);
#865=LINE('',#5715,#1074);
#866=LINE('',#5736,#1075);
#867=LINE('',#5739,#1076);
#868=LINE('',#5760,#1077);
#869=LINE('',#5809,#1078);
#870=LINE('',#5858,#1079);
#871=LINE('',#5907,#1080);
#872=LINE('',#5956,#1081);
#873=LINE('',#6005,#1082);
#874=LINE('',#6054,#1083);
#875=LINE('',#6103,#1084);
#876=LINE('',#6107,#1085);
#877=LINE('',#6111,#1086);
#878=LINE('',#6115,#1087);
#879=LINE('',#6119,#1088);
#880=LINE('',#6123,#1089);
#881=LINE('',#6127,#1090);
#882=LINE('',#6131,#1091);
#883=LINE('',#6134,#1092);
#884=LINE('',#6138,#1093);
#885=LINE('',#6143,#1094);
#886=LINE('',#6147,#1095);
#887=LINE('',#6152,#1096);
#888=LINE('',#6156,#1097);
#889=LINE('',#6161,#1098);
#890=LINE('',#6165,#1099);
#891=LINE('',#6170,#1100);
#892=LINE('',#6174,#1101);
#893=LINE('',#6179,#1102);
#894=LINE('',#6183,#1103);
#895=LINE('',#6188,#1104);
#896=LINE('',#6192,#1105);
#897=LINE('',#6196,#1106);
#898=LINE('',#6198,#1107);
#899=LINE('',#6199,#1108);
#900=LINE('',#6265,#1109);
#901=LINE('',#6294,#1110);
#902=LINE('',#6295,#1111);
#903=LINE('',#6296,#1112);
#904=LINE('',#6305,#1113);
#905=LINE('',#6313,#1114);
#906=LINE('',#6314,#1115);
#907=LINE('',#6317,#1116);
#908=LINE('',#6318,#1117);
#909=LINE('',#6331,#1118);
#910=LINE('',#6337,#1119);
#911=LINE('',#6338,#1120);
#912=LINE('',#6343,#1121);
#913=LINE('',#6346,#1122);
#914=LINE('',#6350,#1123);
#915=LINE('',#6357,#1124);
#916=LINE('',#6361,#1125);
#917=LINE('',#6366,#1126);
#918=LINE('',#6370,#1127);
#919=LINE('',#6382,#1128);
#920=LINE('',#6383,#1129);
#921=LINE('',#6386,#1130);
#922=LINE('',#6389,#1131);
#923=LINE('',#6392,#1132);
#924=LINE('',#6397,#1133);
#925=LINE('',#6398,#1134);
#926=LINE('',#6403,#1135);
#927=LINE('',#6406,#1136);
#928=LINE('',#6409,#1137);
#929=LINE('',#6414,#1138);
#930=LINE('',#6416,#1139);
#931=LINE('',#6424,#1140);
#932=LINE('',#6426,#1141);
#933=LINE('',#6430,#1142);
#934=LINE('',#6432,#1143);
#935=LINE('',#6440,#1144);
#936=LINE('',#6448,#1145);
#937=LINE('',#6453,#1146);
#938=LINE('',#6455,#1147);
#939=LINE('',#6457,#1148);
#940=LINE('',#6459,#1149);
#941=LINE('',#6462,#1150);
#942=LINE('',#6464,#1151);
#943=LINE('',#6466,#1152);
#944=LINE('',#6467,#1153);
#945=VECTOR('',#3481,10.);
#946=VECTOR('',#3484,10.);
#947=VECTOR('',#3493,10.);
#948=VECTOR('',#3494,10.);
#949=VECTOR('',#3495,10.);
#950=VECTOR('',#3496,10.);
#951=VECTOR('',#3497,10.);
#952=VECTOR('',#3498,10.);
#953=VECTOR('',#3499,10.);
#954=VECTOR('',#3500,10.);
#955=VECTOR('',#3501,10.);
#956=VECTOR('',#3502,10.);
#957=VECTOR('',#3503,10.);
#958=VECTOR('',#3510,10.);
#959=VECTOR('',#3513,10.);
#960=VECTOR('',#3514,10.);
#961=VECTOR('',#3519,10.);
#962=VECTOR('',#3520,10.);
#963=VECTOR('',#3529,10.);
#964=VECTOR('',#3532,10.);
#965=VECTOR('',#3537,10.);
#966=VECTOR('',#3552,10.);
#967=VECTOR('',#3561,10.);
#968=VECTOR('',#3564,10.);
#969=VECTOR('',#3567,10.);
#970=VECTOR('',#3568,10.);
#971=VECTOR('',#3569,10.);
#972=VECTOR('',#3570,10.);
#973=VECTOR('',#3571,10.);
#974=VECTOR('',#3576,10.);
#975=VECTOR('',#3579,10.);
#976=VECTOR('',#3582,10.);
#977=VECTOR('',#3583,10.);
#978=VECTOR('',#3584,10.);
#979=VECTOR('',#3585,10.);
#980=VECTOR('',#3586,10.);
#981=VECTOR('',#3591,10.);
#982=VECTOR('',#3594,10.);
#983=VECTOR('',#3597,10.);
#984=VECTOR('',#3598,10.);
#985=VECTOR('',#3599,10.);
#986=VECTOR('',#3600,10.);
#987=VECTOR('',#3601,10.);
#988=VECTOR('',#3606,10.);
#989=VECTOR('',#3609,10.);
#990=VECTOR('',#3612,10.);
#991=VECTOR('',#3613,10.);
#992=VECTOR('',#3614,10.);
#993=VECTOR('',#3615,10.);
#994=VECTOR('',#3616,10.);
#995=VECTOR('',#3619,10.);
#996=VECTOR('',#3620,10.);
#997=VECTOR('',#3623,10.);
#998=VECTOR('',#3628,10.);
#999=VECTOR('',#3637,10.);
#1000=VECTOR('',#3640,10.);
#1001=VECTOR('',#3643,10.);
#1002=VECTOR('',#3648,10.);
#1003=VECTOR('',#3649,10.);
#1004=VECTOR('',#3656,10.);
#1005=VECTOR('',#3659,10.);
#1006=VECTOR('',#3660,10.);
#1007=VECTOR('',#3663,10.);
#1008=VECTOR('',#3668,10.);
#1009=VECTOR('',#3677,10.);
#1010=VECTOR('',#3680,10.);
#1011=VECTOR('',#3683,10.);
#1012=VECTOR('',#3688,10.);
#1013=VECTOR('',#3689,10.);
#1014=VECTOR('',#3696,10.);
#1015=VECTOR('',#3697,10.);
#1016=VECTOR('',#3708,10.);
#1017=VECTOR('',#3709,10.);
#1018=VECTOR('',#3712,10.);
#1019=VECTOR('',#3713,10.);
#1020=VECTOR('',#3716,10.);
#1021=VECTOR('',#3717,10.);
#1022=VECTOR('',#3720,10.);
#1023=VECTOR('',#3721,10.);
#1024=VECTOR('',#3722,10.);
#1025=VECTOR('',#3723,10.);
#1026=VECTOR('',#3726,10.);
#1027=VECTOR('',#3729,10.);
#1028=VECTOR('',#3758,10.);
#1029=VECTOR('',#3759,10.);
#1030=VECTOR('',#3762,10.);
#1031=VECTOR('',#3765,10.);
#1032=VECTOR('',#3772,10.);
#1033=VECTOR('',#3775,10.);
#1034=VECTOR('',#3786,10.);
#1035=VECTOR('',#3787,10.);
#1036=VECTOR('',#3790,10.);
#1037=VECTOR('',#3791,10.);
#1038=VECTOR('',#3794,10.);
#1039=VECTOR('',#3795,10.);
#1040=VECTOR('',#3800,10.);
#1041=VECTOR('',#3811,10.);
#1042=VECTOR('',#3812,10.);
#1043=VECTOR('',#3813,10.);
#1044=VECTOR('',#3816,10.);
#1045=VECTOR('',#3817,10.);
#1046=VECTOR('',#3818,10.);
#1047=VECTOR('',#3843,10.);
#1048=VECTOR('',#3846,10.);
#1049=VECTOR('',#3847,10.);
#1050=VECTOR('',#3850,10.);
#1051=VECTOR('',#3853,10.);
#1052=VECTOR('',#3856,10.);
#1053=VECTOR('',#3865,10.);
#1054=VECTOR('',#3866,10.);
#1055=VECTOR('',#3871,10.);
#1056=VECTOR('',#3876,10.);
#1057=VECTOR('',#3879,10.);
#1058=VECTOR('',#3884,10.);
#1059=VECTOR('',#3889,10.);
#1060=VECTOR('',#3890,10.);
#1061=VECTOR('',#3893,10.);
#1062=VECTOR('',#3898,10.);
#1063=VECTOR('',#3903,10.);
#1064=VECTOR('',#3910,1.7295);
#1065=VECTOR('',#3915,1.2295);
#1066=VECTOR('',#3918,1.7295);
#1067=VECTOR('',#3923,1.2295);
#1068=VECTOR('',#3926,1.7295);
#1069=VECTOR('',#3931,1.2295);
#1070=VECTOR('',#3934,1.7295);
#1071=VECTOR('',#3939,1.2295);
#1072=VECTOR('',#3942,1.7295);
#1073=VECTOR('',#3947,1.2295);
#1074=VECTOR('',#3950,1.7295);
#1075=VECTOR('',#3955,1.2295);
#1076=VECTOR('',#3958,1.7295);
#1077=VECTOR('',#3963,1.2295);
#1078=VECTOR('',#3964,10.);
#1079=VECTOR('',#3965,10.);
#1080=VECTOR('',#3966,10.);
#1081=VECTOR('',#3967,10.);
#1082=VECTOR('',#3968,10.);
#1083=VECTOR('',#3969,10.);
#1084=VECTOR('',#3970,10.);
#1085=VECTOR('',#3975,1.2295);
#1086=VECTOR('',#3980,1.2295);
#1087=VECTOR('',#3985,1.2295);
#1088=VECTOR('',#3990,1.2295);
#1089=VECTOR('',#3995,1.2295);
#1090=VECTOR('',#4000,1.2295);
#1091=VECTOR('',#4005,1.2295);
#1092=VECTOR('',#4008,2.475);
#1093=VECTOR('',#4013,1.8);
#1094=VECTOR('',#4020,2.475);
#1095=VECTOR('',#4025,1.8);
#1096=VECTOR('',#4032,2.475);
#1097=VECTOR('',#4037,1.8);
#1098=VECTOR('',#4044,2.475);
#1099=VECTOR('',#4049,1.8);
#1100=VECTOR('',#4056,2.475);
#1101=VECTOR('',#4061,1.8);
#1102=VECTOR('',#4068,2.475);
#1103=VECTOR('',#4073,1.8);
#1104=VECTOR('',#4080,2.475);
#1105=VECTOR('',#4085,1.8);
#1106=VECTOR('',#4092,10.);
#1107=VECTOR('',#4095,10.);
#1108=VECTOR('',#4096,10.);
#1109=VECTOR('',#4099,10.);
#1110=VECTOR('',#4102,10.);
#1111=VECTOR('',#4103,10.);
#1112=VECTOR('',#4104,10.);
#1113=VECTOR('',#4117,10.);
#1114=VECTOR('',#4126,10.);
#1115=VECTOR('',#4127,10.);
#1116=VECTOR('',#4130,10.);
#1117=VECTOR('',#4131,10.);
#1118=VECTOR('',#4148,10.);
#1119=VECTOR('',#4155,10.);
#1120=VECTOR('',#4156,10.);
#1121=VECTOR('',#4161,10.);
#1122=VECTOR('',#4164,10.);
#1123=VECTOR('',#4169,10.);
#1124=VECTOR('',#4178,10.);
#1125=VECTOR('',#4183,10.);
#1126=VECTOR('',#4188,10.);
#1127=VECTOR('',#4193,10.);
#1128=VECTOR('',#4206,10.);
#1129=VECTOR('',#4207,10.);
#1130=VECTOR('',#4212,10.);
#1131=VECTOR('',#4215,10.);
#1132=VECTOR('',#4218,10.);
#1133=VECTOR('',#4223,10.);
#1134=VECTOR('',#4224,10.);
#1135=VECTOR('',#4229,10.);
#1136=VECTOR('',#4232,10.);
#1137=VECTOR('',#4235,10.);
#1138=VECTOR('',#4242,10.);
#1139=VECTOR('',#4245,10.);
#1140=VECTOR('',#4256,2.4);
#1141=VECTOR('',#4259,2.4);
#1142=VECTOR('',#4264,2.4);
#1143=VECTOR('',#4267,2.4);
#1144=VECTOR('',#4278,10.);
#1145=VECTOR('',#4287,10.);
#1146=VECTOR('',#4292,10.);
#1147=VECTOR('',#4295,10.);
#1148=VECTOR('',#4298,10.);
#1149=VECTOR('',#4301,10.);
#1150=VECTOR('',#4306,10.);
#1151=VECTOR('',#4309,10.);
#1152=VECTOR('',#4312,10.);
#1153=VECTOR('',#4313,10.);
#1154=B_SPLINE_CURVE_WITH_KNOTS('',3,(#4326,#4327,#4328,#4329),
 .UNSPECIFIED.,.F.,.F.,(4,4),(0.914067487259024,0.948525903539468),
 .UNSPECIFIED.);
#1155=B_SPLINE_CURVE_WITH_KNOTS('',3,(#4335,#4336,#4337,#4338),
 .UNSPECIFIED.,.F.,.F.,(4,4),(0.89024021100121,0.912462001276747),
 .UNSPECIFIED.);
#1156=B_SPLINE_CURVE_WITH_KNOTS('',3,(#4344,#4345,#4346,#4347),
 .UNSPECIFIED.,.F.,.F.,(4,4),(1.37831414416426,1.4005359344398),
 .UNSPECIFIED.);
#1157=B_SPLINE_CURVE_WITH_KNOTS('',3,(#4353,#4354,#4355,#4356,#4357,#4358,
#4359,#4360,#4361,#4362,#4363,#4364,#4365,#4366,#4367,#4368,#4369,#4370,
#4371),.UNSPECIFIED.,.F.,.F.,(4,3,3,3,3,3,4),(0.,0.0210043908097256,0.0429620713067708,
0.0649197518038159,0.0902481984847041,0.116707836772019,0.135853237982451),
 .UNSPECIFIED.);
#1158=B_SPLINE_CURVE_WITH_KNOTS('',3,(#4373,#4374,#4375,#4376,#4377,#4378,
#4379),.UNSPECIFIED.,.F.,.F.,(4,3,4),(0.0491571384962864,0.0960882406933679,
0.131728033938022),.UNSPECIFIED.);
#1159=B_SPLINE_CURVE_WITH_KNOTS('',3,(#4381,#4382,#4383,#4384,#4385,#4386,
#4387,#4388,#4389,#4390,#4391,#4392,#4393,#4394,#4395,#4396,#4397,#4398,
#4399),.UNSPECIFIED.,.F.,.F.,(4,3,3,3,3,3,4),(0.,0.0130913755370167,0.0325720140088004,
0.041848683679393,0.0607509250679427,0.0803540555845513,0.0860552884836445),
 .UNSPECIFIED.);
#1160=B_SPLINE_CURVE_WITH_KNOTS('',3,(#4403,#4404,#4405,#4406,#4407,#4408,
#4409,#4410,#4411,#4412,#4413,#4414,#4415,#4416,#4417,#4418,#4419,#4420,
#4421),.UNSPECIFIED.,.F.,.F.,(4,3,3,3,3,3,4),(0.,0.019676229687985,0.0386344104593525,
0.0442421777749337,0.0637388621115757,0.0730240174191737,0.0861261771738423),
 .UNSPECIFIED.);
#1161=B_SPLINE_CURVE_WITH_KNOTS('',3,(#4423,#4424,#4425,#4426,#4427,#4428,
#4429),.UNSPECIFIED.,.F.,.F.,(4,3,4),(0.0636906145269112,0.0992802754507842,
0.146194719334121),.UNSPECIFIED.);
#1162=B_SPLINE_CURVE_WITH_KNOTS('',3,(#4431,#4432,#4433,#4434,#4435,#4436,
#4437,#4438,#4439,#4440,#4441,#4442,#4443,#4444,#4445,#4446,#4447,#4448,
#4449),.UNSPECIFIED.,.F.,.F.,(4,3,3,3,3,3,4),(0.,0.0267758149058608,0.0523736022376274,
0.0712304523863715,0.0932316725922777,0.114839490576562,0.136447308560847),
 .UNSPECIFIED.);
#1163=B_SPLINE_CURVE_WITH_KNOTS('',3,(#4463,#4464,#4465,#4466),
 .UNSPECIFIED.,.F.,.F.,(4,4),(0.141601255137596,0.214803026538477),
 .UNSPECIFIED.);
#1164=B_SPLINE_CURVE_WITH_KNOTS('',3,(#4482,#4483,#4484,#4485),
 .UNSPECIFIED.,.F.,.F.,(4,4),(0.,0.0739274331866109),.UNSPECIFIED.);
#1165=B_SPLINE_CURVE_WITH_KNOTS('',3,(#4502,#4503,#4504,#4505,#4506,#4507,
#4508,#4509,#4510,#4511,#4512,#4513),.UNSPECIFIED.,.T.,.F.,(4,1,1,1,1,1,
1,1,1,4),(-3.14159265358979,-2.69279370307697,-2.24399475256414,-1.34639685153848,
-0.448798950512828,0.448798950512828,1.34639685153848,2.24399475256414,
2.69279370307697,3.14159265358979),.UNSPECIFIED.);
#1166=B_SPLINE_CURVE_WITH_KNOTS('',3,(#4515,#4516,#4517,#4518,#4519,#4520,
#4521,#4522,#4523,#4524,#4525,#4526),.UNSPECIFIED.,.T.,.F.,(4,1,1,1,1,1,
1,1,1,4),(-3.14159265358979,-2.69279370307697,-2.24399475256414,-1.34639685153848,
-0.448798950512828,0.448798950512828,1.34639685153848,2.24399475256414,
2.69279370307697,3.14159265358979),.UNSPECIFIED.);
#1167=B_SPLINE_CURVE_WITH_KNOTS('',3,(#4528,#4529,#4530,#4531,#4532,#4533,
#4534,#4535,#4536,#4537,#4538,#4539),.UNSPECIFIED.,.T.,.F.,(4,1,1,1,1,1,
1,1,1,4),(-3.14159265358979,-2.69279370307697,-2.24399475256414,-1.34639685153848,
-0.448798950512828,0.448798950512828,1.34639685153848,2.24399475256414,
2.69279370307697,3.14159265358979),.UNSPECIFIED.);
#1168=B_SPLINE_CURVE_WITH_KNOTS('',3,(#4541,#4542,#4543,#4544,#4545,#4546,
#4547,#4548,#4549,#4550,#4551,#4552),.UNSPECIFIED.,.T.,.F.,(4,1,1,1,1,1,
1,1,1,4),(-3.14159265358979,-2.69279370307697,-2.24399475256414,-1.34639685153848,
-0.448798950512828,0.448798950512828,1.34639685153848,2.24399475256414,
2.69279370307697,3.14159265358979),.UNSPECIFIED.);
#1169=B_SPLINE_CURVE_WITH_KNOTS('',3,(#4554,#4555,#4556,#4557,#4558,#4559,
#4560,#4561,#4562,#4563,#4564,#4565),.UNSPECIFIED.,.T.,.F.,(4,1,1,1,1,1,
1,1,1,4),(-3.14159265358979,-2.69279370307697,-2.24399475256414,-1.34639685153848,
-0.448798950512828,0.448798950512828,1.34639685153848,2.24399475256414,
2.69279370307697,3.14159265358979),.UNSPECIFIED.);
#1170=B_SPLINE_CURVE_WITH_KNOTS('',3,(#4567,#4568,#4569,#4570,#4571,#4572,
#4573,#4574,#4575,#4576,#4577,#4578),.UNSPECIFIED.,.T.,.F.,(4,1,1,1,1,1,
1,1,1,4),(-3.14159265358979,-2.69279370307697,-2.24399475256414,-1.34639685153848,
-0.448798950512828,0.448798950512828,1.34639685153848,2.24399475256414,
2.69279370307697,3.14159265358979),.UNSPECIFIED.);
#1171=B_SPLINE_CURVE_WITH_KNOTS('',3,(#4580,#4581,#4582,#4583,#4584,#4585,
#4586,#4587,#4588,#4589,#4590,#4591),.UNSPECIFIED.,.T.,.F.,(4,1,1,1,1,1,
1,1,1,4),(-3.14159265358979,-2.69279370307697,-2.24399475256414,-1.34639685153848,
-0.448798950512828,0.448798950512828,1.34639685153848,2.24399475256414,
2.69279370307697,3.14159265358979),.UNSPECIFIED.);
#1172=B_SPLINE_CURVE_WITH_KNOTS('',3,(#4625,#4626,#4627,#4628,#4629,#4630,
#4631,#4632),.UNSPECIFIED.,.F.,.F.,(4,2,2,4),(-7.10012698903849,-7.04003879595036,
-0.130869358381479,-0.0471711103931122),.UNSPECIFIED.);
#1173=B_SPLINE_CURVE_WITH_KNOTS('',3,(#4634,#4635,#4636,#4637,#4638,#4639,
#4640,#4641,#4642,#4643,#4644,#4645,#4646,#4647,#4648,#4649,#4650,#4651,
#4652),.UNSPECIFIED.,.F.,.F.,(4,3,3,3,3,3,4),(0.,0.024259329668231,0.049336428136472,
0.0729705084039755,0.102355428329233,0.133072136042248,0.152443177281235),
 .UNSPECIFIED.);
#1174=B_SPLINE_CURVE_WITH_KNOTS('',3,(#4653,#4654,#4655,#4656,#4657,#4658,
#4659,#4660),.UNSPECIFIED.,.F.,.F.,(4,2,2,4),(-0.0661161962619045,0.130869358381479,
7.04003879595036,7.18444276704403),.UNSPECIFIED.);
#1175=B_SPLINE_CURVE_WITH_KNOTS('',3,(#4702,#4703,#4704,#4705,#4706,#4707,
#4708,#4709),.UNSPECIFIED.,.F.,.F.,(4,2,2,4),(-7.01307382081246,-7.00189560201704,
-0.092719312674031,-0.0718008454930255),.UNSPECIFIED.);
#1176=B_SPLINE_CURVE_WITH_KNOTS('',3,(#4710,#4711,#4712,#4713,#4714,#4715,
#4716),.UNSPECIFIED.,.F.,.F.,(4,3,4),(-0.200138890605259,-0.117137748359943,
-0.0784864627379414),.UNSPECIFIED.);
#1177=B_SPLINE_CURVE_WITH_KNOTS('',3,(#4750,#4751,#4752,#4753),
 .UNSPECIFIED.,.F.,.F.,(4,4),(0.,0.0616766344162835),.UNSPECIFIED.);
#1178=B_SPLINE_CURVE_WITH_KNOTS('',3,(#4755,#4756,#4757,#4758),
 .UNSPECIFIED.,.F.,.F.,(4,4),(0.0933320411230996,6.95826775555349),
 .UNSPECIFIED.);
#1179=B_SPLINE_CURVE_WITH_KNOTS('',3,(#4759,#4760,#4761,#4762,#4763,#4764,
#4765),.UNSPECIFIED.,.F.,.F.,(4,3,4),(0.,0.0172658038569904,0.0329383102420125),
 .UNSPECIFIED.);
#1180=B_SPLINE_CURVE_WITH_KNOTS('',3,(#4783,#4784,#4785,#4786),
 .UNSPECIFIED.,.F.,.F.,(4,4),(-2.36545182532066,-2.22184266348829),
 .UNSPECIFIED.);
#1181=B_SPLINE_CURVE_WITH_KNOTS('',3,(#4790,#4791,#4792,#4793),
 .UNSPECIFIED.,.F.,.F.,(4,4),(2.22184266348829,2.4157660318791),
 .UNSPECIFIED.);
#1182=B_SPLINE_CURVE_WITH_KNOTS('',3,(#4797,#4798,#4799,#4800),
 .UNSPECIFIED.,.F.,.F.,(4,4),(0.174497697335793,7.03943341176618),
 .UNSPECIFIED.);
#1183=B_SPLINE_CURVE_WITH_KNOTS('',3,(#4802,#4803,#4804,#4805),
 .UNSPECIFIED.,.F.,.F.,(4,4),(2.22184266348828,2.36545182532065),
 .UNSPECIFIED.);
#1184=B_SPLINE_CURVE_WITH_KNOTS('',3,(#4806,#4807,#4808,#4809,#4810,#4811,
#4812,#4813,#4814,#4815,#4816),.UNSPECIFIED.,.F.,.F.,(4,1,1,1,1,1,1,1,4),
(-2.22184266348829,-1.58703047392021,-0.952218284352124,-0.529010157973403,
-0.317406094784042,0.31740609478404,0.952218284352122,1.5870304739202,2.22184266348829),
 .UNSPECIFIED.);
#1185=B_SPLINE_CURVE_WITH_KNOTS('',3,(#4820,#4821,#4822,#4823),
 .UNSPECIFIED.,.F.,.F.,(4,4),(0.267503999974437,0.301962416254882),
 .UNSPECIFIED.);
#1186=B_SPLINE_CURVE_WITH_KNOTS('',3,(#4830,#4831,#4832,#4833),
 .UNSPECIFIED.,.F.,.F.,(4,4),(-0.087277313243204,0.),.UNSPECIFIED.);
#1187=B_SPLINE_CURVE_WITH_KNOTS('',3,(#4834,#4835,#4836,#4837,#4838,#4839,
#4840,#4841),.UNSPECIFIED.,.F.,.F.,(4,2,2,4),(-0.0516849150163646,0.0927190560771463,
7.00188849364603,7.19887404828962),.UNSPECIFIED.);
#1188=B_SPLINE_CURVE_WITH_KNOTS('',3,(#4852,#4853,#4854,#4855),
 .UNSPECIFIED.,.F.,.F.,(4,4),(-2.41576603187909,-2.22184266348828),
 .UNSPECIFIED.);
#1189=B_SPLINE_CURVE_WITH_KNOTS('',3,(#4856,#4857,#4858,#4859),
 .UNSPECIFIED.,.F.,.F.,(4,4),(-5.94845442564786,-5.69362517272938),
 .UNSPECIFIED.);
#1190=B_SPLINE_CURVE_WITH_KNOTS('',3,(#4911,#4912,#4913,#4914,#4915,#4916,
#4917,#4918,#4919,#4920,#4921,#4922,#4923,#4924,#4925,#4926,#4927,#4928,
#4929),.UNSPECIFIED.,.F.,.F.,(4,3,3,3,3,3,4),(0.,0.0310640528007126,0.0607456961005139,
0.0798006956740924,0.10516549468234,0.129680044376995,0.15312332626513),
 .UNSPECIFIED.);
#1191=B_SPLINE_CURVE_WITH_KNOTS('',3,(#4930,#4931,#4932,#4933,#4934,#4935,
#4936,#4937),.UNSPECIFIED.,.F.,.F.,(4,2,2,4),(-7.08558673685274,-7.00188849364603,
-0.0927190560771463,-0.0326308612629107),.UNSPECIFIED.);
#1192=B_SPLINE_CURVE_WITH_KNOTS('',3,(#4979,#4980,#4981,#4982),
 .UNSPECIFIED.,.F.,.F.,(4,4),(-0.151154849161893,-0.056649252311798),
 .UNSPECIFIED.);
#1193=B_SPLINE_CURVE_WITH_KNOTS('',3,(#4983,#4984,#4985,#4986,#4987,#4988,
#4989,#4990),.UNSPECIFIED.,.F.,.F.,(4,2,2,4),(-7.06096460739624,-7.04004614021524,
-0.130869850872216,-0.119691632076807),.UNSPECIFIED.);
#1194=B_SPLINE_CURVE_WITH_KNOTS('',3,(#5009,#5010,#5011,#5012),
 .UNSPECIFIED.,.F.,.F.,(4,4),(0.,0.0620571835791721),.UNSPECIFIED.);
#1195=B_SPLINE_CURVE_WITH_KNOTS('',3,(#5045,#5046,#5047,#5048,#5049,#5050,
#5051),.UNSPECIFIED.,.F.,.F.,(4,3,4),(0.,0.0172586313766471,0.0329246269744531),
 .UNSPECIFIED.);
#1196=B_SPLINE_CURVE_WITH_KNOTS('',3,(#5054,#5055,#5056,#5057),
 .UNSPECIFIED.,.F.,.F.,(4,4),(-0.338125142125748,-0.244906199469486),
 .UNSPECIFIED.);
#1197=B_SPLINE_CURVE_WITH_KNOTS('',3,(#5161,#5162,#5163,#5164),
 .UNSPECIFIED.,.F.,.F.,(4,4),(0.102740946548152,0.252680255142079),
 .UNSPECIFIED.);
#1198=B_SPLINE_CURVE_WITH_KNOTS('',3,(#5199,#5200,#5201,#5202),
 .UNSPECIFIED.,.F.,.F.,(4,4),(-0.252680255142203,-0.10274094654815),
 .UNSPECIFIED.);
#1199=B_SPLINE_CURVE_WITH_KNOTS('',3,(#5234,#5235,#5236,#5237),
 .UNSPECIFIED.,.F.,.F.,(4,4),(0.141600820566305,0.214808979506028),
 .UNSPECIFIED.);
#1200=B_SPLINE_CURVE_WITH_KNOTS('',3,(#5239,#5240,#5241,#5242),
 .UNSPECIFIED.,.F.,.F.,(4,4),(0.102740946548147,0.252680255142079),
 .UNSPECIFIED.);
#1201=B_SPLINE_CURVE_WITH_KNOTS('',3,(#5281,#5282,#5283,#5284),
 .UNSPECIFIED.,.F.,.F.,(4,4),(0.,0.0739274331866168),.UNSPECIFIED.);
#1202=B_SPLINE_CURVE_WITH_KNOTS('',3,(#5287,#5288,#5289,#5290),
 .UNSPECIFIED.,.F.,.F.,(4,4),(-0.252680255142203,-0.10274094654815),
 .UNSPECIFIED.);
#1203=B_SPLINE_CURVE_WITH_KNOTS('',3,(#5314,#5315,#5316,#5317,#5318,#5319,
#5320,#5321),.UNSPECIFIED.,.F.,.F.,(4,2,2,4),(0.0943721117890967,0.131419458803161,
0.262838917606322,0.483099552214315),.UNSPECIFIED.);
#1204=B_SPLINE_CURVE_WITH_KNOTS('',3,(#5325,#5326,#5327,#5328),
 .UNSPECIFIED.,.F.,.F.,(4,4),(0.152392747584322,0.180015440994161),
 .UNSPECIFIED.);
#1205=B_SPLINE_CURVE_WITH_KNOTS('',3,(#5332,#5333,#5334,#5335,#5336,#5337),
 .UNSPECIFIED.,.F.,.F.,(4,2,4),(0.980442498999566,1.22417652664093,1.4679105542823),
 .UNSPECIFIED.);
#1206=B_SPLINE_CURVE_WITH_KNOTS('',3,(#5379,#5380,#5381,#5382),
 .UNSPECIFIED.,.F.,.F.,(4,4),(0.438348874429027,0.465971567838866),
 .UNSPECIFIED.);
#1207=B_SPLINE_CURVE_WITH_KNOTS('',3,(#5386,#5387,#5388,#5389,#5390,#5391),
 .UNSPECIFIED.,.F.,.F.,(4,2,4),(0.980442498999567,1.22417652664093,1.37150229162222),
 .UNSPECIFIED.);
#1208=B_SPLINE_CURVE_WITH_KNOTS('',3,(#5396,#5397,#5398,#5399,#5400,#5401),
 .UNSPECIFIED.,.F.,.F.,(4,2,4),(0.,0.243734027641367,0.487468055282735),
 .UNSPECIFIED.);
#1209=B_SPLINE_CURVE_WITH_KNOTS('',3,(#5425,#5426,#5427,#5428,#5429,#5430),
 .UNSPECIFIED.,.F.,.F.,(4,2,4),(0.0964082626600791,0.243734027641367,0.487468055282734),
 .UNSPECIFIED.);
#1210=B_SPLINE_CURVE_WITH_KNOTS('',3,(#5434,#5435,#5436,#5437),
 .UNSPECIFIED.,.F.,.F.,(4,4),(0.152392747584322,0.180015440994162),
 .UNSPECIFIED.);
#1211=B_SPLINE_CURVE_WITH_KNOTS('',3,(#5441,#5442,#5443,#5444,#5445,#5446),
 .UNSPECIFIED.,.F.,.F.,(4,2,4),(0.972550559868247,1.21628458750961,1.46001861515098),
 .UNSPECIFIED.);
#1212=B_SPLINE_CURVE_WITH_KNOTS('',3,(#5493,#5494,#5495,#5496,#5497,#5498),
 .UNSPECIFIED.,.F.,.F.,(4,2,4),(0.,0.243734027641368,0.487468055282735),
 .UNSPECIFIED.);
#1213=B_SPLINE_CURVE_WITH_KNOTS('',3,(#5503,#5504,#5505,#5506),
 .UNSPECIFIED.,.F.,.F.,(4,4),(0.438348874429027,0.465971567838867),
 .UNSPECIFIED.);
#1214=B_SPLINE_CURVE_WITH_KNOTS('',3,(#5510,#5511,#5512,#5513,#5514,#5515),
 .UNSPECIFIED.,.F.,.F.,(4,2,4),(0.972550559868247,1.21628458750961,1.3636103524909),
 .UNSPECIFIED.);
#1215=B_SPLINE_CURVE_WITH_KNOTS('',3,(#5542,#5543,#5544,#5545,#5546,#5547),
 .UNSPECIFIED.,.F.,.F.,(4,2,4),(0.165766634561276,0.188442667025089,0.241578349376166),
 .UNSPECIFIED.);
#1216=B_SPLINE_CURVE_WITH_KNOTS('',3,(#5548,#5549,#5550,#5551,#5552,#5553),
 .UNSPECIFIED.,.F.,.F.,(4,2,4),(-0.241637619242022,-0.189200289189889,-0.165807717873041),
 .UNSPECIFIED.);
#1217=B_SPLINE_CURVE_WITH_KNOTS('',3,(#5572,#5573,#5574,#5575,#5576,#5577),
 .UNSPECIFIED.,.F.,.F.,(4,2,4),(1.33382717366393,1.38626450371606,1.40965707503291),
 .UNSPECIFIED.);
#1218=B_SPLINE_CURVE_WITH_KNOTS('',3,(#5579,#5580,#5581,#5582,#5583,#5584),
 .UNSPECIFIED.,.F.,.F.,(4,2,4),(1.74127251077899,1.76466508209584,1.81710241214797),
 .UNSPECIFIED.);
#1219=B_SPLINE_CURVE_WITH_KNOTS('',3,(#5600,#5601,#5602,#5603,#5604,#5605),
 .UNSPECIFIED.,.F.,.F.,(4,1,1,4),(-3.14159265358979,-2.69279370307697,-2.24399475256414,
-1.71160585767896),.UNSPECIFIED.);
#1220=B_SPLINE_CURVE_WITH_KNOTS('',3,(#5606,#5607,#5608,#5609,#5610,#5611,
#5612,#5613,#5614,#5615),.UNSPECIFIED.,.F.,.F.,(4,1,1,1,1,1,1,4),(-1.71160585767896,
-1.34639685153848,-0.448798950512828,0.448798950512828,1.34639685153848,
2.24399475256414,2.69279370307697,3.14159265358979),.UNSPECIFIED.);
#1221=B_SPLINE_CURVE_WITH_KNOTS('',3,(#5624,#5625,#5626,#5627,#5628,#5629),
 .UNSPECIFIED.,.F.,.F.,(4,1,1,4),(-3.14159265358979,-2.69279370307697,-2.24399475256414,
-1.71160585767896),.UNSPECIFIED.);
#1222=B_SPLINE_CURVE_WITH_KNOTS('',3,(#5630,#5631,#5632,#5633,#5634,#5635,
#5636,#5637,#5638,#5639),.UNSPECIFIED.,.F.,.F.,(4,1,1,1,1,1,1,4),(-1.71160585767896,
-1.34639685153848,-0.448798950512828,0.448798950512828,1.34639685153848,
2.24399475256414,2.69279370307697,3.14159265358979),.UNSPECIFIED.);
#1223=B_SPLINE_CURVE_WITH_KNOTS('',3,(#5648,#5649,#5650,#5651,#5652,#5653),
 .UNSPECIFIED.,.F.,.F.,(4,1,1,4),(-3.14159265358979,-2.69279370307697,-2.24399475256414,
-1.71160585767895),.UNSPECIFIED.);
#1224=B_SPLINE_CURVE_WITH_KNOTS('',3,(#5654,#5655,#5656,#5657,#5658,#5659,
#5660,#5661,#5662,#5663),.UNSPECIFIED.,.F.,.F.,(4,1,1,1,1,1,1,4),(-1.71160585767895,
-1.34639685153848,-0.448798950512828,0.448798950512828,1.34639685153848,
2.24399475256414,2.69279370307697,3.14159265358979),.UNSPECIFIED.);
#1225=B_SPLINE_CURVE_WITH_KNOTS('',3,(#5672,#5673,#5674,#5675,#5676,#5677),
 .UNSPECIFIED.,.F.,.F.,(4,1,1,4),(-3.14159265358979,-2.69279370307697,-2.24399475256414,
-1.71160585767895),.UNSPECIFIED.);
#1226=B_SPLINE_CURVE_WITH_KNOTS('',3,(#5678,#5679,#5680,#5681,#5682,#5683,
#5684,#5685,#5686,#5687),.UNSPECIFIED.,.F.,.F.,(4,1,1,1,1,1,1,4),(-1.71160585767895,
-1.34639685153848,-0.448798950512828,0.448798950512828,1.34639685153848,
2.24399475256414,2.69279370307697,3.14159265358979),.UNSPECIFIED.);
#1227=B_SPLINE_CURVE_WITH_KNOTS('',3,(#5696,#5697,#5698,#5699,#5700,#5701),
 .UNSPECIFIED.,.F.,.F.,(4,1,1,4),(-3.14159265358979,-2.69279370307697,-2.24399475256414,
-1.71160585767895),.UNSPECIFIED.);
#1228=B_SPLINE_CURVE_WITH_KNOTS('',3,(#5702,#5703,#5704,#5705,#5706,#5707,
#5708,#5709,#5710,#5711),.UNSPECIFIED.,.F.,.F.,(4,1,1,1,1,1,1,4),(-1.71160585767895,
-1.34639685153848,-0.448798950512828,0.448798950512828,1.34639685153848,
2.24399475256414,2.69279370307697,3.14159265358979),.UNSPECIFIED.);
#1229=B_SPLINE_CURVE_WITH_KNOTS('',3,(#5720,#5721,#5722,#5723,#5724,#5725),
 .UNSPECIFIED.,.F.,.F.,(4,1,1,4),(-3.14159265358979,-2.69279370307697,-2.24399475256414,
-1.71160585767895),.UNSPECIFIED.);
#1230=B_SPLINE_CURVE_WITH_KNOTS('',3,(#5726,#5727,#5728,#5729,#5730,#5731,
#5732,#5733,#5734,#5735),.UNSPECIFIED.,.F.,.F.,(4,1,1,1,1,1,1,4),(-1.71160585767895,
-1.34639685153848,-0.448798950512828,0.448798950512828,1.34639685153848,
2.24399475256414,2.69279370307697,3.14159265358979),.UNSPECIFIED.);
#1231=B_SPLINE_CURVE_WITH_KNOTS('',3,(#5744,#5745,#5746,#5747,#5748,#5749),
 .UNSPECIFIED.,.F.,.F.,(4,1,1,4),(-3.14159265358979,-2.69279370307697,-2.24399475256414,
-1.71160585767896),.UNSPECIFIED.);
#1232=B_SPLINE_CURVE_WITH_KNOTS('',3,(#5750,#5751,#5752,#5753,#5754,#5755,
#5756,#5757,#5758,#5759),.UNSPECIFIED.,.F.,.F.,(4,1,1,1,1,1,1,4),(-1.71160585767896,
-1.34639685153848,-0.448798950512828,0.448798950512828,1.34639685153848,
2.24399475256414,2.69279370307697,3.14159265358979),.UNSPECIFIED.);
#1233=B_SPLINE_CURVE_WITH_KNOTS('',3,(#6217,#6218,#6219,#6220),
 .UNSPECIFIED.,.F.,.F.,(4,4),(-6.6587367300192,-6.40390747710072),
 .UNSPECIFIED.);
#1234=B_SPLINE_CURVE_WITH_KNOTS('',3,(#6266,#6267,#6268,#6269,#6270,#6271,
#6272,#6273,#6274,#6275,#6276),.UNSPECIFIED.,.F.,.F.,(4,1,1,1,1,1,1,1,4),
(-2.22184266348829,-1.5870304739202,-0.952218284352122,-0.31740609478404,
0.317406094784042,0.529010157973403,0.952218284352124,1.58703047392021,
2.22184266348829),.UNSPECIFIED.);
#1235=VERTEX_POINT('',#4324);
#1236=VERTEX_POINT('',#4325);
#1237=VERTEX_POINT('',#4330);
#1238=VERTEX_POINT('',#4332);
#1239=VERTEX_POINT('',#4334);
#1240=VERTEX_POINT('',#4341);
#1241=VERTEX_POINT('',#4343);
#1242=VERTEX_POINT('',#4348);
#1243=VERTEX_POINT('',#4352);
#1244=VERTEX_POINT('',#4372);
#1245=VERTEX_POINT('',#4380);
#1246=VERTEX_POINT('',#4400);
#1247=VERTEX_POINT('',#4402);
#1248=VERTEX_POINT('',#4422);
#1249=VERTEX_POINT('',#4430);
#1250=VERTEX_POINT('',#4454);
#1251=VERTEX_POINT('',#4456);
#1252=VERTEX_POINT('',#4458);
#1253=VERTEX_POINT('',#4460);
#1254=VERTEX_POINT('',#4462);
#1255=VERTEX_POINT('',#4467);
#1256=VERTEX_POINT('',#4471);
#1257=VERTEX_POINT('',#4473);
#1258=VERTEX_POINT('',#4475);
#1259=VERTEX_POINT('',#4477);
#1260=VERTEX_POINT('',#4481);
#1261=VERTEX_POINT('',#4486);
#1262=VERTEX_POINT('',#4488);
#1263=VERTEX_POINT('',#4490);
#1264=VERTEX_POINT('',#4492);
#1265=VERTEX_POINT('',#4496);
#1266=VERTEX_POINT('',#4498);
#1267=VERTEX_POINT('',#4501);
#1268=VERTEX_POINT('',#4514);
#1269=VERTEX_POINT('',#4527);
#1270=VERTEX_POINT('',#4540);
#1271=VERTEX_POINT('',#4553);
#1272=VERTEX_POINT('',#4566);
#1273=VERTEX_POINT('',#4579);
#1274=VERTEX_POINT('',#4624);
#1275=VERTEX_POINT('',#4633);
#1276=VERTEX_POINT('',#4701);
#1277=VERTEX_POINT('',#4749);
#1278=VERTEX_POINT('',#4754);
#1279=VERTEX_POINT('',#4782);
#1280=VERTEX_POINT('',#4787);
#1281=VERTEX_POINT('',#4789);
#1282=VERTEX_POINT('',#4796);
#1283=VERTEX_POINT('',#4801);
#1284=VERTEX_POINT('',#4818);
#1285=VERTEX_POINT('',#4819);
#1286=VERTEX_POINT('',#4827);
#1287=VERTEX_POINT('',#4829);
#1288=VERTEX_POINT('',#4843);
#1289=VERTEX_POINT('',#4845);
#1290=VERTEX_POINT('',#4847);
#1291=VERTEX_POINT('',#4849);
#1292=VERTEX_POINT('',#4851);
#1293=VERTEX_POINT('',#4861);
#1294=VERTEX_POINT('',#4864);
#1295=VERTEX_POINT('',#4866);
#1296=VERTEX_POINT('',#4868);
#1297=VERTEX_POINT('',#4870);
#1298=VERTEX_POINT('',#4872);
#1299=VERTEX_POINT('',#4874);
#1300=VERTEX_POINT('',#4876);
#1301=VERTEX_POINT('',#4910);
#1302=VERTEX_POINT('',#4978);
#1303=VERTEX_POINT('',#5007);
#1304=VERTEX_POINT('',#5053);
#1305=VERTEX_POINT('',#5060);
#1306=VERTEX_POINT('',#5061);
#1307=VERTEX_POINT('',#5063);
#1308=VERTEX_POINT('',#5065);
#1309=VERTEX_POINT('',#5069);
#1310=VERTEX_POINT('',#5071);
#1311=VERTEX_POINT('',#5073);
#1312=VERTEX_POINT('',#5075);
#1313=VERTEX_POINT('',#5079);
#1314=VERTEX_POINT('',#5080);
#1315=VERTEX_POINT('',#5082);
#1316=VERTEX_POINT('',#5084);
#1317=VERTEX_POINT('',#5088);
#1318=VERTEX_POINT('',#5090);
#1319=VERTEX_POINT('',#5092);
#1320=VERTEX_POINT('',#5094);
#1321=VERTEX_POINT('',#5098);
#1322=VERTEX_POINT('',#5099);
#1323=VERTEX_POINT('',#5101);
#1324=VERTEX_POINT('',#5103);
#1325=VERTEX_POINT('',#5107);
#1326=VERTEX_POINT('',#5109);
#1327=VERTEX_POINT('',#5111);
#1328=VERTEX_POINT('',#5113);
#1329=VERTEX_POINT('',#5117);
#1330=VERTEX_POINT('',#5118);
#1331=VERTEX_POINT('',#5120);
#1332=VERTEX_POINT('',#5122);
#1333=VERTEX_POINT('',#5126);
#1334=VERTEX_POINT('',#5128);
#1335=VERTEX_POINT('',#5130);
#1336=VERTEX_POINT('',#5132);
#1337=VERTEX_POINT('',#5136);
#1338=VERTEX_POINT('',#5140);
#1339=VERTEX_POINT('',#5160);
#1340=VERTEX_POINT('',#5169);
#1341=VERTEX_POINT('',#5173);
#1342=VERTEX_POINT('',#5176);
#1343=VERTEX_POINT('',#5197);
#1344=VERTEX_POINT('',#5208);
#1345=VERTEX_POINT('',#5212);
#1346=VERTEX_POINT('',#5213);
#1347=VERTEX_POINT('',#5233);
#1348=VERTEX_POINT('',#5238);
#1349=VERTEX_POINT('',#5245);
#1350=VERTEX_POINT('',#5251);
#1351=VERTEX_POINT('',#5255);
#1352=VERTEX_POINT('',#5256);
#1353=VERTEX_POINT('',#5259);
#1354=VERTEX_POINT('',#5280);
#1355=VERTEX_POINT('',#5285);
#1356=VERTEX_POINT('',#5292);
#1357=VERTEX_POINT('',#5298);
#1358=VERTEX_POINT('',#5302);
#1359=VERTEX_POINT('',#5303);
#1360=VERTEX_POINT('',#5305);
#1361=VERTEX_POINT('',#5312);
#1362=VERTEX_POINT('',#5313);
#1363=VERTEX_POINT('',#5323);
#1364=VERTEX_POINT('',#5330);
#1365=VERTEX_POINT('',#5331);
#1366=VERTEX_POINT('',#5341);
#1367=VERTEX_POINT('',#5343);
#1368=VERTEX_POINT('',#5347);
#1369=VERTEX_POINT('',#5349);
#1370=VERTEX_POINT('',#5351);
#1371=VERTEX_POINT('',#5354);
#1372=VERTEX_POINT('',#5356);
#1373=VERTEX_POINT('',#5358);
#1374=VERTEX_POINT('',#5360);
#1375=VERTEX_POINT('',#5362);
#1376=VERTEX_POINT('',#5364);
#1377=VERTEX_POINT('',#5366);
#1378=VERTEX_POINT('',#5371);
#1379=VERTEX_POINT('',#5373);
#1380=VERTEX_POINT('',#5377);
#1381=VERTEX_POINT('',#5378);
#1382=VERTEX_POINT('',#5384);
#1383=VERTEX_POINT('',#5395);
#1384=VERTEX_POINT('',#5406);
#1385=VERTEX_POINT('',#5407);
#1386=VERTEX_POINT('',#5409);
#1387=VERTEX_POINT('',#5413);
#1388=VERTEX_POINT('',#5414);
#1389=VERTEX_POINT('',#5416);
#1390=VERTEX_POINT('',#5423);
#1391=VERTEX_POINT('',#5424);
#1392=VERTEX_POINT('',#5432);
#1393=VERTEX_POINT('',#5439);
#1394=VERTEX_POINT('',#5440);
#1395=VERTEX_POINT('',#5450);
#1396=VERTEX_POINT('',#5452);
#1397=VERTEX_POINT('',#5455);
#1398=VERTEX_POINT('',#5460);
#1399=VERTEX_POINT('',#5463);
#1400=VERTEX_POINT('',#5466);
#1401=VERTEX_POINT('',#5468);
#1402=VERTEX_POINT('',#5471);
#1403=VERTEX_POINT('',#5473);
#1404=VERTEX_POINT('',#5475);
#1405=VERTEX_POINT('',#5477);
#1406=VERTEX_POINT('',#5479);
#1407=VERTEX_POINT('',#5481);
#1408=VERTEX_POINT('',#5483);
#1409=VERTEX_POINT('',#5486);
#1410=VERTEX_POINT('',#5488);
#1411=VERTEX_POINT('',#5492);
#1412=VERTEX_POINT('',#5501);
#1413=VERTEX_POINT('',#5502);
#1414=VERTEX_POINT('',#5508);
#1415=VERTEX_POINT('',#5519);
#1416=VERTEX_POINT('',#5520);
#1417=VERTEX_POINT('',#5522);
#1418=VERTEX_POINT('',#5528);
#1419=VERTEX_POINT('',#5529);
#1420=VERTEX_POINT('',#5531);
#1421=VERTEX_POINT('',#5535);
#1422=VERTEX_POINT('',#5539);
#1423=VERTEX_POINT('',#5557);
#1424=VERTEX_POINT('',#5561);
#1425=VERTEX_POINT('',#5562);
#1426=VERTEX_POINT('',#5564);
#1427=VERTEX_POINT('',#5568);
#1428=VERTEX_POINT('',#5586);
#1429=VERTEX_POINT('',#5588);
#1430=VERTEX_POINT('',#5591);
#1431=VERTEX_POINT('',#5594);
#1432=VERTEX_POINT('',#5598);
#1433=VERTEX_POINT('',#5599);
#1434=VERTEX_POINT('',#5618);
#1435=VERTEX_POINT('',#5622);
#1436=VERTEX_POINT('',#5623);
#1437=VERTEX_POINT('',#5642);
#1438=VERTEX_POINT('',#5646);
#1439=VERTEX_POINT('',#5647);
#1440=VERTEX_POINT('',#5666);
#1441=VERTEX_POINT('',#5670);
#1442=VERTEX_POINT('',#5671);
#1443=VERTEX_POINT('',#5690);
#1444=VERTEX_POINT('',#5694);
#1445=VERTEX_POINT('',#5695);
#1446=VERTEX_POINT('',#5714);
#1447=VERTEX_POINT('',#5718);
#1448=VERTEX_POINT('',#5719);
#1449=VERTEX_POINT('',#5738);
#1450=VERTEX_POINT('',#5742);
#1451=VERTEX_POINT('',#5743);
#1452=VERTEX_POINT('',#6105);
#1453=VERTEX_POINT('',#6109);
#1454=VERTEX_POINT('',#6113);
#1455=VERTEX_POINT('',#6117);
#1456=VERTEX_POINT('',#6121);
#1457=VERTEX_POINT('',#6125);
#1458=VERTEX_POINT('',#6129);
#1459=VERTEX_POINT('',#6133);
#1460=VERTEX_POINT('',#6137);
#1461=VERTEX_POINT('',#6142);
#1462=VERTEX_POINT('',#6146);
#1463=VERTEX_POINT('',#6151);
#1464=VERTEX_POINT('',#6155);
#1465=VERTEX_POINT('',#6160);
#1466=VERTEX_POINT('',#6164);
#1467=VERTEX_POINT('',#6169);
#1468=VERTEX_POINT('',#6173);
#1469=VERTEX_POINT('',#6178);
#1470=VERTEX_POINT('',#6182);
#1471=VERTEX_POINT('',#6187);
#1472=VERTEX_POINT('',#6191);
#1473=VERTEX_POINT('',#6302);
#1474=VERTEX_POINT('',#6304);
#1475=VERTEX_POINT('',#6307);
#1476=VERTEX_POINT('',#6310);
#1477=VERTEX_POINT('',#6311);
#1478=VERTEX_POINT('',#6316);
#1479=VERTEX_POINT('',#6322);
#1480=VERTEX_POINT('',#6324);
#1481=VERTEX_POINT('',#6327);
#1482=VERTEX_POINT('',#6330);
#1483=VERTEX_POINT('',#6334);
#1484=VERTEX_POINT('',#6335);
#1485=VERTEX_POINT('',#6340);
#1486=VERTEX_POINT('',#6342);
#1487=VERTEX_POINT('',#6344);
#1488=VERTEX_POINT('',#6348);
#1489=VERTEX_POINT('',#6352);
#1490=VERTEX_POINT('',#6354);
#1491=VERTEX_POINT('',#6358);
#1492=VERTEX_POINT('',#6363);
#1493=VERTEX_POINT('',#6365);
#1494=VERTEX_POINT('',#6369);
#1495=VERTEX_POINT('',#6371);
#1496=VERTEX_POINT('',#6373);
#1497=VERTEX_POINT('',#6375);
#1498=VERTEX_POINT('',#6378);
#1499=VERTEX_POINT('',#6381);
#1500=VERTEX_POINT('',#6388);
#1501=VERTEX_POINT('',#6390);
#1502=VERTEX_POINT('',#6394);
#1503=VERTEX_POINT('',#6395);
#1504=VERTEX_POINT('',#6400);
#1505=VERTEX_POINT('',#6402);
#1506=VERTEX_POINT('',#6404);
#1507=VERTEX_POINT('',#6408);
#1508=VERTEX_POINT('',#6412);
#1509=VERTEX_POINT('',#6418);
#1510=VERTEX_POINT('',#6421);
#1511=VERTEX_POINT('',#6428);
#1512=VERTEX_POINT('',#6436);
#1513=VERTEX_POINT('',#6438);
#1514=VERTEX_POINT('',#6441);
#1515=VERTEX_POINT('',#6444);
#1516=VERTEX_POINT('',#6446);
#1517=VERTEX_POINT('',#6449);
#1518=VERTEX_POINT('',#6451);
#1519=EDGE_CURVE('',#1235,#1236,#1154,.T.);
#1520=EDGE_CURVE('',#1236,#1237,#736,.T.);
#1521=EDGE_CURVE('',#1237,#1238,#596,.T.);
#1522=EDGE_CURVE('',#1238,#1239,#1155,.T.);
#1523=EDGE_CURVE('',#1239,#1235,#737,.T.);
#1524=EDGE_CURVE('',#1238,#1240,#597,.T.);
#1525=EDGE_CURVE('',#1241,#1240,#1156,.T.);
#1526=EDGE_CURVE('',#1241,#1242,#163,.T.);
#1527=EDGE_CURVE('',#1243,#1242,#1157,.T.);
#1528=EDGE_CURVE('',#1244,#1243,#1158,.T.);
#1529=EDGE_CURVE('',#1245,#1244,#1159,.T.);
#1530=EDGE_CURVE('',#1245,#1246,#598,.T.);
#1531=EDGE_CURVE('',#1247,#1246,#1160,.T.);
#1532=EDGE_CURVE('',#1248,#1247,#1161,.T.);
#1533=EDGE_CURVE('',#1249,#1248,#1162,.T.);
#1534=EDGE_CURVE('',#1249,#1239,#164,.T.);
#1535=EDGE_CURVE('',#1237,#1250,#738,.T.);
#1536=EDGE_CURVE('',#1251,#1250,#739,.T.);
#1537=EDGE_CURVE('',#1252,#1251,#740,.T.);
#1538=EDGE_CURVE('',#1253,#1252,#741,.T.);
#1539=EDGE_CURVE('',#1254,#1253,#1163,.T.);
#1540=EDGE_CURVE('',#1255,#1254,#165,.T.);
#1541=EDGE_CURVE('',#1256,#1255,#742,.T.);
#1542=EDGE_CURVE('',#1256,#1257,#743,.T.);
#1543=EDGE_CURVE('',#1257,#1258,#744,.T.);
#1544=EDGE_CURVE('',#1259,#1258,#166,.T.);
#1545=EDGE_CURVE('',#1260,#1259,#1164,.T.);
#1546=EDGE_CURVE('',#1261,#1260,#745,.T.);
#1547=EDGE_CURVE('',#1262,#1261,#746,.T.);
#1548=EDGE_CURVE('',#1263,#1262,#747,.T.);
#1549=EDGE_CURVE('',#1263,#1264,#748,.T.);
#1550=EDGE_CURVE('',#1240,#1264,#599,.T.);
#1551=EDGE_CURVE('',#1265,#1236,#87,.T.);
#1552=EDGE_CURVE('',#1266,#1265,#749,.T.);
#1553=EDGE_CURVE('',#1250,#1266,#88,.T.);
#1554=EDGE_CURVE('',#1267,#1267,#1165,.T.);
#1555=EDGE_CURVE('',#1268,#1268,#1166,.T.);
#1556=EDGE_CURVE('',#1269,#1269,#1167,.T.);
#1557=EDGE_CURVE('',#1270,#1270,#1168,.T.);
#1558=EDGE_CURVE('',#1271,#1271,#1169,.T.);
#1559=EDGE_CURVE('',#1272,#1272,#1170,.T.);
#1560=EDGE_CURVE('',#1273,#1273,#1171,.T.);
#1561=EDGE_CURVE('',#1248,#1274,#1172,.T.);
#1562=EDGE_CURVE('',#1274,#1275,#1173,.T.);
#1563=EDGE_CURVE('',#1275,#1249,#1174,.T.);
#1564=EDGE_CURVE('',#1276,#1247,#1175,.T.);
#1565=EDGE_CURVE('',#1276,#1274,#1176,.T.);
#1566=EDGE_CURVE('',#1277,#1276,#1177,.T.);
#1567=EDGE_CURVE('',#1246,#1278,#1178,.T.);
#1568=EDGE_CURVE('',#1278,#1277,#1179,.T.);
#1569=EDGE_CURVE('',#1278,#1279,#1180,.T.);
#1570=EDGE_CURVE('',#1280,#1279,#750,.T.);
#1571=EDGE_CURVE('',#1280,#1281,#1181,.T.);
#1572=EDGE_CURVE('',#1277,#1281,#751,.T.);
#1573=EDGE_CURVE('',#1282,#1245,#1182,.T.);
#1574=EDGE_CURVE('',#1283,#1282,#1183,.T.);
#1575=EDGE_CURVE('',#1279,#1283,#1184,.T.);
#1576=EDGE_CURVE('',#1284,#1285,#1185,.T.);
#1577=EDGE_CURVE('',#1285,#1241,#752,.T.);
#1578=EDGE_CURVE('',#1264,#1284,#753,.T.);
#1579=EDGE_CURVE('',#1286,#1285,#600,.T.);
#1580=EDGE_CURVE('',#1287,#1286,#1186,.T.);
#1581=EDGE_CURVE('',#1242,#1287,#1187,.T.);
#1582=EDGE_CURVE('',#1284,#1288,#89,.T.);
#1583=EDGE_CURVE('',#1288,#1289,#754,.T.);
#1584=EDGE_CURVE('',#1289,#1290,#601,.T.);
#1585=EDGE_CURVE('',#1290,#1291,#755,.T.);
#1586=EDGE_CURVE('',#1292,#1291,#1188,.T.);
#1587=EDGE_CURVE('',#1286,#1292,#1189,.T.);
#1588=EDGE_CURVE('',#1293,#1263,#90,.T.);
#1589=EDGE_CURVE('',#1288,#1293,#756,.T.);
#1590=EDGE_CURVE('',#1294,#1294,#91,.T.);
#1591=EDGE_CURVE('',#1295,#1295,#92,.T.);
#1592=EDGE_CURVE('',#1296,#1296,#93,.T.);
#1593=EDGE_CURVE('',#1297,#1297,#94,.T.);
#1594=EDGE_CURVE('',#1298,#1298,#95,.T.);
#1595=EDGE_CURVE('',#1299,#1299,#96,.T.);
#1596=EDGE_CURVE('',#1300,#1300,#97,.T.);
#1597=EDGE_CURVE('',#1287,#1301,#1190,.T.);
#1598=EDGE_CURVE('',#1301,#1243,#1191,.T.);
#1599=EDGE_CURVE('',#1301,#1302,#1192,.T.);
#1600=EDGE_CURVE('',#1244,#1302,#1193,.T.);
#1601=EDGE_CURVE('',#1292,#1303,#757,.T.);
#1602=EDGE_CURVE('',#1302,#1303,#1194,.T.);
#1603=EDGE_CURVE('',#1303,#1282,#1195,.T.);
#1604=EDGE_CURVE('',#1304,#1275,#1196,.T.);
#1605=EDGE_CURVE('',#1235,#1304,#602,.T.);
#1606=EDGE_CURVE('',#1305,#1306,#98,.T.);
#1607=EDGE_CURVE('',#1306,#1307,#758,.T.);
#1608=EDGE_CURVE('',#1307,#1308,#99,.T.);
#1609=EDGE_CURVE('',#1308,#1305,#759,.T.);
#1610=EDGE_CURVE('',#1309,#1306,#760,.T.);
#1611=EDGE_CURVE('',#1310,#1309,#761,.T.);
#1612=EDGE_CURVE('',#1310,#1311,#762,.T.);
#1613=EDGE_CURVE('',#1312,#1311,#763,.T.);
#1614=EDGE_CURVE('',#1307,#1312,#764,.T.);
#1615=EDGE_CURVE('',#1313,#1314,#100,.T.);
#1616=EDGE_CURVE('',#1314,#1315,#765,.T.);
#1617=EDGE_CURVE('',#1315,#1316,#101,.T.);
#1618=EDGE_CURVE('',#1316,#1313,#766,.T.);
#1619=EDGE_CURVE('',#1315,#1317,#767,.T.);
#1620=EDGE_CURVE('',#1318,#1314,#768,.T.);
#1621=EDGE_CURVE('',#1319,#1318,#769,.T.);
#1622=EDGE_CURVE('',#1319,#1320,#770,.T.);
#1623=EDGE_CURVE('',#1317,#1320,#771,.T.);
#1624=EDGE_CURVE('',#1321,#1322,#102,.T.);
#1625=EDGE_CURVE('',#1322,#1323,#772,.T.);
#1626=EDGE_CURVE('',#1323,#1324,#103,.T.);
#1627=EDGE_CURVE('',#1324,#1321,#773,.T.);
#1628=EDGE_CURVE('',#1325,#1322,#774,.T.);
#1629=EDGE_CURVE('',#1326,#1325,#775,.T.);
#1630=EDGE_CURVE('',#1326,#1327,#776,.T.);
#1631=EDGE_CURVE('',#1328,#1327,#777,.T.);
#1632=EDGE_CURVE('',#1323,#1328,#778,.T.);
#1633=EDGE_CURVE('',#1329,#1330,#104,.T.);
#1634=EDGE_CURVE('',#1330,#1331,#779,.T.);
#1635=EDGE_CURVE('',#1331,#1332,#105,.T.);
#1636=EDGE_CURVE('',#1332,#1329,#780,.T.);
#1637=EDGE_CURVE('',#1331,#1333,#781,.T.);
#1638=EDGE_CURVE('',#1334,#1330,#782,.T.);
#1639=EDGE_CURVE('',#1335,#1334,#783,.T.);
#1640=EDGE_CURVE('',#1335,#1336,#784,.T.);
#1641=EDGE_CURVE('',#1333,#1336,#785,.T.);
#1642=EDGE_CURVE('',#1333,#1337,#786,.T.);
#1643=EDGE_CURVE('',#1337,#1332,#787,.T.);
#1644=EDGE_CURVE('',#1338,#1253,#788,.T.);
#1645=EDGE_CURVE('',#1253,#1337,#603,.T.);
#1646=EDGE_CURVE('',#1333,#1338,#604,.T.);
#1647=EDGE_CURVE('',#1338,#1339,#1197,.T.);
#1648=EDGE_CURVE('',#1339,#1254,#789,.T.);
#1649=EDGE_CURVE('',#1339,#1255,#605,.T.);
#1650=EDGE_CURVE('',#1336,#1340,#606,.T.);
#1651=EDGE_CURVE('',#1340,#1339,#790,.T.);
#1652=EDGE_CURVE('',#1260,#1341,#791,.T.);
#1653=EDGE_CURVE('',#1341,#1325,#607,.T.);
#1654=EDGE_CURVE('',#1325,#1342,#792,.T.);
#1655=EDGE_CURVE('',#1342,#1260,#608,.T.);
#1656=EDGE_CURVE('',#1321,#1342,#793,.T.);
#1657=EDGE_CURVE('',#1259,#1343,#794,.T.);
#1658=EDGE_CURVE('',#1343,#1341,#1198,.T.);
#1659=EDGE_CURVE('',#1258,#1343,#609,.T.);
#1660=EDGE_CURVE('',#1261,#1321,#795,.T.);
#1661=EDGE_CURVE('',#1317,#1344,#796,.T.);
#1662=EDGE_CURVE('',#1344,#1316,#797,.T.);
#1663=EDGE_CURVE('',#1345,#1346,#798,.T.);
#1664=EDGE_CURVE('',#1346,#1344,#610,.T.);
#1665=EDGE_CURVE('',#1317,#1345,#611,.T.);
#1666=EDGE_CURVE('',#1347,#1346,#1199,.T.);
#1667=EDGE_CURVE('',#1345,#1348,#1200,.T.);
#1668=EDGE_CURVE('',#1348,#1347,#799,.T.);
#1669=EDGE_CURVE('',#1349,#1347,#167,.T.);
#1670=EDGE_CURVE('',#1348,#1349,#612,.T.);
#1671=EDGE_CURVE('',#1320,#1350,#613,.T.);
#1672=EDGE_CURVE('',#1350,#1348,#800,.T.);
#1673=EDGE_CURVE('',#1351,#1352,#801,.T.);
#1674=EDGE_CURVE('',#1352,#1309,#614,.T.);
#1675=EDGE_CURVE('',#1309,#1353,#802,.T.);
#1676=EDGE_CURVE('',#1353,#1351,#615,.T.);
#1677=EDGE_CURVE('',#1305,#1353,#803,.T.);
#1678=EDGE_CURVE('',#1351,#1354,#1201,.T.);
#1679=EDGE_CURVE('',#1354,#1355,#804,.T.);
#1680=EDGE_CURVE('',#1355,#1352,#1202,.T.);
#1681=EDGE_CURVE('',#1354,#1356,#168,.T.);
#1682=EDGE_CURVE('',#1356,#1355,#616,.T.);
#1683=EDGE_CURVE('',#1357,#1305,#805,.T.);
#1684=EDGE_CURVE('',#1357,#1351,#806,.T.);
#1685=EDGE_CURVE('',#1358,#1359,#617,.F.);
#1686=EDGE_CURVE('',#1360,#1358,#618,.F.);
#1687=EDGE_CURVE('',#1359,#1360,#619,.F.);
#1688=EDGE_CURVE('',#1307,#1360,#807,.T.);
#1689=EDGE_CURVE('',#1358,#1308,#808,.T.);
#1690=EDGE_CURVE('',#1361,#1362,#1203,.F.);
#1691=EDGE_CURVE('',#1361,#1359,#809,.T.);
#1692=EDGE_CURVE('',#1360,#1363,#810,.T.);
#1693=EDGE_CURVE('',#1363,#1362,#1204,.T.);
#1694=EDGE_CURVE('',#1364,#1365,#1205,.T.);
#1695=EDGE_CURVE('',#1365,#1358,#811,.T.);
#1696=EDGE_CURVE('',#1359,#1364,#812,.T.);
#1697=EDGE_CURVE('',#1366,#1365,#813,.T.);
#1698=EDGE_CURVE('',#1367,#1366,#814,.T.);
#1699=EDGE_CURVE('',#1329,#1367,#815,.T.);
#1700=EDGE_CURVE('',#1332,#1252,#816,.T.);
#1701=EDGE_CURVE('',#1368,#1251,#620,.T.);
#1702=EDGE_CURVE('',#1368,#1369,#817,.T.);
#1703=EDGE_CURVE('',#1370,#1369,#621,.T.);
#1704=EDGE_CURVE('',#1370,#1357,#818,.T.);
#1705=EDGE_CURVE('',#1371,#1371,#622,.T.);
#1706=EDGE_CURVE('',#1372,#1372,#623,.T.);
#1707=EDGE_CURVE('',#1373,#1373,#624,.T.);
#1708=EDGE_CURVE('',#1374,#1374,#625,.T.);
#1709=EDGE_CURVE('',#1375,#1375,#626,.T.);
#1710=EDGE_CURVE('',#1376,#1376,#627,.T.);
#1711=EDGE_CURVE('',#1377,#1377,#628,.T.);
#1712=EDGE_CURVE('',#1361,#1364,#629,.T.);
#1713=EDGE_CURVE('',#1378,#1367,#630,.F.);
#1714=EDGE_CURVE('',#1379,#1378,#631,.F.);
#1715=EDGE_CURVE('',#1367,#1379,#632,.F.);
#1716=EDGE_CURVE('',#1380,#1381,#1206,.F.);
#1717=EDGE_CURVE('',#1380,#1379,#819,.T.);
#1718=EDGE_CURVE('',#1378,#1382,#820,.T.);
#1719=EDGE_CURVE('',#1382,#1381,#1207,.T.);
#1720=EDGE_CURVE('',#1379,#1330,#821,.T.);
#1721=EDGE_CURVE('',#1366,#1383,#1208,.T.);
#1722=EDGE_CURVE('',#1383,#1378,#822,.T.);
#1723=EDGE_CURVE('',#1383,#1382,#633,.T.);
#1724=EDGE_CURVE('',#1384,#1385,#823,.T.);
#1725=EDGE_CURVE('',#1385,#1386,#634,.T.);
#1726=EDGE_CURVE('',#1386,#1384,#824,.T.);
#1727=EDGE_CURVE('',#1387,#1388,#635,.F.);
#1728=EDGE_CURVE('',#1389,#1387,#636,.F.);
#1729=EDGE_CURVE('',#1388,#1389,#637,.F.);
#1730=EDGE_CURVE('',#1323,#1389,#825,.T.);
#1731=EDGE_CURVE('',#1387,#1324,#826,.T.);
#1732=EDGE_CURVE('',#1390,#1391,#1209,.F.);
#1733=EDGE_CURVE('',#1390,#1388,#827,.T.);
#1734=EDGE_CURVE('',#1389,#1392,#828,.T.);
#1735=EDGE_CURVE('',#1392,#1391,#1210,.T.);
#1736=EDGE_CURVE('',#1393,#1394,#1211,.T.);
#1737=EDGE_CURVE('',#1394,#1387,#829,.T.);
#1738=EDGE_CURVE('',#1388,#1393,#830,.T.);
#1739=EDGE_CURVE('',#1395,#1328,#638,.T.);
#1740=EDGE_CURVE('',#1395,#1396,#831,.T.);
#1741=EDGE_CURVE('',#1392,#1396,#639,.T.);
#1742=EDGE_CURVE('',#1397,#1397,#640,.T.);
#1743=EDGE_CURVE('',#1390,#1393,#641,.T.);
#1744=EDGE_CURVE('',#1316,#1398,#832,.T.);
#1745=EDGE_CURVE('',#1398,#1290,#833,.T.);
#1746=EDGE_CURVE('',#1289,#1399,#834,.T.);
#1747=EDGE_CURVE('',#1262,#1399,#642,.T.);
#1748=EDGE_CURVE('',#1394,#1400,#835,.T.);
#1749=EDGE_CURVE('',#1401,#1400,#836,.T.);
#1750=EDGE_CURVE('',#1313,#1401,#837,.T.);
#1751=EDGE_CURVE('',#1402,#1402,#643,.T.);
#1752=EDGE_CURVE('',#1403,#1403,#644,.T.);
#1753=EDGE_CURVE('',#1404,#1404,#645,.T.);
#1754=EDGE_CURVE('',#1405,#1405,#646,.T.);
#1755=EDGE_CURVE('',#1406,#1406,#647,.T.);
#1756=EDGE_CURVE('',#1407,#1407,#648,.T.);
#1757=EDGE_CURVE('',#1408,#1408,#649,.T.);
#1758=EDGE_CURVE('',#1401,#1409,#650,.F.);
#1759=EDGE_CURVE('',#1410,#1401,#651,.F.);
#1760=EDGE_CURVE('',#1409,#1410,#652,.F.);
#1761=EDGE_CURVE('',#1400,#1411,#1212,.T.);
#1762=EDGE_CURVE('',#1411,#1410,#838,.T.);
#1763=EDGE_CURVE('',#1412,#1413,#1213,.F.);
#1764=EDGE_CURVE('',#1412,#1409,#839,.T.);
#1765=EDGE_CURVE('',#1410,#1414,#840,.T.);
#1766=EDGE_CURVE('',#1414,#1413,#1214,.T.);
#1767=EDGE_CURVE('',#1409,#1314,#841,.T.);
#1768=EDGE_CURVE('',#1415,#1416,#842,.T.);
#1769=EDGE_CURVE('',#1416,#1417,#653,.T.);
#1770=EDGE_CURVE('',#1417,#1415,#843,.T.);
#1771=EDGE_CURVE('',#1411,#1414,#654,.T.);
#1772=EDGE_CURVE('',#1418,#1419,#655,.T.);
#1773=EDGE_CURVE('',#1419,#1420,#844,.T.);
#1774=EDGE_CURVE('',#1418,#1420,#845,.T.);
#1775=EDGE_CURVE('',#1421,#1415,#656,.T.);
#1776=EDGE_CURVE('',#1417,#1421,#846,.T.);
#1777=EDGE_CURVE('',#1420,#1422,#657,.T.);
#1778=EDGE_CURVE('',#1419,#1421,#847,.T.);
#1779=EDGE_CURVE('',#1413,#1416,#1215,.T.);
#1780=EDGE_CURVE('',#1391,#1422,#1216,.F.);
#1781=EDGE_CURVE('',#1422,#1418,#848,.T.);
#1782=EDGE_CURVE('',#1423,#1384,#658,.T.);
#1783=EDGE_CURVE('',#1423,#1386,#849,.T.);
#1784=EDGE_CURVE('',#1424,#1425,#659,.T.);
#1785=EDGE_CURVE('',#1426,#1425,#850,.T.);
#1786=EDGE_CURVE('',#1424,#1426,#851,.T.);
#1787=EDGE_CURVE('',#1427,#1424,#852,.T.);
#1788=EDGE_CURVE('',#1426,#1427,#660,.T.);
#1789=EDGE_CURVE('',#1362,#1427,#1217,.F.);
#1790=EDGE_CURVE('',#1425,#1423,#853,.T.);
#1791=EDGE_CURVE('',#1381,#1385,#1218,.T.);
#1792=EDGE_CURVE('',#1428,#1380,#661,.T.);
#1793=EDGE_CURVE('',#1428,#1429,#854,.T.);
#1794=EDGE_CURVE('',#1334,#1429,#662,.T.);
#1795=EDGE_CURVE('',#1430,#1430,#663,.T.);
#1796=EDGE_CURVE('',#1377,#1431,#855,.T.);
#1797=EDGE_CURVE('',#1431,#1431,#664,.T.);
#1798=EDGE_CURVE('',#1432,#1433,#1219,.T.);
#1799=EDGE_CURVE('',#1433,#1432,#1220,.T.);
#1800=EDGE_CURVE('',#1433,#1431,#856,.T.);
#1801=EDGE_CURVE('',#1371,#1434,#857,.T.);
#1802=EDGE_CURVE('',#1434,#1434,#665,.T.);
#1803=EDGE_CURVE('',#1435,#1436,#1221,.T.);
#1804=EDGE_CURVE('',#1436,#1435,#1222,.T.);
#1805=EDGE_CURVE('',#1436,#1434,#858,.T.);
#1806=EDGE_CURVE('',#1376,#1437,#859,.T.);
#1807=EDGE_CURVE('',#1437,#1437,#666,.T.);
#1808=EDGE_CURVE('',#1438,#1439,#1223,.T.);
#1809=EDGE_CURVE('',#1439,#1438,#1224,.T.);
#1810=EDGE_CURVE('',#1439,#1437,#860,.T.);
#1811=EDGE_CURVE('',#1372,#1440,#861,.T.);
#1812=EDGE_CURVE('',#1440,#1440,#667,.T.);
#1813=EDGE_CURVE('',#1441,#1442,#1225,.T.);
#1814=EDGE_CURVE('',#1442,#1441,#1226,.T.);
#1815=EDGE_CURVE('',#1442,#1440,#862,.T.);
#1816=EDGE_CURVE('',#1375,#1443,#863,.T.);
#1817=EDGE_CURVE('',#1443,#1443,#668,.T.);
#1818=EDGE_CURVE('',#1444,#1445,#1227,.T.);
#1819=EDGE_CURVE('',#1445,#1444,#1228,.T.);
#1820=EDGE_CURVE('',#1445,#1443,#864,.T.);
#1821=EDGE_CURVE('',#1373,#1446,#865,.T.);
#1822=EDGE_CURVE('',#1446,#1446,#669,.T.);
#1823=EDGE_CURVE('',#1447,#1448,#1229,.T.);
#1824=EDGE_CURVE('',#1448,#1447,#1230,.T.);
#1825=EDGE_CURVE('',#1448,#1446,#866,.T.);
#1826=EDGE_CURVE('',#1374,#1449,#867,.T.);
#1827=EDGE_CURVE('',#1449,#1449,#670,.T.);
#1828=EDGE_CURVE('',#1450,#1451,#1231,.T.);
#1829=EDGE_CURVE('',#1451,#1450,#1232,.T.);
#1830=EDGE_CURVE('',#1451,#1449,#868,.T.);
#1831=EDGE_CURVE('',#1267,#1432,#869,.T.);
#1832=EDGE_CURVE('',#1273,#1435,#870,.T.);
#1833=EDGE_CURVE('',#1268,#1438,#871,.T.);
#1834=EDGE_CURVE('',#1272,#1441,#872,.T.);
#1835=EDGE_CURVE('',#1269,#1444,#873,.T.);
#1836=EDGE_CURVE('',#1271,#1447,#874,.T.);
#1837=EDGE_CURVE('',#1270,#1450,#875,.T.);
#1838=EDGE_CURVE('',#1452,#1452,#671,.T.);
#1839=EDGE_CURVE('',#1452,#1300,#876,.T.);
#1840=EDGE_CURVE('',#1453,#1453,#672,.T.);
#1841=EDGE_CURVE('',#1453,#1299,#877,.T.);
#1842=EDGE_CURVE('',#1454,#1454,#673,.T.);
#1843=EDGE_CURVE('',#1454,#1298,#878,.T.);
#1844=EDGE_CURVE('',#1455,#1455,#674,.T.);
#1845=EDGE_CURVE('',#1455,#1297,#879,.T.);
#1846=EDGE_CURVE('',#1456,#1456,#675,.T.);
#1847=EDGE_CURVE('',#1456,#1296,#880,.T.);
#1848=EDGE_CURVE('',#1457,#1457,#676,.T.);
#1849=EDGE_CURVE('',#1457,#1295,#881,.T.);
#1850=EDGE_CURVE('',#1458,#1458,#677,.T.);
#1851=EDGE_CURVE('',#1458,#1294,#882,.T.);
#1852=EDGE_CURVE('',#1402,#1459,#883,.T.);
#1853=EDGE_CURVE('',#1459,#1459,#678,.T.);
#1854=EDGE_CURVE('',#1459,#1460,#884,.T.);
#1855=EDGE_CURVE('',#1460,#1460,#679,.T.);
#1856=EDGE_CURVE('',#1403,#1461,#885,.T.);
#1857=EDGE_CURVE('',#1461,#1461,#680,.T.);
#1858=EDGE_CURVE('',#1461,#1462,#886,.T.);
#1859=EDGE_CURVE('',#1462,#1462,#681,.T.);
#1860=EDGE_CURVE('',#1404,#1463,#887,.T.);
#1861=EDGE_CURVE('',#1463,#1463,#682,.T.);
#1862=EDGE_CURVE('',#1463,#1464,#888,.T.);
#1863=EDGE_CURVE('',#1464,#1464,#683,.T.);
#1864=EDGE_CURVE('',#1405,#1465,#889,.T.);
#1865=EDGE_CURVE('',#1465,#1465,#684,.T.);
#1866=EDGE_CURVE('',#1465,#1466,#890,.T.);
#1867=EDGE_CURVE('',#1466,#1466,#685,.T.);
#1868=EDGE_CURVE('',#1406,#1467,#891,.T.);
#1869=EDGE_CURVE('',#1467,#1467,#686,.T.);
#1870=EDGE_CURVE('',#1467,#1468,#892,.T.);
#1871=EDGE_CURVE('',#1468,#1468,#687,.T.);
#1872=EDGE_CURVE('',#1407,#1469,#893,.T.);
#1873=EDGE_CURVE('',#1469,#1469,#688,.T.);
#1874=EDGE_CURVE('',#1469,#1470,#894,.T.);
#1875=EDGE_CURVE('',#1470,#1470,#689,.T.);
#1876=EDGE_CURVE('',#1408,#1471,#895,.T.);
#1877=EDGE_CURVE('',#1471,#1471,#690,.T.);
#1878=EDGE_CURVE('',#1471,#1472,#896,.T.);
#1879=EDGE_CURVE('',#1472,#1472,#691,.T.);
#1880=EDGE_CURVE('',#1399,#1293,#897,.T.);
#1881=EDGE_CURVE('',#1369,#1265,#898,.T.);
#1882=EDGE_CURVE('',#1266,#1368,#899,.T.);
#1883=EDGE_CURVE('',#1281,#1304,#1233,.T.);
#1884=EDGE_CURVE('',#1283,#1291,#900,.T.);
#1885=EDGE_CURVE('',#1291,#1280,#1234,.T.);
#1886=EDGE_CURVE('',#1346,#1398,#901,.T.);
#1887=EDGE_CURVE('',#1351,#1346,#902,.T.);
#1888=EDGE_CURVE('',#1280,#1370,#903,.T.);
#1889=EDGE_CURVE('',#1473,#1312,#692,.T.);
#1890=EDGE_CURVE('',#1473,#1474,#904,.T.);
#1891=EDGE_CURVE('',#1363,#1474,#693,.T.);
#1892=EDGE_CURVE('',#1475,#1475,#694,.T.);
#1893=EDGE_CURVE('',#1476,#1477,#695,.T.);
#1894=EDGE_CURVE('',#1477,#1428,#905,.T.);
#1895=EDGE_CURVE('',#1384,#1476,#906,.T.);
#1896=EDGE_CURVE('',#1477,#1478,#907,.T.);
#1897=EDGE_CURVE('',#1429,#1478,#908,.T.);
#1898=EDGE_CURVE('',#1478,#1335,#696,.T.);
#1899=EDGE_CURVE('',#1479,#1476,#697,.T.);
#1900=EDGE_CURVE('',#1480,#1479,#698,.T.);
#1901=EDGE_CURVE('',#1340,#1480,#699,.T.);
#1902=EDGE_CURVE('',#1481,#1481,#700,.T.);
#1903=EDGE_CURVE('',#1480,#1482,#909,.T.);
#1904=EDGE_CURVE('',#1482,#1256,#701,.T.);
#1905=EDGE_CURVE('',#1483,#1484,#702,.T.);
#1906=EDGE_CURVE('',#1484,#1418,#910,.T.);
#1907=EDGE_CURVE('',#1396,#1483,#911,.T.);
#1908=EDGE_CURVE('',#1484,#1485,#703,.T.);
#1909=EDGE_CURVE('',#1485,#1486,#912,.T.);
#1910=EDGE_CURVE('',#1486,#1487,#704,.T.);
#1911=EDGE_CURVE('',#1487,#1419,#913,.T.);
#1912=EDGE_CURVE('',#1327,#1488,#705,.T.);
#1913=EDGE_CURVE('',#1488,#1395,#914,.T.);
#1914=EDGE_CURVE('',#1489,#1326,#706,.T.);
#1915=EDGE_CURVE('',#1490,#1489,#707,.T.);
#1916=EDGE_CURVE('',#1485,#1490,#708,.T.);
#1917=EDGE_CURVE('',#1488,#1483,#915,.T.);
#1918=EDGE_CURVE('',#1491,#1491,#709,.T.);
#1919=EDGE_CURVE('',#1343,#1489,#916,.T.);
#1920=EDGE_CURVE('',#1318,#1492,#710,.T.);
#1921=EDGE_CURVE('',#1492,#1493,#917,.T.);
#1922=EDGE_CURVE('',#1493,#1319,#711,.T.);
#1923=EDGE_CURVE('',#1494,#1493,#918,.T.);
#1924=EDGE_CURVE('',#1495,#1494,#712,.T.);
#1925=EDGE_CURVE('',#1496,#1495,#713,.T.);
#1926=EDGE_CURVE('',#1497,#1496,#714,.T.);
#1927=EDGE_CURVE('',#1350,#1497,#715,.T.);
#1928=EDGE_CURVE('',#1498,#1498,#716,.T.);
#1929=EDGE_CURVE('',#1499,#1492,#919,.T.);
#1930=EDGE_CURVE('',#1494,#1499,#920,.T.);
#1931=EDGE_CURVE('',#1499,#1412,#717,.T.);
#1932=EDGE_CURVE('',#1415,#1495,#921,.T.);
#1933=EDGE_CURVE('',#1497,#1500,#922,.T.);
#1934=EDGE_CURVE('',#1500,#1501,#718,.T.);
#1935=EDGE_CURVE('',#1501,#1349,#923,.T.);
#1936=EDGE_CURVE('',#1502,#1503,#719,.T.);
#1937=EDGE_CURVE('',#1503,#1424,#924,.T.);
#1938=EDGE_CURVE('',#1474,#1502,#925,.T.);
#1939=EDGE_CURVE('',#1503,#1504,#720,.T.);
#1940=EDGE_CURVE('',#1504,#1505,#926,.T.);
#1941=EDGE_CURVE('',#1505,#1506,#721,.T.);
#1942=EDGE_CURVE('',#1506,#1425,#927,.T.);
#1943=EDGE_CURVE('',#1355,#1507,#928,.T.);
#1944=EDGE_CURVE('',#1507,#1310,#722,.T.);
#1945=EDGE_CURVE('',#1311,#1508,#723,.T.);
#1946=EDGE_CURVE('',#1508,#1473,#929,.T.);
#1947=EDGE_CURVE('',#1508,#1502,#930,.T.);
#1948=EDGE_CURVE('',#1509,#1507,#724,.T.);
#1949=EDGE_CURVE('',#1504,#1509,#725,.T.);
#1950=EDGE_CURVE('',#1510,#1510,#726,.T.);
#1951=EDGE_CURVE('',#1430,#1481,#931,.T.);
#1952=EDGE_CURVE('',#1397,#1491,#932,.T.);
#1953=EDGE_CURVE('',#1511,#1511,#727,.T.);
#1954=EDGE_CURVE('',#1511,#1498,#933,.T.);
#1955=EDGE_CURVE('',#1475,#1510,#934,.T.);
#1956=EDGE_CURVE('',#1512,#1500,#728,.T.);
#1957=EDGE_CURVE('',#1513,#1512,#729,.T.);
#1958=EDGE_CURVE('',#1487,#1513,#935,.T.);
#1959=EDGE_CURVE('',#1514,#1486,#730,.T.);
#1960=EDGE_CURVE('',#1257,#1514,#731,.T.);
#1961=EDGE_CURVE('',#1515,#1482,#732,.T.);
#1962=EDGE_CURVE('',#1516,#1515,#733,.T.);
#1963=EDGE_CURVE('',#1506,#1516,#936,.T.);
#1964=EDGE_CURVE('',#1517,#1505,#734,.T.);
#1965=EDGE_CURVE('',#1518,#1517,#735,.T.);
#1966=EDGE_CURVE('',#1501,#1518,#937,.T.);
#1967=EDGE_CURVE('',#1512,#1496,#938,.T.);
#1968=EDGE_CURVE('',#1513,#1421,#939,.T.);
#1969=EDGE_CURVE('',#1514,#1490,#940,.T.);
#1970=EDGE_CURVE('',#1515,#1479,#941,.T.);
#1971=EDGE_CURVE('',#1516,#1423,#942,.T.);
#1972=EDGE_CURVE('',#1518,#1356,#943,.T.);
#1973=EDGE_CURVE('',#1517,#1509,#944,.T.);
#1974=ORIENTED_EDGE('',*,*,#1519,.T.);
#1975=ORIENTED_EDGE('',*,*,#1520,.T.);
#1976=ORIENTED_EDGE('',*,*,#1521,.T.);
#1977=ORIENTED_EDGE('',*,*,#1522,.T.);
#1978=ORIENTED_EDGE('',*,*,#1523,.T.);
#1979=ORIENTED_EDGE('',*,*,#1522,.F.);
#1980=ORIENTED_EDGE('',*,*,#1524,.T.);
#1981=ORIENTED_EDGE('',*,*,#1525,.F.);
#1982=ORIENTED_EDGE('',*,*,#1526,.T.);
#1983=ORIENTED_EDGE('',*,*,#1527,.F.);
#1984=ORIENTED_EDGE('',*,*,#1528,.F.);
#1985=ORIENTED_EDGE('',*,*,#1529,.F.);
#1986=ORIENTED_EDGE('',*,*,#1530,.T.);
#1987=ORIENTED_EDGE('',*,*,#1531,.F.);
#1988=ORIENTED_EDGE('',*,*,#1532,.F.);
#1989=ORIENTED_EDGE('',*,*,#1533,.F.);
#1990=ORIENTED_EDGE('',*,*,#1534,.T.);
#1991=ORIENTED_EDGE('',*,*,#1521,.F.);
#1992=ORIENTED_EDGE('',*,*,#1535,.T.);
#1993=ORIENTED_EDGE('',*,*,#1536,.F.);
#1994=ORIENTED_EDGE('',*,*,#1537,.F.);
#1995=ORIENTED_EDGE('',*,*,#1538,.F.);
#1996=ORIENTED_EDGE('',*,*,#1539,.F.);
#1997=ORIENTED_EDGE('',*,*,#1540,.F.);
#1998=ORIENTED_EDGE('',*,*,#1541,.F.);
#1999=ORIENTED_EDGE('',*,*,#1542,.T.);
#2000=ORIENTED_EDGE('',*,*,#1543,.T.);
#2001=ORIENTED_EDGE('',*,*,#1544,.F.);
#2002=ORIENTED_EDGE('',*,*,#1545,.F.);
#2003=ORIENTED_EDGE('',*,*,#1546,.F.);
#2004=ORIENTED_EDGE('',*,*,#1547,.F.);
#2005=ORIENTED_EDGE('',*,*,#1548,.F.);
#2006=ORIENTED_EDGE('',*,*,#1549,.T.);
#2007=ORIENTED_EDGE('',*,*,#1550,.F.);
#2008=ORIENTED_EDGE('',*,*,#1524,.F.);
#2009=ORIENTED_EDGE('',*,*,#1520,.F.);
#2010=ORIENTED_EDGE('',*,*,#1551,.F.);
#2011=ORIENTED_EDGE('',*,*,#1552,.F.);
#2012=ORIENTED_EDGE('',*,*,#1553,.F.);
#2013=ORIENTED_EDGE('',*,*,#1535,.F.);
#2014=ORIENTED_EDGE('',*,*,#1554,.F.);
#2015=ORIENTED_EDGE('',*,*,#1555,.F.);
#2016=ORIENTED_EDGE('',*,*,#1556,.F.);
#2017=ORIENTED_EDGE('',*,*,#1557,.F.);
#2018=ORIENTED_EDGE('',*,*,#1558,.F.);
#2019=ORIENTED_EDGE('',*,*,#1559,.F.);
#2020=ORIENTED_EDGE('',*,*,#1560,.F.);
#2021=ORIENTED_EDGE('',*,*,#1533,.T.);
#2022=ORIENTED_EDGE('',*,*,#1561,.T.);
#2023=ORIENTED_EDGE('',*,*,#1562,.T.);
#2024=ORIENTED_EDGE('',*,*,#1563,.T.);
#2025=ORIENTED_EDGE('',*,*,#1561,.F.);
#2026=ORIENTED_EDGE('',*,*,#1532,.T.);
#2027=ORIENTED_EDGE('',*,*,#1564,.F.);
#2028=ORIENTED_EDGE('',*,*,#1565,.T.);
#2029=ORIENTED_EDGE('',*,*,#1566,.T.);
#2030=ORIENTED_EDGE('',*,*,#1564,.T.);
#2031=ORIENTED_EDGE('',*,*,#1531,.T.);
#2032=ORIENTED_EDGE('',*,*,#1567,.T.);
#2033=ORIENTED_EDGE('',*,*,#1568,.T.);
#2034=ORIENTED_EDGE('',*,*,#1568,.F.);
#2035=ORIENTED_EDGE('',*,*,#1569,.T.);
#2036=ORIENTED_EDGE('',*,*,#1570,.F.);
#2037=ORIENTED_EDGE('',*,*,#1571,.T.);
#2038=ORIENTED_EDGE('',*,*,#1572,.F.);
#2039=ORIENTED_EDGE('',*,*,#1567,.F.);
#2040=ORIENTED_EDGE('',*,*,#1530,.F.);
#2041=ORIENTED_EDGE('',*,*,#1573,.F.);
#2042=ORIENTED_EDGE('',*,*,#1574,.F.);
#2043=ORIENTED_EDGE('',*,*,#1575,.F.);
#2044=ORIENTED_EDGE('',*,*,#1569,.F.);
#2045=ORIENTED_EDGE('',*,*,#1576,.T.);
#2046=ORIENTED_EDGE('',*,*,#1577,.T.);
#2047=ORIENTED_EDGE('',*,*,#1525,.T.);
#2048=ORIENTED_EDGE('',*,*,#1550,.T.);
#2049=ORIENTED_EDGE('',*,*,#1578,.T.);
#2050=ORIENTED_EDGE('',*,*,#1577,.F.);
#2051=ORIENTED_EDGE('',*,*,#1579,.F.);
#2052=ORIENTED_EDGE('',*,*,#1580,.F.);
#2053=ORIENTED_EDGE('',*,*,#1581,.F.);
#2054=ORIENTED_EDGE('',*,*,#1526,.F.);
#2055=ORIENTED_EDGE('',*,*,#1576,.F.);
#2056=ORIENTED_EDGE('',*,*,#1582,.T.);
#2057=ORIENTED_EDGE('',*,*,#1583,.T.);
#2058=ORIENTED_EDGE('',*,*,#1584,.T.);
#2059=ORIENTED_EDGE('',*,*,#1585,.T.);
#2060=ORIENTED_EDGE('',*,*,#1586,.F.);
#2061=ORIENTED_EDGE('',*,*,#1587,.F.);
#2062=ORIENTED_EDGE('',*,*,#1579,.T.);
#2063=ORIENTED_EDGE('',*,*,#1578,.F.);
#2064=ORIENTED_EDGE('',*,*,#1549,.F.);
#2065=ORIENTED_EDGE('',*,*,#1588,.F.);
#2066=ORIENTED_EDGE('',*,*,#1589,.F.);
#2067=ORIENTED_EDGE('',*,*,#1582,.F.);
#2068=ORIENTED_EDGE('',*,*,#1590,.T.);
#2069=ORIENTED_EDGE('',*,*,#1591,.T.);
#2070=ORIENTED_EDGE('',*,*,#1592,.T.);
#2071=ORIENTED_EDGE('',*,*,#1593,.T.);
#2072=ORIENTED_EDGE('',*,*,#1594,.T.);
#2073=ORIENTED_EDGE('',*,*,#1595,.T.);
#2074=ORIENTED_EDGE('',*,*,#1596,.T.);
#2075=ORIENTED_EDGE('',*,*,#1597,.T.);
#2076=ORIENTED_EDGE('',*,*,#1598,.T.);
#2077=ORIENTED_EDGE('',*,*,#1527,.T.);
#2078=ORIENTED_EDGE('',*,*,#1581,.T.);
#2079=ORIENTED_EDGE('',*,*,#1598,.F.);
#2080=ORIENTED_EDGE('',*,*,#1599,.T.);
#2081=ORIENTED_EDGE('',*,*,#1600,.F.);
#2082=ORIENTED_EDGE('',*,*,#1528,.T.);
#2083=ORIENTED_EDGE('',*,*,#1597,.F.);
#2084=ORIENTED_EDGE('',*,*,#1580,.T.);
#2085=ORIENTED_EDGE('',*,*,#1587,.T.);
#2086=ORIENTED_EDGE('',*,*,#1601,.T.);
#2087=ORIENTED_EDGE('',*,*,#1602,.F.);
#2088=ORIENTED_EDGE('',*,*,#1599,.F.);
#2089=ORIENTED_EDGE('',*,*,#1529,.T.);
#2090=ORIENTED_EDGE('',*,*,#1600,.T.);
#2091=ORIENTED_EDGE('',*,*,#1602,.T.);
#2092=ORIENTED_EDGE('',*,*,#1603,.T.);
#2093=ORIENTED_EDGE('',*,*,#1573,.T.);
#2094=ORIENTED_EDGE('',*,*,#1523,.F.);
#2095=ORIENTED_EDGE('',*,*,#1534,.F.);
#2096=ORIENTED_EDGE('',*,*,#1563,.F.);
#2097=ORIENTED_EDGE('',*,*,#1604,.F.);
#2098=ORIENTED_EDGE('',*,*,#1605,.F.);
#2099=ORIENTED_EDGE('',*,*,#1606,.T.);
#2100=ORIENTED_EDGE('',*,*,#1607,.T.);
#2101=ORIENTED_EDGE('',*,*,#1608,.T.);
#2102=ORIENTED_EDGE('',*,*,#1609,.T.);
#2103=ORIENTED_EDGE('',*,*,#1607,.F.);
#2104=ORIENTED_EDGE('',*,*,#1610,.F.);
#2105=ORIENTED_EDGE('',*,*,#1611,.F.);
#2106=ORIENTED_EDGE('',*,*,#1612,.T.);
#2107=ORIENTED_EDGE('',*,*,#1613,.F.);
#2108=ORIENTED_EDGE('',*,*,#1614,.F.);
#2109=ORIENTED_EDGE('',*,*,#1615,.T.);
#2110=ORIENTED_EDGE('',*,*,#1616,.T.);
#2111=ORIENTED_EDGE('',*,*,#1617,.T.);
#2112=ORIENTED_EDGE('',*,*,#1618,.T.);
#2113=ORIENTED_EDGE('',*,*,#1619,.F.);
#2114=ORIENTED_EDGE('',*,*,#1616,.F.);
#2115=ORIENTED_EDGE('',*,*,#1620,.F.);
#2116=ORIENTED_EDGE('',*,*,#1621,.F.);
#2117=ORIENTED_EDGE('',*,*,#1622,.T.);
#2118=ORIENTED_EDGE('',*,*,#1623,.F.);
#2119=ORIENTED_EDGE('',*,*,#1624,.T.);
#2120=ORIENTED_EDGE('',*,*,#1625,.T.);
#2121=ORIENTED_EDGE('',*,*,#1626,.T.);
#2122=ORIENTED_EDGE('',*,*,#1627,.T.);
#2123=ORIENTED_EDGE('',*,*,#1625,.F.);
#2124=ORIENTED_EDGE('',*,*,#1628,.F.);
#2125=ORIENTED_EDGE('',*,*,#1629,.F.);
#2126=ORIENTED_EDGE('',*,*,#1630,.T.);
#2127=ORIENTED_EDGE('',*,*,#1631,.F.);
#2128=ORIENTED_EDGE('',*,*,#1632,.F.);
#2129=ORIENTED_EDGE('',*,*,#1633,.T.);
#2130=ORIENTED_EDGE('',*,*,#1634,.T.);
#2131=ORIENTED_EDGE('',*,*,#1635,.T.);
#2132=ORIENTED_EDGE('',*,*,#1636,.T.);
#2133=ORIENTED_EDGE('',*,*,#1637,.F.);
#2134=ORIENTED_EDGE('',*,*,#1634,.F.);
#2135=ORIENTED_EDGE('',*,*,#1638,.F.);
#2136=ORIENTED_EDGE('',*,*,#1639,.F.);
#2137=ORIENTED_EDGE('',*,*,#1640,.T.);
#2138=ORIENTED_EDGE('',*,*,#1641,.F.);
#2139=ORIENTED_EDGE('',*,*,#1637,.T.);
#2140=ORIENTED_EDGE('',*,*,#1642,.T.);
#2141=ORIENTED_EDGE('',*,*,#1643,.T.);
#2142=ORIENTED_EDGE('',*,*,#1635,.F.);
#2143=ORIENTED_EDGE('',*,*,#1644,.T.);
#2144=ORIENTED_EDGE('',*,*,#1645,.T.);
#2145=ORIENTED_EDGE('',*,*,#1642,.F.);
#2146=ORIENTED_EDGE('',*,*,#1646,.T.);
#2147=ORIENTED_EDGE('',*,*,#1539,.T.);
#2148=ORIENTED_EDGE('',*,*,#1644,.F.);
#2149=ORIENTED_EDGE('',*,*,#1647,.T.);
#2150=ORIENTED_EDGE('',*,*,#1648,.T.);
#2151=ORIENTED_EDGE('',*,*,#1540,.T.);
#2152=ORIENTED_EDGE('',*,*,#1648,.F.);
#2153=ORIENTED_EDGE('',*,*,#1649,.T.);
#2154=ORIENTED_EDGE('',*,*,#1647,.F.);
#2155=ORIENTED_EDGE('',*,*,#1646,.F.);
#2156=ORIENTED_EDGE('',*,*,#1641,.T.);
#2157=ORIENTED_EDGE('',*,*,#1650,.T.);
#2158=ORIENTED_EDGE('',*,*,#1651,.T.);
#2159=ORIENTED_EDGE('',*,*,#1652,.T.);
#2160=ORIENTED_EDGE('',*,*,#1653,.T.);
#2161=ORIENTED_EDGE('',*,*,#1654,.T.);
#2162=ORIENTED_EDGE('',*,*,#1655,.T.);
#2163=ORIENTED_EDGE('',*,*,#1656,.T.);
#2164=ORIENTED_EDGE('',*,*,#1654,.F.);
#2165=ORIENTED_EDGE('',*,*,#1628,.T.);
#2166=ORIENTED_EDGE('',*,*,#1624,.F.);
#2167=ORIENTED_EDGE('',*,*,#1545,.T.);
#2168=ORIENTED_EDGE('',*,*,#1657,.T.);
#2169=ORIENTED_EDGE('',*,*,#1658,.T.);
#2170=ORIENTED_EDGE('',*,*,#1652,.F.);
#2171=ORIENTED_EDGE('',*,*,#1544,.T.);
#2172=ORIENTED_EDGE('',*,*,#1659,.T.);
#2173=ORIENTED_EDGE('',*,*,#1657,.F.);
#2174=ORIENTED_EDGE('',*,*,#1655,.F.);
#2175=ORIENTED_EDGE('',*,*,#1656,.F.);
#2176=ORIENTED_EDGE('',*,*,#1660,.F.);
#2177=ORIENTED_EDGE('',*,*,#1546,.T.);
#2178=ORIENTED_EDGE('',*,*,#1619,.T.);
#2179=ORIENTED_EDGE('',*,*,#1661,.T.);
#2180=ORIENTED_EDGE('',*,*,#1662,.T.);
#2181=ORIENTED_EDGE('',*,*,#1617,.F.);
#2182=ORIENTED_EDGE('',*,*,#1663,.T.);
#2183=ORIENTED_EDGE('',*,*,#1664,.T.);
#2184=ORIENTED_EDGE('',*,*,#1661,.F.);
#2185=ORIENTED_EDGE('',*,*,#1665,.T.);
#2186=ORIENTED_EDGE('',*,*,#1666,.T.);
#2187=ORIENTED_EDGE('',*,*,#1663,.F.);
#2188=ORIENTED_EDGE('',*,*,#1667,.T.);
#2189=ORIENTED_EDGE('',*,*,#1668,.T.);
#2190=ORIENTED_EDGE('',*,*,#1669,.T.);
#2191=ORIENTED_EDGE('',*,*,#1668,.F.);
#2192=ORIENTED_EDGE('',*,*,#1670,.T.);
#2193=ORIENTED_EDGE('',*,*,#1667,.F.);
#2194=ORIENTED_EDGE('',*,*,#1665,.F.);
#2195=ORIENTED_EDGE('',*,*,#1623,.T.);
#2196=ORIENTED_EDGE('',*,*,#1671,.T.);
#2197=ORIENTED_EDGE('',*,*,#1672,.T.);
#2198=ORIENTED_EDGE('',*,*,#1673,.T.);
#2199=ORIENTED_EDGE('',*,*,#1674,.T.);
#2200=ORIENTED_EDGE('',*,*,#1675,.T.);
#2201=ORIENTED_EDGE('',*,*,#1676,.T.);
#2202=ORIENTED_EDGE('',*,*,#1677,.T.);
#2203=ORIENTED_EDGE('',*,*,#1675,.F.);
#2204=ORIENTED_EDGE('',*,*,#1610,.T.);
#2205=ORIENTED_EDGE('',*,*,#1606,.F.);
#2206=ORIENTED_EDGE('',*,*,#1678,.T.);
#2207=ORIENTED_EDGE('',*,*,#1679,.T.);
#2208=ORIENTED_EDGE('',*,*,#1680,.T.);
#2209=ORIENTED_EDGE('',*,*,#1673,.F.);
#2210=ORIENTED_EDGE('',*,*,#1681,.T.);
#2211=ORIENTED_EDGE('',*,*,#1682,.T.);
#2212=ORIENTED_EDGE('',*,*,#1679,.F.);
#2213=ORIENTED_EDGE('',*,*,#1676,.F.);
#2214=ORIENTED_EDGE('',*,*,#1677,.F.);
#2215=ORIENTED_EDGE('',*,*,#1683,.F.);
#2216=ORIENTED_EDGE('',*,*,#1684,.T.);
#2217=ORIENTED_EDGE('',*,*,#1685,.F.);
#2218=ORIENTED_EDGE('',*,*,#1686,.F.);
#2219=ORIENTED_EDGE('',*,*,#1687,.F.);
#2220=ORIENTED_EDGE('',*,*,#1688,.T.);
#2221=ORIENTED_EDGE('',*,*,#1686,.T.);
#2222=ORIENTED_EDGE('',*,*,#1689,.T.);
#2223=ORIENTED_EDGE('',*,*,#1608,.F.);
#2224=ORIENTED_EDGE('',*,*,#1690,.F.);
#2225=ORIENTED_EDGE('',*,*,#1691,.T.);
#2226=ORIENTED_EDGE('',*,*,#1687,.T.);
#2227=ORIENTED_EDGE('',*,*,#1692,.T.);
#2228=ORIENTED_EDGE('',*,*,#1693,.T.);
#2229=ORIENTED_EDGE('',*,*,#1694,.T.);
#2230=ORIENTED_EDGE('',*,*,#1695,.T.);
#2231=ORIENTED_EDGE('',*,*,#1685,.T.);
#2232=ORIENTED_EDGE('',*,*,#1696,.T.);
#2233=ORIENTED_EDGE('',*,*,#1689,.F.);
#2234=ORIENTED_EDGE('',*,*,#1695,.F.);
#2235=ORIENTED_EDGE('',*,*,#1697,.F.);
#2236=ORIENTED_EDGE('',*,*,#1698,.F.);
#2237=ORIENTED_EDGE('',*,*,#1699,.F.);
#2238=ORIENTED_EDGE('',*,*,#1636,.F.);
#2239=ORIENTED_EDGE('',*,*,#1700,.T.);
#2240=ORIENTED_EDGE('',*,*,#1537,.T.);
#2241=ORIENTED_EDGE('',*,*,#1701,.F.);
#2242=ORIENTED_EDGE('',*,*,#1702,.T.);
#2243=ORIENTED_EDGE('',*,*,#1703,.F.);
#2244=ORIENTED_EDGE('',*,*,#1704,.T.);
#2245=ORIENTED_EDGE('',*,*,#1683,.T.);
#2246=ORIENTED_EDGE('',*,*,#1609,.F.);
#2247=ORIENTED_EDGE('',*,*,#1705,.F.);
#2248=ORIENTED_EDGE('',*,*,#1706,.F.);
#2249=ORIENTED_EDGE('',*,*,#1707,.F.);
#2250=ORIENTED_EDGE('',*,*,#1708,.F.);
#2251=ORIENTED_EDGE('',*,*,#1709,.F.);
#2252=ORIENTED_EDGE('',*,*,#1710,.F.);
#2253=ORIENTED_EDGE('',*,*,#1711,.F.);
#2254=ORIENTED_EDGE('',*,*,#1691,.F.);
#2255=ORIENTED_EDGE('',*,*,#1712,.T.);
#2256=ORIENTED_EDGE('',*,*,#1696,.F.);
#2257=ORIENTED_EDGE('',*,*,#1713,.F.);
#2258=ORIENTED_EDGE('',*,*,#1714,.F.);
#2259=ORIENTED_EDGE('',*,*,#1715,.F.);
#2260=ORIENTED_EDGE('',*,*,#1716,.F.);
#2261=ORIENTED_EDGE('',*,*,#1717,.T.);
#2262=ORIENTED_EDGE('',*,*,#1714,.T.);
#2263=ORIENTED_EDGE('',*,*,#1718,.T.);
#2264=ORIENTED_EDGE('',*,*,#1719,.T.);
#2265=ORIENTED_EDGE('',*,*,#1699,.T.);
#2266=ORIENTED_EDGE('',*,*,#1715,.T.);
#2267=ORIENTED_EDGE('',*,*,#1720,.T.);
#2268=ORIENTED_EDGE('',*,*,#1633,.F.);
#2269=ORIENTED_EDGE('',*,*,#1721,.T.);
#2270=ORIENTED_EDGE('',*,*,#1722,.T.);
#2271=ORIENTED_EDGE('',*,*,#1713,.T.);
#2272=ORIENTED_EDGE('',*,*,#1698,.T.);
#2273=ORIENTED_EDGE('',*,*,#1718,.F.);
#2274=ORIENTED_EDGE('',*,*,#1722,.F.);
#2275=ORIENTED_EDGE('',*,*,#1723,.T.);
#2276=ORIENTED_EDGE('',*,*,#1724,.T.);
#2277=ORIENTED_EDGE('',*,*,#1725,.T.);
#2278=ORIENTED_EDGE('',*,*,#1726,.T.);
#2279=ORIENTED_EDGE('',*,*,#1727,.F.);
#2280=ORIENTED_EDGE('',*,*,#1728,.F.);
#2281=ORIENTED_EDGE('',*,*,#1729,.F.);
#2282=ORIENTED_EDGE('',*,*,#1730,.T.);
#2283=ORIENTED_EDGE('',*,*,#1728,.T.);
#2284=ORIENTED_EDGE('',*,*,#1731,.T.);
#2285=ORIENTED_EDGE('',*,*,#1626,.F.);
#2286=ORIENTED_EDGE('',*,*,#1732,.F.);
#2287=ORIENTED_EDGE('',*,*,#1733,.T.);
#2288=ORIENTED_EDGE('',*,*,#1729,.T.);
#2289=ORIENTED_EDGE('',*,*,#1734,.T.);
#2290=ORIENTED_EDGE('',*,*,#1735,.T.);
#2291=ORIENTED_EDGE('',*,*,#1736,.T.);
#2292=ORIENTED_EDGE('',*,*,#1737,.T.);
#2293=ORIENTED_EDGE('',*,*,#1727,.T.);
#2294=ORIENTED_EDGE('',*,*,#1738,.T.);
#2295=ORIENTED_EDGE('',*,*,#1734,.F.);
#2296=ORIENTED_EDGE('',*,*,#1730,.F.);
#2297=ORIENTED_EDGE('',*,*,#1632,.T.);
#2298=ORIENTED_EDGE('',*,*,#1739,.F.);
#2299=ORIENTED_EDGE('',*,*,#1740,.T.);
#2300=ORIENTED_EDGE('',*,*,#1741,.F.);
#2301=ORIENTED_EDGE('',*,*,#1742,.T.);
#2302=ORIENTED_EDGE('',*,*,#1733,.F.);
#2303=ORIENTED_EDGE('',*,*,#1743,.T.);
#2304=ORIENTED_EDGE('',*,*,#1738,.F.);
#2305=ORIENTED_EDGE('',*,*,#1618,.F.);
#2306=ORIENTED_EDGE('',*,*,#1744,.T.);
#2307=ORIENTED_EDGE('',*,*,#1745,.T.);
#2308=ORIENTED_EDGE('',*,*,#1584,.F.);
#2309=ORIENTED_EDGE('',*,*,#1746,.T.);
#2310=ORIENTED_EDGE('',*,*,#1747,.F.);
#2311=ORIENTED_EDGE('',*,*,#1547,.T.);
#2312=ORIENTED_EDGE('',*,*,#1660,.T.);
#2313=ORIENTED_EDGE('',*,*,#1627,.F.);
#2314=ORIENTED_EDGE('',*,*,#1731,.F.);
#2315=ORIENTED_EDGE('',*,*,#1737,.F.);
#2316=ORIENTED_EDGE('',*,*,#1748,.T.);
#2317=ORIENTED_EDGE('',*,*,#1749,.F.);
#2318=ORIENTED_EDGE('',*,*,#1750,.F.);
#2319=ORIENTED_EDGE('',*,*,#1751,.T.);
#2320=ORIENTED_EDGE('',*,*,#1752,.T.);
#2321=ORIENTED_EDGE('',*,*,#1753,.T.);
#2322=ORIENTED_EDGE('',*,*,#1754,.T.);
#2323=ORIENTED_EDGE('',*,*,#1755,.T.);
#2324=ORIENTED_EDGE('',*,*,#1756,.T.);
#2325=ORIENTED_EDGE('',*,*,#1757,.T.);
#2326=ORIENTED_EDGE('',*,*,#1758,.F.);
#2327=ORIENTED_EDGE('',*,*,#1759,.F.);
#2328=ORIENTED_EDGE('',*,*,#1760,.F.);
#2329=ORIENTED_EDGE('',*,*,#1761,.T.);
#2330=ORIENTED_EDGE('',*,*,#1762,.T.);
#2331=ORIENTED_EDGE('',*,*,#1759,.T.);
#2332=ORIENTED_EDGE('',*,*,#1749,.T.);
#2333=ORIENTED_EDGE('',*,*,#1763,.F.);
#2334=ORIENTED_EDGE('',*,*,#1764,.T.);
#2335=ORIENTED_EDGE('',*,*,#1760,.T.);
#2336=ORIENTED_EDGE('',*,*,#1765,.T.);
#2337=ORIENTED_EDGE('',*,*,#1766,.T.);
#2338=ORIENTED_EDGE('',*,*,#1750,.T.);
#2339=ORIENTED_EDGE('',*,*,#1758,.T.);
#2340=ORIENTED_EDGE('',*,*,#1767,.T.);
#2341=ORIENTED_EDGE('',*,*,#1615,.F.);
#2342=ORIENTED_EDGE('',*,*,#1768,.T.);
#2343=ORIENTED_EDGE('',*,*,#1769,.T.);
#2344=ORIENTED_EDGE('',*,*,#1770,.T.);
#2345=ORIENTED_EDGE('',*,*,#1765,.F.);
#2346=ORIENTED_EDGE('',*,*,#1762,.F.);
#2347=ORIENTED_EDGE('',*,*,#1771,.T.);
#2348=ORIENTED_EDGE('',*,*,#1772,.T.);
#2349=ORIENTED_EDGE('',*,*,#1773,.T.);
#2350=ORIENTED_EDGE('',*,*,#1774,.F.);
#2351=ORIENTED_EDGE('',*,*,#1775,.T.);
#2352=ORIENTED_EDGE('',*,*,#1770,.F.);
#2353=ORIENTED_EDGE('',*,*,#1776,.T.);
#2354=ORIENTED_EDGE('',*,*,#1777,.F.);
#2355=ORIENTED_EDGE('',*,*,#1773,.F.);
#2356=ORIENTED_EDGE('',*,*,#1778,.T.);
#2357=ORIENTED_EDGE('',*,*,#1776,.F.);
#2358=ORIENTED_EDGE('',*,*,#1769,.F.);
#2359=ORIENTED_EDGE('',*,*,#1779,.F.);
#2360=ORIENTED_EDGE('',*,*,#1766,.F.);
#2361=ORIENTED_EDGE('',*,*,#1771,.F.);
#2362=ORIENTED_EDGE('',*,*,#1761,.F.);
#2363=ORIENTED_EDGE('',*,*,#1748,.F.);
#2364=ORIENTED_EDGE('',*,*,#1736,.F.);
#2365=ORIENTED_EDGE('',*,*,#1743,.F.);
#2366=ORIENTED_EDGE('',*,*,#1732,.T.);
#2367=ORIENTED_EDGE('',*,*,#1780,.T.);
#2368=ORIENTED_EDGE('',*,*,#1781,.T.);
#2369=ORIENTED_EDGE('',*,*,#1774,.T.);
#2370=ORIENTED_EDGE('',*,*,#1777,.T.);
#2371=ORIENTED_EDGE('',*,*,#1782,.T.);
#2372=ORIENTED_EDGE('',*,*,#1726,.F.);
#2373=ORIENTED_EDGE('',*,*,#1783,.F.);
#2374=ORIENTED_EDGE('',*,*,#1784,.T.);
#2375=ORIENTED_EDGE('',*,*,#1785,.F.);
#2376=ORIENTED_EDGE('',*,*,#1786,.F.);
#2377=ORIENTED_EDGE('',*,*,#1787,.T.);
#2378=ORIENTED_EDGE('',*,*,#1786,.T.);
#2379=ORIENTED_EDGE('',*,*,#1788,.T.);
#2380=ORIENTED_EDGE('',*,*,#1697,.T.);
#2381=ORIENTED_EDGE('',*,*,#1694,.F.);
#2382=ORIENTED_EDGE('',*,*,#1712,.F.);
#2383=ORIENTED_EDGE('',*,*,#1690,.T.);
#2384=ORIENTED_EDGE('',*,*,#1789,.T.);
#2385=ORIENTED_EDGE('',*,*,#1788,.F.);
#2386=ORIENTED_EDGE('',*,*,#1785,.T.);
#2387=ORIENTED_EDGE('',*,*,#1790,.T.);
#2388=ORIENTED_EDGE('',*,*,#1783,.T.);
#2389=ORIENTED_EDGE('',*,*,#1725,.F.);
#2390=ORIENTED_EDGE('',*,*,#1791,.F.);
#2391=ORIENTED_EDGE('',*,*,#1719,.F.);
#2392=ORIENTED_EDGE('',*,*,#1723,.F.);
#2393=ORIENTED_EDGE('',*,*,#1721,.F.);
#2394=ORIENTED_EDGE('',*,*,#1717,.F.);
#2395=ORIENTED_EDGE('',*,*,#1792,.F.);
#2396=ORIENTED_EDGE('',*,*,#1793,.T.);
#2397=ORIENTED_EDGE('',*,*,#1794,.F.);
#2398=ORIENTED_EDGE('',*,*,#1638,.T.);
#2399=ORIENTED_EDGE('',*,*,#1720,.F.);
#2400=ORIENTED_EDGE('',*,*,#1795,.T.);
#2401=ORIENTED_EDGE('',*,*,#1711,.T.);
#2402=ORIENTED_EDGE('',*,*,#1796,.T.);
#2403=ORIENTED_EDGE('',*,*,#1797,.T.);
#2404=ORIENTED_EDGE('',*,*,#1796,.F.);
#2405=ORIENTED_EDGE('',*,*,#1798,.F.);
#2406=ORIENTED_EDGE('',*,*,#1799,.F.);
#2407=ORIENTED_EDGE('',*,*,#1800,.T.);
#2408=ORIENTED_EDGE('',*,*,#1797,.F.);
#2409=ORIENTED_EDGE('',*,*,#1800,.F.);
#2410=ORIENTED_EDGE('',*,*,#1705,.T.);
#2411=ORIENTED_EDGE('',*,*,#1801,.T.);
#2412=ORIENTED_EDGE('',*,*,#1802,.T.);
#2413=ORIENTED_EDGE('',*,*,#1801,.F.);
#2414=ORIENTED_EDGE('',*,*,#1803,.F.);
#2415=ORIENTED_EDGE('',*,*,#1804,.F.);
#2416=ORIENTED_EDGE('',*,*,#1805,.T.);
#2417=ORIENTED_EDGE('',*,*,#1802,.F.);
#2418=ORIENTED_EDGE('',*,*,#1805,.F.);
#2419=ORIENTED_EDGE('',*,*,#1710,.T.);
#2420=ORIENTED_EDGE('',*,*,#1806,.T.);
#2421=ORIENTED_EDGE('',*,*,#1807,.T.);
#2422=ORIENTED_EDGE('',*,*,#1806,.F.);
#2423=ORIENTED_EDGE('',*,*,#1808,.F.);
#2424=ORIENTED_EDGE('',*,*,#1809,.F.);
#2425=ORIENTED_EDGE('',*,*,#1810,.T.);
#2426=ORIENTED_EDGE('',*,*,#1807,.F.);
#2427=ORIENTED_EDGE('',*,*,#1810,.F.);
#2428=ORIENTED_EDGE('',*,*,#1706,.T.);
#2429=ORIENTED_EDGE('',*,*,#1811,.T.);
#2430=ORIENTED_EDGE('',*,*,#1812,.T.);
#2431=ORIENTED_EDGE('',*,*,#1811,.F.);
#2432=ORIENTED_EDGE('',*,*,#1813,.F.);
#2433=ORIENTED_EDGE('',*,*,#1814,.F.);
#2434=ORIENTED_EDGE('',*,*,#1815,.T.);
#2435=ORIENTED_EDGE('',*,*,#1812,.F.);
#2436=ORIENTED_EDGE('',*,*,#1815,.F.);
#2437=ORIENTED_EDGE('',*,*,#1709,.T.);
#2438=ORIENTED_EDGE('',*,*,#1816,.T.);
#2439=ORIENTED_EDGE('',*,*,#1817,.T.);
#2440=ORIENTED_EDGE('',*,*,#1816,.F.);
#2441=ORIENTED_EDGE('',*,*,#1818,.F.);
#2442=ORIENTED_EDGE('',*,*,#1819,.F.);
#2443=ORIENTED_EDGE('',*,*,#1820,.T.);
#2444=ORIENTED_EDGE('',*,*,#1817,.F.);
#2445=ORIENTED_EDGE('',*,*,#1820,.F.);
#2446=ORIENTED_EDGE('',*,*,#1707,.T.);
#2447=ORIENTED_EDGE('',*,*,#1821,.T.);
#2448=ORIENTED_EDGE('',*,*,#1822,.T.);
#2449=ORIENTED_EDGE('',*,*,#1821,.F.);
#2450=ORIENTED_EDGE('',*,*,#1823,.F.);
#2451=ORIENTED_EDGE('',*,*,#1824,.F.);
#2452=ORIENTED_EDGE('',*,*,#1825,.T.);
#2453=ORIENTED_EDGE('',*,*,#1822,.F.);
#2454=ORIENTED_EDGE('',*,*,#1825,.F.);
#2455=ORIENTED_EDGE('',*,*,#1708,.T.);
#2456=ORIENTED_EDGE('',*,*,#1826,.T.);
#2457=ORIENTED_EDGE('',*,*,#1827,.T.);
#2458=ORIENTED_EDGE('',*,*,#1826,.F.);
#2459=ORIENTED_EDGE('',*,*,#1828,.F.);
#2460=ORIENTED_EDGE('',*,*,#1829,.F.);
#2461=ORIENTED_EDGE('',*,*,#1830,.T.);
#2462=ORIENTED_EDGE('',*,*,#1827,.F.);
#2463=ORIENTED_EDGE('',*,*,#1830,.F.);
#2464=ORIENTED_EDGE('',*,*,#1831,.T.);
#2465=ORIENTED_EDGE('',*,*,#1798,.T.);
#2466=ORIENTED_EDGE('',*,*,#1799,.T.);
#2467=ORIENTED_EDGE('',*,*,#1831,.F.);
#2468=ORIENTED_EDGE('',*,*,#1554,.T.);
#2469=ORIENTED_EDGE('',*,*,#1832,.T.);
#2470=ORIENTED_EDGE('',*,*,#1803,.T.);
#2471=ORIENTED_EDGE('',*,*,#1804,.T.);
#2472=ORIENTED_EDGE('',*,*,#1832,.F.);
#2473=ORIENTED_EDGE('',*,*,#1560,.T.);
#2474=ORIENTED_EDGE('',*,*,#1833,.T.);
#2475=ORIENTED_EDGE('',*,*,#1808,.T.);
#2476=ORIENTED_EDGE('',*,*,#1809,.T.);
#2477=ORIENTED_EDGE('',*,*,#1833,.F.);
#2478=ORIENTED_EDGE('',*,*,#1555,.T.);
#2479=ORIENTED_EDGE('',*,*,#1834,.T.);
#2480=ORIENTED_EDGE('',*,*,#1813,.T.);
#2481=ORIENTED_EDGE('',*,*,#1814,.T.);
#2482=ORIENTED_EDGE('',*,*,#1834,.F.);
#2483=ORIENTED_EDGE('',*,*,#1559,.T.);
#2484=ORIENTED_EDGE('',*,*,#1835,.T.);
#2485=ORIENTED_EDGE('',*,*,#1818,.T.);
#2486=ORIENTED_EDGE('',*,*,#1819,.T.);
#2487=ORIENTED_EDGE('',*,*,#1835,.F.);
#2488=ORIENTED_EDGE('',*,*,#1556,.T.);
#2489=ORIENTED_EDGE('',*,*,#1836,.T.);
#2490=ORIENTED_EDGE('',*,*,#1823,.T.);
#2491=ORIENTED_EDGE('',*,*,#1824,.T.);
#2492=ORIENTED_EDGE('',*,*,#1836,.F.);
#2493=ORIENTED_EDGE('',*,*,#1558,.T.);
#2494=ORIENTED_EDGE('',*,*,#1837,.T.);
#2495=ORIENTED_EDGE('',*,*,#1828,.T.);
#2496=ORIENTED_EDGE('',*,*,#1829,.T.);
#2497=ORIENTED_EDGE('',*,*,#1837,.F.);
#2498=ORIENTED_EDGE('',*,*,#1557,.T.);
#2499=ORIENTED_EDGE('',*,*,#1838,.F.);
#2500=ORIENTED_EDGE('',*,*,#1839,.T.);
#2501=ORIENTED_EDGE('',*,*,#1596,.F.);
#2502=ORIENTED_EDGE('',*,*,#1839,.F.);
#2503=ORIENTED_EDGE('',*,*,#1840,.F.);
#2504=ORIENTED_EDGE('',*,*,#1841,.T.);
#2505=ORIENTED_EDGE('',*,*,#1595,.F.);
#2506=ORIENTED_EDGE('',*,*,#1841,.F.);
#2507=ORIENTED_EDGE('',*,*,#1842,.F.);
#2508=ORIENTED_EDGE('',*,*,#1843,.T.);
#2509=ORIENTED_EDGE('',*,*,#1594,.F.);
#2510=ORIENTED_EDGE('',*,*,#1843,.F.);
#2511=ORIENTED_EDGE('',*,*,#1844,.F.);
#2512=ORIENTED_EDGE('',*,*,#1845,.T.);
#2513=ORIENTED_EDGE('',*,*,#1593,.F.);
#2514=ORIENTED_EDGE('',*,*,#1845,.F.);
#2515=ORIENTED_EDGE('',*,*,#1846,.F.);
#2516=ORIENTED_EDGE('',*,*,#1847,.T.);
#2517=ORIENTED_EDGE('',*,*,#1592,.F.);
#2518=ORIENTED_EDGE('',*,*,#1847,.F.);
#2519=ORIENTED_EDGE('',*,*,#1848,.F.);
#2520=ORIENTED_EDGE('',*,*,#1849,.T.);
#2521=ORIENTED_EDGE('',*,*,#1591,.F.);
#2522=ORIENTED_EDGE('',*,*,#1849,.F.);
#2523=ORIENTED_EDGE('',*,*,#1850,.F.);
#2524=ORIENTED_EDGE('',*,*,#1851,.T.);
#2525=ORIENTED_EDGE('',*,*,#1590,.F.);
#2526=ORIENTED_EDGE('',*,*,#1851,.F.);
#2527=ORIENTED_EDGE('',*,*,#1751,.F.);
#2528=ORIENTED_EDGE('',*,*,#1852,.T.);
#2529=ORIENTED_EDGE('',*,*,#1853,.F.);
#2530=ORIENTED_EDGE('',*,*,#1852,.F.);
#2531=ORIENTED_EDGE('',*,*,#1853,.T.);
#2532=ORIENTED_EDGE('',*,*,#1854,.T.);
#2533=ORIENTED_EDGE('',*,*,#1855,.F.);
#2534=ORIENTED_EDGE('',*,*,#1854,.F.);
#2535=ORIENTED_EDGE('',*,*,#1855,.T.);
#2536=ORIENTED_EDGE('',*,*,#1838,.T.);
#2537=ORIENTED_EDGE('',*,*,#1752,.F.);
#2538=ORIENTED_EDGE('',*,*,#1856,.T.);
#2539=ORIENTED_EDGE('',*,*,#1857,.F.);
#2540=ORIENTED_EDGE('',*,*,#1856,.F.);
#2541=ORIENTED_EDGE('',*,*,#1857,.T.);
#2542=ORIENTED_EDGE('',*,*,#1858,.T.);
#2543=ORIENTED_EDGE('',*,*,#1859,.F.);
#2544=ORIENTED_EDGE('',*,*,#1858,.F.);
#2545=ORIENTED_EDGE('',*,*,#1859,.T.);
#2546=ORIENTED_EDGE('',*,*,#1840,.T.);
#2547=ORIENTED_EDGE('',*,*,#1753,.F.);
#2548=ORIENTED_EDGE('',*,*,#1860,.T.);
#2549=ORIENTED_EDGE('',*,*,#1861,.F.);
#2550=ORIENTED_EDGE('',*,*,#1860,.F.);
#2551=ORIENTED_EDGE('',*,*,#1861,.T.);
#2552=ORIENTED_EDGE('',*,*,#1862,.T.);
#2553=ORIENTED_EDGE('',*,*,#1863,.F.);
#2554=ORIENTED_EDGE('',*,*,#1862,.F.);
#2555=ORIENTED_EDGE('',*,*,#1863,.T.);
#2556=ORIENTED_EDGE('',*,*,#1842,.T.);
#2557=ORIENTED_EDGE('',*,*,#1754,.F.);
#2558=ORIENTED_EDGE('',*,*,#1864,.T.);
#2559=ORIENTED_EDGE('',*,*,#1865,.F.);
#2560=ORIENTED_EDGE('',*,*,#1864,.F.);
#2561=ORIENTED_EDGE('',*,*,#1865,.T.);
#2562=ORIENTED_EDGE('',*,*,#1866,.T.);
#2563=ORIENTED_EDGE('',*,*,#1867,.F.);
#2564=ORIENTED_EDGE('',*,*,#1866,.F.);
#2565=ORIENTED_EDGE('',*,*,#1867,.T.);
#2566=ORIENTED_EDGE('',*,*,#1844,.T.);
#2567=ORIENTED_EDGE('',*,*,#1755,.F.);
#2568=ORIENTED_EDGE('',*,*,#1868,.T.);
#2569=ORIENTED_EDGE('',*,*,#1869,.F.);
#2570=ORIENTED_EDGE('',*,*,#1868,.F.);
#2571=ORIENTED_EDGE('',*,*,#1869,.T.);
#2572=ORIENTED_EDGE('',*,*,#1870,.T.);
#2573=ORIENTED_EDGE('',*,*,#1871,.F.);
#2574=ORIENTED_EDGE('',*,*,#1870,.F.);
#2575=ORIENTED_EDGE('',*,*,#1871,.T.);
#2576=ORIENTED_EDGE('',*,*,#1846,.T.);
#2577=ORIENTED_EDGE('',*,*,#1756,.F.);
#2578=ORIENTED_EDGE('',*,*,#1872,.T.);
#2579=ORIENTED_EDGE('',*,*,#1873,.F.);
#2580=ORIENTED_EDGE('',*,*,#1872,.F.);
#2581=ORIENTED_EDGE('',*,*,#1873,.T.);
#2582=ORIENTED_EDGE('',*,*,#1874,.T.);
#2583=ORIENTED_EDGE('',*,*,#1875,.F.);
#2584=ORIENTED_EDGE('',*,*,#1874,.F.);
#2585=ORIENTED_EDGE('',*,*,#1875,.T.);
#2586=ORIENTED_EDGE('',*,*,#1848,.T.);
#2587=ORIENTED_EDGE('',*,*,#1757,.F.);
#2588=ORIENTED_EDGE('',*,*,#1876,.T.);
#2589=ORIENTED_EDGE('',*,*,#1877,.F.);
#2590=ORIENTED_EDGE('',*,*,#1876,.F.);
#2591=ORIENTED_EDGE('',*,*,#1877,.T.);
#2592=ORIENTED_EDGE('',*,*,#1878,.T.);
#2593=ORIENTED_EDGE('',*,*,#1879,.F.);
#2594=ORIENTED_EDGE('',*,*,#1878,.F.);
#2595=ORIENTED_EDGE('',*,*,#1879,.T.);
#2596=ORIENTED_EDGE('',*,*,#1850,.T.);
#2597=ORIENTED_EDGE('',*,*,#1589,.T.);
#2598=ORIENTED_EDGE('',*,*,#1880,.F.);
#2599=ORIENTED_EDGE('',*,*,#1746,.F.);
#2600=ORIENTED_EDGE('',*,*,#1583,.F.);
#2601=ORIENTED_EDGE('',*,*,#1552,.T.);
#2602=ORIENTED_EDGE('',*,*,#1881,.F.);
#2603=ORIENTED_EDGE('',*,*,#1702,.F.);
#2604=ORIENTED_EDGE('',*,*,#1882,.F.);
#2605=ORIENTED_EDGE('',*,*,#1588,.T.);
#2606=ORIENTED_EDGE('',*,*,#1548,.T.);
#2607=ORIENTED_EDGE('',*,*,#1747,.T.);
#2608=ORIENTED_EDGE('',*,*,#1880,.T.);
#2609=ORIENTED_EDGE('',*,*,#1562,.F.);
#2610=ORIENTED_EDGE('',*,*,#1565,.F.);
#2611=ORIENTED_EDGE('',*,*,#1566,.F.);
#2612=ORIENTED_EDGE('',*,*,#1572,.T.);
#2613=ORIENTED_EDGE('',*,*,#1883,.T.);
#2614=ORIENTED_EDGE('',*,*,#1604,.T.);
#2615=ORIENTED_EDGE('',*,*,#1570,.T.);
#2616=ORIENTED_EDGE('',*,*,#1575,.T.);
#2617=ORIENTED_EDGE('',*,*,#1884,.T.);
#2618=ORIENTED_EDGE('',*,*,#1885,.T.);
#2619=ORIENTED_EDGE('',*,*,#1603,.F.);
#2620=ORIENTED_EDGE('',*,*,#1601,.F.);
#2621=ORIENTED_EDGE('',*,*,#1586,.T.);
#2622=ORIENTED_EDGE('',*,*,#1884,.F.);
#2623=ORIENTED_EDGE('',*,*,#1574,.T.);
#2624=ORIENTED_EDGE('',*,*,#1885,.F.);
#2625=ORIENTED_EDGE('',*,*,#1585,.F.);
#2626=ORIENTED_EDGE('',*,*,#1745,.F.);
#2627=ORIENTED_EDGE('',*,*,#1886,.F.);
#2628=ORIENTED_EDGE('',*,*,#1887,.F.);
#2629=ORIENTED_EDGE('',*,*,#1684,.F.);
#2630=ORIENTED_EDGE('',*,*,#1704,.F.);
#2631=ORIENTED_EDGE('',*,*,#1888,.F.);
#2632=ORIENTED_EDGE('',*,*,#1553,.T.);
#2633=ORIENTED_EDGE('',*,*,#1882,.T.);
#2634=ORIENTED_EDGE('',*,*,#1701,.T.);
#2635=ORIENTED_EDGE('',*,*,#1536,.T.);
#2636=ORIENTED_EDGE('',*,*,#1519,.F.);
#2637=ORIENTED_EDGE('',*,*,#1605,.T.);
#2638=ORIENTED_EDGE('',*,*,#1883,.F.);
#2639=ORIENTED_EDGE('',*,*,#1571,.F.);
#2640=ORIENTED_EDGE('',*,*,#1888,.T.);
#2641=ORIENTED_EDGE('',*,*,#1703,.T.);
#2642=ORIENTED_EDGE('',*,*,#1881,.T.);
#2643=ORIENTED_EDGE('',*,*,#1551,.T.);
#2644=ORIENTED_EDGE('',*,*,#1664,.F.);
#2645=ORIENTED_EDGE('',*,*,#1886,.T.);
#2646=ORIENTED_EDGE('',*,*,#1744,.F.);
#2647=ORIENTED_EDGE('',*,*,#1662,.F.);
#2648=ORIENTED_EDGE('',*,*,#1645,.F.);
#2649=ORIENTED_EDGE('',*,*,#1538,.T.);
#2650=ORIENTED_EDGE('',*,*,#1700,.F.);
#2651=ORIENTED_EDGE('',*,*,#1643,.F.);
#2652=ORIENTED_EDGE('',*,*,#1688,.F.);
#2653=ORIENTED_EDGE('',*,*,#1614,.T.);
#2654=ORIENTED_EDGE('',*,*,#1889,.F.);
#2655=ORIENTED_EDGE('',*,*,#1890,.T.);
#2656=ORIENTED_EDGE('',*,*,#1891,.F.);
#2657=ORIENTED_EDGE('',*,*,#1692,.F.);
#2658=ORIENTED_EDGE('',*,*,#1892,.T.);
#2659=ORIENTED_EDGE('',*,*,#1893,.T.);
#2660=ORIENTED_EDGE('',*,*,#1894,.T.);
#2661=ORIENTED_EDGE('',*,*,#1792,.T.);
#2662=ORIENTED_EDGE('',*,*,#1716,.T.);
#2663=ORIENTED_EDGE('',*,*,#1791,.T.);
#2664=ORIENTED_EDGE('',*,*,#1724,.F.);
#2665=ORIENTED_EDGE('',*,*,#1895,.T.);
#2666=ORIENTED_EDGE('',*,*,#1894,.F.);
#2667=ORIENTED_EDGE('',*,*,#1896,.T.);
#2668=ORIENTED_EDGE('',*,*,#1897,.F.);
#2669=ORIENTED_EDGE('',*,*,#1793,.F.);
#2670=ORIENTED_EDGE('',*,*,#1794,.T.);
#2671=ORIENTED_EDGE('',*,*,#1897,.T.);
#2672=ORIENTED_EDGE('',*,*,#1898,.T.);
#2673=ORIENTED_EDGE('',*,*,#1639,.T.);
#2674=ORIENTED_EDGE('',*,*,#1898,.F.);
#2675=ORIENTED_EDGE('',*,*,#1896,.F.);
#2676=ORIENTED_EDGE('',*,*,#1893,.F.);
#2677=ORIENTED_EDGE('',*,*,#1899,.F.);
#2678=ORIENTED_EDGE('',*,*,#1900,.F.);
#2679=ORIENTED_EDGE('',*,*,#1901,.F.);
#2680=ORIENTED_EDGE('',*,*,#1650,.F.);
#2681=ORIENTED_EDGE('',*,*,#1640,.F.);
#2682=ORIENTED_EDGE('',*,*,#1902,.F.);
#2683=ORIENTED_EDGE('',*,*,#1649,.F.);
#2684=ORIENTED_EDGE('',*,*,#1651,.F.);
#2685=ORIENTED_EDGE('',*,*,#1901,.T.);
#2686=ORIENTED_EDGE('',*,*,#1903,.T.);
#2687=ORIENTED_EDGE('',*,*,#1904,.T.);
#2688=ORIENTED_EDGE('',*,*,#1541,.T.);
#2689=ORIENTED_EDGE('',*,*,#1905,.T.);
#2690=ORIENTED_EDGE('',*,*,#1906,.T.);
#2691=ORIENTED_EDGE('',*,*,#1781,.F.);
#2692=ORIENTED_EDGE('',*,*,#1780,.F.);
#2693=ORIENTED_EDGE('',*,*,#1735,.F.);
#2694=ORIENTED_EDGE('',*,*,#1741,.T.);
#2695=ORIENTED_EDGE('',*,*,#1907,.T.);
#2696=ORIENTED_EDGE('',*,*,#1906,.F.);
#2697=ORIENTED_EDGE('',*,*,#1908,.T.);
#2698=ORIENTED_EDGE('',*,*,#1909,.T.);
#2699=ORIENTED_EDGE('',*,*,#1910,.T.);
#2700=ORIENTED_EDGE('',*,*,#1911,.T.);
#2701=ORIENTED_EDGE('',*,*,#1772,.F.);
#2702=ORIENTED_EDGE('',*,*,#1739,.T.);
#2703=ORIENTED_EDGE('',*,*,#1631,.T.);
#2704=ORIENTED_EDGE('',*,*,#1912,.T.);
#2705=ORIENTED_EDGE('',*,*,#1913,.T.);
#2706=ORIENTED_EDGE('',*,*,#1912,.F.);
#2707=ORIENTED_EDGE('',*,*,#1630,.F.);
#2708=ORIENTED_EDGE('',*,*,#1914,.F.);
#2709=ORIENTED_EDGE('',*,*,#1915,.F.);
#2710=ORIENTED_EDGE('',*,*,#1916,.F.);
#2711=ORIENTED_EDGE('',*,*,#1908,.F.);
#2712=ORIENTED_EDGE('',*,*,#1905,.F.);
#2713=ORIENTED_EDGE('',*,*,#1917,.F.);
#2714=ORIENTED_EDGE('',*,*,#1918,.F.);
#2715=ORIENTED_EDGE('',*,*,#1658,.F.);
#2716=ORIENTED_EDGE('',*,*,#1919,.T.);
#2717=ORIENTED_EDGE('',*,*,#1914,.T.);
#2718=ORIENTED_EDGE('',*,*,#1629,.T.);
#2719=ORIENTED_EDGE('',*,*,#1653,.F.);
#2720=ORIENTED_EDGE('',*,*,#1920,.T.);
#2721=ORIENTED_EDGE('',*,*,#1921,.T.);
#2722=ORIENTED_EDGE('',*,*,#1922,.T.);
#2723=ORIENTED_EDGE('',*,*,#1621,.T.);
#2724=ORIENTED_EDGE('',*,*,#1922,.F.);
#2725=ORIENTED_EDGE('',*,*,#1923,.F.);
#2726=ORIENTED_EDGE('',*,*,#1924,.F.);
#2727=ORIENTED_EDGE('',*,*,#1925,.F.);
#2728=ORIENTED_EDGE('',*,*,#1926,.F.);
#2729=ORIENTED_EDGE('',*,*,#1927,.F.);
#2730=ORIENTED_EDGE('',*,*,#1671,.F.);
#2731=ORIENTED_EDGE('',*,*,#1622,.F.);
#2732=ORIENTED_EDGE('',*,*,#1928,.F.);
#2733=ORIENTED_EDGE('',*,*,#1921,.F.);
#2734=ORIENTED_EDGE('',*,*,#1929,.F.);
#2735=ORIENTED_EDGE('',*,*,#1930,.F.);
#2736=ORIENTED_EDGE('',*,*,#1923,.T.);
#2737=ORIENTED_EDGE('',*,*,#1924,.T.);
#2738=ORIENTED_EDGE('',*,*,#1930,.T.);
#2739=ORIENTED_EDGE('',*,*,#1931,.T.);
#2740=ORIENTED_EDGE('',*,*,#1763,.T.);
#2741=ORIENTED_EDGE('',*,*,#1779,.T.);
#2742=ORIENTED_EDGE('',*,*,#1768,.F.);
#2743=ORIENTED_EDGE('',*,*,#1932,.T.);
#2744=ORIENTED_EDGE('',*,*,#1670,.F.);
#2745=ORIENTED_EDGE('',*,*,#1672,.F.);
#2746=ORIENTED_EDGE('',*,*,#1927,.T.);
#2747=ORIENTED_EDGE('',*,*,#1933,.T.);
#2748=ORIENTED_EDGE('',*,*,#1934,.T.);
#2749=ORIENTED_EDGE('',*,*,#1935,.T.);
#2750=ORIENTED_EDGE('',*,*,#1936,.T.);
#2751=ORIENTED_EDGE('',*,*,#1937,.T.);
#2752=ORIENTED_EDGE('',*,*,#1787,.F.);
#2753=ORIENTED_EDGE('',*,*,#1789,.F.);
#2754=ORIENTED_EDGE('',*,*,#1693,.F.);
#2755=ORIENTED_EDGE('',*,*,#1891,.T.);
#2756=ORIENTED_EDGE('',*,*,#1938,.T.);
#2757=ORIENTED_EDGE('',*,*,#1937,.F.);
#2758=ORIENTED_EDGE('',*,*,#1939,.T.);
#2759=ORIENTED_EDGE('',*,*,#1940,.T.);
#2760=ORIENTED_EDGE('',*,*,#1941,.T.);
#2761=ORIENTED_EDGE('',*,*,#1942,.T.);
#2762=ORIENTED_EDGE('',*,*,#1784,.F.);
#2763=ORIENTED_EDGE('',*,*,#1680,.F.);
#2764=ORIENTED_EDGE('',*,*,#1943,.T.);
#2765=ORIENTED_EDGE('',*,*,#1944,.T.);
#2766=ORIENTED_EDGE('',*,*,#1611,.T.);
#2767=ORIENTED_EDGE('',*,*,#1674,.F.);
#2768=ORIENTED_EDGE('',*,*,#1889,.T.);
#2769=ORIENTED_EDGE('',*,*,#1613,.T.);
#2770=ORIENTED_EDGE('',*,*,#1945,.T.);
#2771=ORIENTED_EDGE('',*,*,#1946,.T.);
#2772=ORIENTED_EDGE('',*,*,#1938,.F.);
#2773=ORIENTED_EDGE('',*,*,#1890,.F.);
#2774=ORIENTED_EDGE('',*,*,#1946,.F.);
#2775=ORIENTED_EDGE('',*,*,#1947,.T.);
#2776=ORIENTED_EDGE('',*,*,#1945,.F.);
#2777=ORIENTED_EDGE('',*,*,#1612,.F.);
#2778=ORIENTED_EDGE('',*,*,#1944,.F.);
#2779=ORIENTED_EDGE('',*,*,#1948,.F.);
#2780=ORIENTED_EDGE('',*,*,#1949,.F.);
#2781=ORIENTED_EDGE('',*,*,#1939,.F.);
#2782=ORIENTED_EDGE('',*,*,#1936,.F.);
#2783=ORIENTED_EDGE('',*,*,#1947,.F.);
#2784=ORIENTED_EDGE('',*,*,#1950,.F.);
#2785=ORIENTED_EDGE('',*,*,#1795,.F.);
#2786=ORIENTED_EDGE('',*,*,#1951,.T.);
#2787=ORIENTED_EDGE('',*,*,#1902,.T.);
#2788=ORIENTED_EDGE('',*,*,#1951,.F.);
#2789=ORIENTED_EDGE('',*,*,#1742,.F.);
#2790=ORIENTED_EDGE('',*,*,#1952,.T.);
#2791=ORIENTED_EDGE('',*,*,#1918,.T.);
#2792=ORIENTED_EDGE('',*,*,#1952,.F.);
#2793=ORIENTED_EDGE('',*,*,#1953,.F.);
#2794=ORIENTED_EDGE('',*,*,#1954,.T.);
#2795=ORIENTED_EDGE('',*,*,#1928,.T.);
#2796=ORIENTED_EDGE('',*,*,#1954,.F.);
#2797=ORIENTED_EDGE('',*,*,#1892,.F.);
#2798=ORIENTED_EDGE('',*,*,#1955,.T.);
#2799=ORIENTED_EDGE('',*,*,#1950,.T.);
#2800=ORIENTED_EDGE('',*,*,#1955,.F.);
#2801=ORIENTED_EDGE('',*,*,#1907,.F.);
#2802=ORIENTED_EDGE('',*,*,#1740,.F.);
#2803=ORIENTED_EDGE('',*,*,#1913,.F.);
#2804=ORIENTED_EDGE('',*,*,#1917,.T.);
#2805=ORIENTED_EDGE('',*,*,#1764,.F.);
#2806=ORIENTED_EDGE('',*,*,#1931,.F.);
#2807=ORIENTED_EDGE('',*,*,#1929,.T.);
#2808=ORIENTED_EDGE('',*,*,#1920,.F.);
#2809=ORIENTED_EDGE('',*,*,#1620,.T.);
#2810=ORIENTED_EDGE('',*,*,#1767,.F.);
#2811=ORIENTED_EDGE('',*,*,#1953,.T.);
#2812=ORIENTED_EDGE('',*,*,#1934,.F.);
#2813=ORIENTED_EDGE('',*,*,#1956,.F.);
#2814=ORIENTED_EDGE('',*,*,#1957,.F.);
#2815=ORIENTED_EDGE('',*,*,#1958,.F.);
#2816=ORIENTED_EDGE('',*,*,#1910,.F.);
#2817=ORIENTED_EDGE('',*,*,#1959,.F.);
#2818=ORIENTED_EDGE('',*,*,#1960,.F.);
#2819=ORIENTED_EDGE('',*,*,#1542,.F.);
#2820=ORIENTED_EDGE('',*,*,#1904,.F.);
#2821=ORIENTED_EDGE('',*,*,#1961,.F.);
#2822=ORIENTED_EDGE('',*,*,#1962,.F.);
#2823=ORIENTED_EDGE('',*,*,#1963,.F.);
#2824=ORIENTED_EDGE('',*,*,#1941,.F.);
#2825=ORIENTED_EDGE('',*,*,#1964,.F.);
#2826=ORIENTED_EDGE('',*,*,#1965,.F.);
#2827=ORIENTED_EDGE('',*,*,#1966,.F.);
#2828=ORIENTED_EDGE('',*,*,#1933,.F.);
#2829=ORIENTED_EDGE('',*,*,#1926,.T.);
#2830=ORIENTED_EDGE('',*,*,#1967,.F.);
#2831=ORIENTED_EDGE('',*,*,#1956,.T.);
#2832=ORIENTED_EDGE('',*,*,#1932,.F.);
#2833=ORIENTED_EDGE('',*,*,#1775,.F.);
#2834=ORIENTED_EDGE('',*,*,#1968,.F.);
#2835=ORIENTED_EDGE('',*,*,#1957,.T.);
#2836=ORIENTED_EDGE('',*,*,#1967,.T.);
#2837=ORIENTED_EDGE('',*,*,#1925,.T.);
#2838=ORIENTED_EDGE('',*,*,#1909,.F.);
#2839=ORIENTED_EDGE('',*,*,#1916,.T.);
#2840=ORIENTED_EDGE('',*,*,#1969,.F.);
#2841=ORIENTED_EDGE('',*,*,#1959,.T.);
#2842=ORIENTED_EDGE('',*,*,#1659,.F.);
#2843=ORIENTED_EDGE('',*,*,#1543,.F.);
#2844=ORIENTED_EDGE('',*,*,#1960,.T.);
#2845=ORIENTED_EDGE('',*,*,#1969,.T.);
#2846=ORIENTED_EDGE('',*,*,#1915,.T.);
#2847=ORIENTED_EDGE('',*,*,#1919,.F.);
#2848=ORIENTED_EDGE('',*,*,#1903,.F.);
#2849=ORIENTED_EDGE('',*,*,#1900,.T.);
#2850=ORIENTED_EDGE('',*,*,#1970,.F.);
#2851=ORIENTED_EDGE('',*,*,#1961,.T.);
#2852=ORIENTED_EDGE('',*,*,#1895,.F.);
#2853=ORIENTED_EDGE('',*,*,#1782,.F.);
#2854=ORIENTED_EDGE('',*,*,#1971,.F.);
#2855=ORIENTED_EDGE('',*,*,#1962,.T.);
#2856=ORIENTED_EDGE('',*,*,#1970,.T.);
#2857=ORIENTED_EDGE('',*,*,#1899,.T.);
#2858=ORIENTED_EDGE('',*,*,#1682,.F.);
#2859=ORIENTED_EDGE('',*,*,#1972,.F.);
#2860=ORIENTED_EDGE('',*,*,#1965,.T.);
#2861=ORIENTED_EDGE('',*,*,#1973,.T.);
#2862=ORIENTED_EDGE('',*,*,#1948,.T.);
#2863=ORIENTED_EDGE('',*,*,#1943,.F.);
#2864=ORIENTED_EDGE('',*,*,#1973,.F.);
#2865=ORIENTED_EDGE('',*,*,#1964,.T.);
#2866=ORIENTED_EDGE('',*,*,#1940,.F.);
#2867=ORIENTED_EDGE('',*,*,#1949,.T.);
#2868=ORIENTED_EDGE('',*,*,#1971,.T.);
#2869=ORIENTED_EDGE('',*,*,#1790,.F.);
#2870=ORIENTED_EDGE('',*,*,#1942,.F.);
#2871=ORIENTED_EDGE('',*,*,#1963,.T.);
#2872=ORIENTED_EDGE('',*,*,#1935,.F.);
#2873=ORIENTED_EDGE('',*,*,#1966,.T.);
#2874=ORIENTED_EDGE('',*,*,#1972,.T.);
#2875=ORIENTED_EDGE('',*,*,#1681,.F.);
#2876=ORIENTED_EDGE('',*,*,#1678,.F.);
#2877=ORIENTED_EDGE('',*,*,#1887,.T.);
#2878=ORIENTED_EDGE('',*,*,#1666,.F.);
#2879=ORIENTED_EDGE('',*,*,#1669,.F.);
#2880=ORIENTED_EDGE('',*,*,#1968,.T.);
#2881=ORIENTED_EDGE('',*,*,#1778,.F.);
#2882=ORIENTED_EDGE('',*,*,#1911,.F.);
#2883=ORIENTED_EDGE('',*,*,#1958,.T.);
#2884=CYLINDRICAL_SURFACE('',#3160,2.);
#2885=CYLINDRICAL_SURFACE('',#3171,2.);
#2886=CYLINDRICAL_SURFACE('',#3174,10.);
#2887=CYLINDRICAL_SURFACE('',#3188,1.);
#2888=CYLINDRICAL_SURFACE('',#3192,1.);
#2889=CYLINDRICAL_SURFACE('',#3196,1.);
#2890=CYLINDRICAL_SURFACE('',#3200,1.);
#2891=CYLINDRICAL_SURFACE('',#3210,5.);
#2892=CYLINDRICAL_SURFACE('',#3225,5.);
#2893=CYLINDRICAL_SURFACE('',#3238,1.);
#2894=CYLINDRICAL_SURFACE('',#3239,1.);
#2895=CYLINDRICAL_SURFACE('',#3240,1.);
#2896=CYLINDRICAL_SURFACE('',#3257,1.);
#2897=CYLINDRICAL_SURFACE('',#3258,1.);
#2898=CYLINDRICAL_SURFACE('',#3259,1.);
#2899=CYLINDRICAL_SURFACE('',#3268,1.);
#2900=CYLINDRICAL_SURFACE('',#3269,1.);
#2901=CYLINDRICAL_SURFACE('',#3270,1.);
#2902=CYLINDRICAL_SURFACE('',#3290,1.);
#2903=CYLINDRICAL_SURFACE('',#3291,1.);
#2904=CYLINDRICAL_SURFACE('',#3292,1.);
#2905=CYLINDRICAL_SURFACE('',#3301,12.461);
#2906=CYLINDRICAL_SURFACE('',#3310,12.461);
#2907=CYLINDRICAL_SURFACE('',#3317,1.2295);
#2908=CYLINDRICAL_SURFACE('',#3320,1.2295);
#2909=CYLINDRICAL_SURFACE('',#3323,1.2295);
#2910=CYLINDRICAL_SURFACE('',#3326,1.2295);
#2911=CYLINDRICAL_SURFACE('',#3329,1.2295);
#2912=CYLINDRICAL_SURFACE('',#3332,1.2295);
#2913=CYLINDRICAL_SURFACE('',#3335,1.2295);
#2914=CYLINDRICAL_SURFACE('',#3336,1.2295);
#2915=CYLINDRICAL_SURFACE('',#3338,1.2295);
#2916=CYLINDRICAL_SURFACE('',#3340,1.2295);
#2917=CYLINDRICAL_SURFACE('',#3342,1.2295);
#2918=CYLINDRICAL_SURFACE('',#3344,1.2295);
#2919=CYLINDRICAL_SURFACE('',#3346,1.2295);
#2920=CYLINDRICAL_SURFACE('',#3348,1.2295);
#2921=CYLINDRICAL_SURFACE('',#3352,1.8);
#2922=CYLINDRICAL_SURFACE('',#3357,1.8);
#2923=CYLINDRICAL_SURFACE('',#3362,1.8);
#2924=CYLINDRICAL_SURFACE('',#3367,1.8);
#2925=CYLINDRICAL_SURFACE('',#3372,1.8);
#2926=CYLINDRICAL_SURFACE('',#3377,1.8);
#2927=CYLINDRICAL_SURFACE('',#3382,1.8);
#2928=CYLINDRICAL_SURFACE('',#3387,10.);
#2929=CYLINDRICAL_SURFACE('',#3389,10.);
#2930=CYLINDRICAL_SURFACE('',#3390,10.);
#2931=CYLINDRICAL_SURFACE('',#3397,5.);
#2932=CYLINDRICAL_SURFACE('',#3400,5.);
#2933=CYLINDRICAL_SURFACE('',#3407,5.);
#2934=CYLINDRICAL_SURFACE('',#3409,5.);
#2935=CYLINDRICAL_SURFACE('',#3411,5.);
#2936=CYLINDRICAL_SURFACE('',#3414,5.);
#2937=CYLINDRICAL_SURFACE('',#3421,5.);
#2938=CYLINDRICAL_SURFACE('',#3422,5.);
#2939=CYLINDRICAL_SURFACE('',#3432,5.);
#2940=CYLINDRICAL_SURFACE('',#3434,5.);
#2941=CYLINDRICAL_SURFACE('',#3436,5.);
#2942=CYLINDRICAL_SURFACE('',#3438,5.);
#2943=CYLINDRICAL_SURFACE('',#3441,5.);
#2944=CYLINDRICAL_SURFACE('',#3443,5.);
#2945=CYLINDRICAL_SURFACE('',#3450,2.4);
#2946=CYLINDRICAL_SURFACE('',#3451,2.4);
#2947=CYLINDRICAL_SURFACE('',#3452,2.4);
#2948=CYLINDRICAL_SURFACE('',#3454,2.4);
#2949=CYLINDRICAL_SURFACE('',#3466,6.25);
#2950=CYLINDRICAL_SURFACE('',#3467,5.);
#2951=CYLINDRICAL_SURFACE('',#3468,6.25);
#2952=CYLINDRICAL_SURFACE('',#3469,5.);
#2953=CYLINDRICAL_SURFACE('',#3470,6.25);
#2954=CYLINDRICAL_SURFACE('',#3471,5.);
#2955=CYLINDRICAL_SURFACE('',#3472,5.);
#2956=CYLINDRICAL_SURFACE('',#3473,6.25);
#2957=ADVANCED_FACE('',(#193),#2884,.T.);
#2958=ADVANCED_FACE('',(#194),#169,.F.);
#2959=ADVANCED_FACE('',(#195),#106,.T.);
#2960=ADVANCED_FACE('',(#196,#44,#45,#46,#47,#48,#49,#50),#107,.F.);
#2961=ADVANCED_FACE('',(#197),#22,.F.);
#2962=ADVANCED_FACE('',(#198),#23,.T.);
#2963=ADVANCED_FACE('',(#199),#24,.F.);
#2964=ADVANCED_FACE('',(#200),#25,.T.);
#2965=ADVANCED_FACE('',(#201),#170,.F.);
#2966=ADVANCED_FACE('',(#202),#2885,.T.);
#2967=ADVANCED_FACE('',(#203),#108,.F.);
#2968=ADVANCED_FACE('',(#204),#2886,.T.);
#2969=ADVANCED_FACE('',(#205,#51,#52,#53,#54,#55,#56,#57),#109,.F.);
#2970=ADVANCED_FACE('',(#206),#26,.F.);
#2971=ADVANCED_FACE('',(#207),#27,.T.);
#2972=ADVANCED_FACE('',(#208),#28,.T.);
#2973=ADVANCED_FACE('',(#209),#29,.F.);
#2974=ADVANCED_FACE('',(#210),#110,.F.);
#2975=ADVANCED_FACE('',(#211),#2887,.F.);
#2976=ADVANCED_FACE('',(#212),#111,.T.);
#2977=ADVANCED_FACE('',(#213),#2888,.F.);
#2978=ADVANCED_FACE('',(#214),#112,.T.);
#2979=ADVANCED_FACE('',(#215),#2889,.F.);
#2980=ADVANCED_FACE('',(#216),#113,.T.);
#2981=ADVANCED_FACE('',(#217),#2890,.F.);
#2982=ADVANCED_FACE('',(#218),#114,.T.);
#2983=ADVANCED_FACE('',(#219),#115,.T.);
#2984=ADVANCED_FACE('',(#220),#171,.F.);
#2985=ADVANCED_FACE('',(#221),#30,.T.);
#2986=ADVANCED_FACE('',(#222),#172,.T.);
#2987=ADVANCED_FACE('',(#223),#2891,.F.);
#2988=ADVANCED_FACE('',(#224),#173,.F.);
#2989=ADVANCED_FACE('',(#225),#116,.T.);
#2990=ADVANCED_FACE('',(#226),#31,.T.);
#2991=ADVANCED_FACE('',(#227),#174,.T.);
#2992=ADVANCED_FACE('',(#228),#117,.T.);
#2993=ADVANCED_FACE('',(#229),#118,.T.);
#2994=ADVANCED_FACE('',(#230),#175,.F.);
#2995=ADVANCED_FACE('',(#231),#32,.T.);
#2996=ADVANCED_FACE('',(#232),#176,.T.);
#2997=ADVANCED_FACE('',(#233),#2892,.F.);
#2998=ADVANCED_FACE('',(#234),#177,.F.);
#2999=ADVANCED_FACE('',(#235),#119,.T.);
#3000=ADVANCED_FACE('',(#236),#33,.T.);
#3001=ADVANCED_FACE('',(#237),#178,.T.);
#3002=ADVANCED_FACE('',(#238),#120,.T.);
#3003=ADVANCED_FACE('',(#239),#18,.F.);
#3004=ADVANCED_FACE('',(#240),#2893,.F.);
#3005=ADVANCED_FACE('',(#241),#2894,.F.);
#3006=ADVANCED_FACE('',(#242),#2895,.F.);
#3007=ADVANCED_FACE('',(#243,#58,#59,#60,#61,#62,#63,#64),#121,.T.);
#3008=ADVANCED_FACE('',(#244),#122,.T.);
#3009=ADVANCED_FACE('',(#245),#19,.F.);
#3010=ADVANCED_FACE('',(#246),#2896,.F.);
#3011=ADVANCED_FACE('',(#247),#2897,.F.);
#3012=ADVANCED_FACE('',(#248),#2898,.F.);
#3013=ADVANCED_FACE('',(#249),#123,.F.);
#3014=ADVANCED_FACE('',(#250),#124,.F.);
#3015=ADVANCED_FACE('',(#251),#20,.F.);
#3016=ADVANCED_FACE('',(#252),#2899,.F.);
#3017=ADVANCED_FACE('',(#253),#2900,.F.);
#3018=ADVANCED_FACE('',(#254),#2901,.F.);
#3019=ADVANCED_FACE('',(#255,#65),#125,.T.);
#3020=ADVANCED_FACE('',(#256),#126,.F.);
#3021=ADVANCED_FACE('',(#257,#66,#67,#68,#69,#70,#71,#72),#127,.T.);
#3022=ADVANCED_FACE('',(#258),#21,.F.);
#3023=ADVANCED_FACE('',(#259),#2902,.F.);
#3024=ADVANCED_FACE('',(#260),#2903,.F.);
#3025=ADVANCED_FACE('',(#261),#2904,.F.);
#3026=ADVANCED_FACE('',(#262),#128,.T.);
#3027=ADVANCED_FACE('',(#263),#129,.T.);
#3028=ADVANCED_FACE('',(#264),#130,.T.);
#3029=ADVANCED_FACE('',(#265),#131,.T.);
#3030=ADVANCED_FACE('',(#266),#2905,.F.);
#3031=ADVANCED_FACE('',(#267),#132,.F.);
#3032=ADVANCED_FACE('',(#268),#133,.T.);
#3033=ADVANCED_FACE('',(#269),#134,.T.);
#3034=ADVANCED_FACE('',(#270),#135,.T.);
#3035=ADVANCED_FACE('',(#271),#2906,.F.);
#3036=ADVANCED_FACE('',(#272,#73),#136,.T.);
#3037=ADVANCED_FACE('',(#273),#179,.F.);
#3038=ADVANCED_FACE('',(#274),#2907,.F.);
#3039=ADVANCED_FACE('',(#275),#180,.F.);
#3040=ADVANCED_FACE('',(#276),#2908,.F.);
#3041=ADVANCED_FACE('',(#277),#181,.F.);
#3042=ADVANCED_FACE('',(#278),#2909,.F.);
#3043=ADVANCED_FACE('',(#279),#182,.F.);
#3044=ADVANCED_FACE('',(#280),#2910,.F.);
#3045=ADVANCED_FACE('',(#281),#183,.F.);
#3046=ADVANCED_FACE('',(#282),#2911,.F.);
#3047=ADVANCED_FACE('',(#283),#184,.F.);
#3048=ADVANCED_FACE('',(#284),#2912,.F.);
#3049=ADVANCED_FACE('',(#285),#185,.F.);
#3050=ADVANCED_FACE('',(#286),#2913,.F.);
#3051=ADVANCED_FACE('',(#287),#34,.T.);
#3052=ADVANCED_FACE('',(#288),#35,.T.);
#3053=ADVANCED_FACE('',(#289),#36,.T.);
#3054=ADVANCED_FACE('',(#290),#37,.T.);
#3055=ADVANCED_FACE('',(#291),#38,.T.);
#3056=ADVANCED_FACE('',(#292),#39,.T.);
#3057=ADVANCED_FACE('',(#293),#40,.T.);
#3058=ADVANCED_FACE('',(#294),#2914,.F.);
#3059=ADVANCED_FACE('',(#295),#2915,.F.);
#3060=ADVANCED_FACE('',(#296),#2916,.F.);
#3061=ADVANCED_FACE('',(#297),#2917,.F.);
#3062=ADVANCED_FACE('',(#298),#2918,.F.);
#3063=ADVANCED_FACE('',(#299),#2919,.F.);
#3064=ADVANCED_FACE('',(#300),#2920,.F.);
#3065=ADVANCED_FACE('',(#301),#186,.F.);
#3066=ADVANCED_FACE('',(#302),#2921,.F.);
#3067=ADVANCED_FACE('',(#303,#74),#137,.T.);
#3068=ADVANCED_FACE('',(#304),#187,.F.);
#3069=ADVANCED_FACE('',(#305),#2922,.F.);
#3070=ADVANCED_FACE('',(#306,#75),#138,.T.);
#3071=ADVANCED_FACE('',(#307),#188,.F.);
#3072=ADVANCED_FACE('',(#308),#2923,.F.);
#3073=ADVANCED_FACE('',(#309,#76),#139,.T.);
#3074=ADVANCED_FACE('',(#310),#189,.F.);
#3075=ADVANCED_FACE('',(#311),#2924,.F.);
#3076=ADVANCED_FACE('',(#312,#77),#140,.T.);
#3077=ADVANCED_FACE('',(#313),#190,.F.);
#3078=ADVANCED_FACE('',(#314),#2925,.F.);
#3079=ADVANCED_FACE('',(#315,#78),#141,.T.);
#3080=ADVANCED_FACE('',(#316),#191,.F.);
#3081=ADVANCED_FACE('',(#317),#2926,.F.);
#3082=ADVANCED_FACE('',(#318,#79),#142,.T.);
#3083=ADVANCED_FACE('',(#319),#192,.F.);
#3084=ADVANCED_FACE('',(#320),#2927,.F.);
#3085=ADVANCED_FACE('',(#321,#80),#143,.T.);
#3086=ADVANCED_FACE('',(#322),#144,.T.);
#3087=ADVANCED_FACE('',(#323),#145,.T.);
#3088=ADVANCED_FACE('',(#324),#2928,.T.);
#3089=ADVANCED_FACE('',(#325),#41,.T.);
#3090=ADVANCED_FACE('',(#326),#42,.T.);
#3091=ADVANCED_FACE('',(#327),#43,.T.);
#3092=ADVANCED_FACE('',(#328),#146,.T.);
#3093=ADVANCED_FACE('',(#329),#2929,.T.);
#3094=ADVANCED_FACE('',(#330),#2930,.T.);
#3095=ADVANCED_FACE('',(#331),#147,.T.);
#3096=ADVANCED_FACE('',(#332),#148,.T.);
#3097=ADVANCED_FACE('',(#333,#81),#149,.T.);
#3098=ADVANCED_FACE('',(#334),#2931,.F.);
#3099=ADVANCED_FACE('',(#335),#150,.T.);
#3100=ADVANCED_FACE('',(#336),#2932,.T.);
#3101=ADVANCED_FACE('',(#337,#82),#151,.F.);
#3102=ADVANCED_FACE('',(#338),#2933,.T.);
#3103=ADVANCED_FACE('',(#339),#2934,.F.);
#3104=ADVANCED_FACE('',(#340),#2935,.T.);
#3105=ADVANCED_FACE('',(#341),#2936,.T.);
#3106=ADVANCED_FACE('',(#342,#83),#152,.F.);
#3107=ADVANCED_FACE('',(#343),#2937,.F.);
#3108=ADVANCED_FACE('',(#344),#2938,.T.);
#3109=ADVANCED_FACE('',(#345,#84),#153,.F.);
#3110=ADVANCED_FACE('',(#346),#154,.T.);
#3111=ADVANCED_FACE('',(#347),#2939,.F.);
#3112=ADVANCED_FACE('',(#348),#2940,.T.);
#3113=ADVANCED_FACE('',(#349),#2941,.F.);
#3114=ADVANCED_FACE('',(#350),#2942,.T.);
#3115=ADVANCED_FACE('',(#351),#2943,.F.);
#3116=ADVANCED_FACE('',(#352),#2944,.T.);
#3117=ADVANCED_FACE('',(#353),#155,.T.);
#3118=ADVANCED_FACE('',(#354,#85),#156,.F.);
#3119=ADVANCED_FACE('',(#355),#2945,.F.);
#3120=ADVANCED_FACE('',(#356),#2946,.F.);
#3121=ADVANCED_FACE('',(#357),#2947,.F.);
#3122=ADVANCED_FACE('',(#358),#2948,.F.);
#3123=ADVANCED_FACE('',(#359),#157,.T.);
#3124=ADVANCED_FACE('',(#360,#86),#158,.T.);
#3125=ADVANCED_FACE('',(#361),#159,.F.);
#3126=ADVANCED_FACE('',(#362),#2949,.F.);
#3127=ADVANCED_FACE('',(#363),#2950,.T.);
#3128=ADVANCED_FACE('',(#364),#2951,.F.);
#3129=ADVANCED_FACE('',(#365),#2952,.T.);
#3130=ADVANCED_FACE('',(#366),#2953,.F.);
#3131=ADVANCED_FACE('',(#367),#2954,.T.);
#3132=ADVANCED_FACE('',(#368),#2955,.T.);
#3133=ADVANCED_FACE('',(#369),#2956,.F.);
#3134=ADVANCED_FACE('',(#370),#160,.T.);
#3135=ADVANCED_FACE('',(#371),#161,.T.);
#3136=ADVANCED_FACE('',(#372),#162,.T.);
#3137=CLOSED_SHELL('',(#2957,#2958,#2959,#2960,#2961,#2962,#2963,#2964,
#2965,#2966,#2967,#2968,#2969,#2970,#2971,#2972,#2973,#2974,#2975,#2976,
#2977,#2978,#2979,#2980,#2981,#2982,#2983,#2984,#2985,#2986,#2987,#2988,
#2989,#2990,#2991,#2992,#2993,#2994,#2995,#2996,#2997,#2998,#2999,#3000,
#3001,#3002,#3003,#3004,#3005,#3006,#3007,#3008,#3009,#3010,#3011,#3012,
#3013,#3014,#3015,#3016,#3017,#3018,#3019,#3020,#3021,#3022,#3023,#3024,
#3025,#3026,#3027,#3028,#3029,#3030,#3031,#3032,#3033,#3034,#3035,#3036,
#3037,#3038,#3039,#3040,#3041,#3042,#3043,#3044,#3045,#3046,#3047,#3048,
#3049,#3050,#3051,#3052,#3053,#3054,#3055,#3056,#3057,#3058,#3059,#3060,
#3061,#3062,#3063,#3064,#3065,#3066,#3067,#3068,#3069,#3070,#3071,#3072,
#3073,#3074,#3075,#3076,#3077,#3078,#3079,#3080,#3081,#3082,#3083,#3084,
#3085,#3086,#3087,#3088,#3089,#3090,#3091,#3092,#3093,#3094,#3095,#3096,
#3097,#3098,#3099,#3100,#3101,#3102,#3103,#3104,#3105,#3106,#3107,#3108,
#3109,#3110,#3111,#3112,#3113,#3114,#3115,#3116,#3117,#3118,#3119,#3120,
#3121,#3122,#3123,#3124,#3125,#3126,#3127,#3128,#3129,#3130,#3131,#3132,
#3133,#3134,#3135,#3136));
#3138=DERIVED_UNIT_ELEMENT(#3141,1.);
#3139=DERIVED_UNIT_ELEMENT(#6478,-3.);
#3140=DIMENSIONAL_EXPONENTS(0.,1.,0.,0.,0.,0.,0.);
#3141=(
CONVERSION_BASED_UNIT('gram',#3143)
MASS_UNIT()
NAMED_UNIT(#3140)
);
#3142=(
MASS_UNIT()
NAMED_UNIT(*)
SI_UNIT(.KILO.,.GRAM.)
);
#3143=MASS_MEASURE_WITH_UNIT(MASS_MEASURE(0.001),#3142);
#3144=DERIVED_UNIT((#3138,#3139));
#3145=MEASURE_REPRESENTATION_ITEM('density measure',
POSITIVE_RATIO_MEASURE(1.),#3144);
#3146=PROPERTY_DEFINITION_REPRESENTATION(#3151,#3148);
#3147=PROPERTY_DEFINITION_REPRESENTATION(#3152,#3149);
#3148=REPRESENTATION('material name',(#3150),#6475);
#3149=REPRESENTATION('density',(#3145),#6475);
#3150=DESCRIPTIVE_REPRESENTATION_ITEM('Generic','Generic');
#3151=PROPERTY_DEFINITION('material property','material name',#6485);
#3152=PROPERTY_DEFINITION('material property','density of part',#6485);
#3153=DATE_TIME_ROLE('creation_date');
#3154=APPLIED_DATE_AND_TIME_ASSIGNMENT(#3155,#3153,(#6485));
#3155=DATE_AND_TIME(#3156,#3157);
#3156=CALENDAR_DATE(2026,5,6);
#3157=LOCAL_TIME(0,0,0.,#3158);
#3158=COORDINATED_UNIVERSAL_TIME_OFFSET(0,0,.BEHIND.);
#3159=AXIS2_PLACEMENT_3D('',#4322,#3477,#3478);
#3160=AXIS2_PLACEMENT_3D('',#4323,#3479,#3480);
#3161=AXIS2_PLACEMENT_3D('',#4333,#3482,#3483);
#3162=AXIS2_PLACEMENT_3D('',#4340,#3485,#3486);
#3163=AXIS2_PLACEMENT_3D('',#4342,#3487,#3488);
#3164=AXIS2_PLACEMENT_3D('',#4401,#3489,#3490);
#3165=AXIS2_PLACEMENT_3D('',#4453,#3491,#3492);
#3166=AXIS2_PLACEMENT_3D('',#4494,#3504,#3505);
#3167=AXIS2_PLACEMENT_3D('',#4495,#3506,#3507);
#3168=AXIS2_PLACEMENT_3D('',#4497,#3508,#3509);
#3169=AXIS2_PLACEMENT_3D('',#4500,#3511,#3512);
#3170=AXIS2_PLACEMENT_3D('',#4795,#3515,#3516);
#3171=AXIS2_PLACEMENT_3D('',#4817,#3517,#3518);
#3172=AXIS2_PLACEMENT_3D('',#4826,#3521,#3522);
#3173=AXIS2_PLACEMENT_3D('',#4828,#3523,#3524);
#3174=AXIS2_PLACEMENT_3D('',#4842,#3525,#3526);
#3175=AXIS2_PLACEMENT_3D('',#4844,#3527,#3528);
#3176=AXIS2_PLACEMENT_3D('',#4848,#3530,#3531);
#3177=AXIS2_PLACEMENT_3D('',#4860,#3533,#3534);
#3178=AXIS2_PLACEMENT_3D('',#4862,#3535,#3536);
#3179=AXIS2_PLACEMENT_3D('',#4865,#3538,#3539);
#3180=AXIS2_PLACEMENT_3D('',#4867,#3540,#3541);
#3181=AXIS2_PLACEMENT_3D('',#4869,#3542,#3543);
#3182=AXIS2_PLACEMENT_3D('',#4871,#3544,#3545);
#3183=AXIS2_PLACEMENT_3D('',#4873,#3546,#3547);
#3184=AXIS2_PLACEMENT_3D('',#4875,#3548,#3549);
#3185=AXIS2_PLACEMENT_3D('',#4877,#3550,#3551);
#3186=AXIS2_PLACEMENT_3D('',#5052,#3553,#3554);
#3187=AXIS2_PLACEMENT_3D('',#5058,#3555,#3556);
#3188=AXIS2_PLACEMENT_3D('',#5059,#3557,#3558);
#3189=AXIS2_PLACEMENT_3D('',#5062,#3559,#3560);
#3190=AXIS2_PLACEMENT_3D('',#5066,#3562,#3563);
#3191=AXIS2_PLACEMENT_3D('',#5068,#3565,#3566);
#3192=AXIS2_PLACEMENT_3D('',#5078,#3572,#3573);
#3193=AXIS2_PLACEMENT_3D('',#5081,#3574,#3575);
#3194=AXIS2_PLACEMENT_3D('',#5085,#3577,#3578);
#3195=AXIS2_PLACEMENT_3D('',#5087,#3580,#3581);
#3196=AXIS2_PLACEMENT_3D('',#5097,#3587,#3588);
#3197=AXIS2_PLACEMENT_3D('',#5100,#3589,#3590);
#3198=AXIS2_PLACEMENT_3D('',#5104,#3592,#3593);
#3199=AXIS2_PLACEMENT_3D('',#5106,#3595,#3596);
#3200=AXIS2_PLACEMENT_3D('',#5116,#3602,#3603);
#3201=AXIS2_PLACEMENT_3D('',#5119,#3604,#3605);
#3202=AXIS2_PLACEMENT_3D('',#5123,#3607,#3608);
#3203=AXIS2_PLACEMENT_3D('',#5125,#3610,#3611);
#3204=AXIS2_PLACEMENT_3D('',#5135,#3617,#3618);
#3205=AXIS2_PLACEMENT_3D('',#5139,#3621,#3622);
#3206=AXIS2_PLACEMENT_3D('',#5142,#3624,#3625);
#3207=AXIS2_PLACEMENT_3D('',#5143,#3626,#3627);
#3208=AXIS2_PLACEMENT_3D('',#5166,#3629,#3630);
#3209=AXIS2_PLACEMENT_3D('',#5167,#3631,#3632);
#3210=AXIS2_PLACEMENT_3D('',#5168,#3633,#3634);
#3211=AXIS2_PLACEMENT_3D('',#5170,#3635,#3636);
#3212=AXIS2_PLACEMENT_3D('',#5172,#3638,#3639);
#3213=AXIS2_PLACEMENT_3D('',#5175,#3641,#3642);
#3214=AXIS2_PLACEMENT_3D('',#5178,#3644,#3645);
#3215=AXIS2_PLACEMENT_3D('',#5179,#3646,#3647);
#3216=AXIS2_PLACEMENT_3D('',#5203,#3650,#3651);
#3217=AXIS2_PLACEMENT_3D('',#5204,#3652,#3653);
#3218=AXIS2_PLACEMENT_3D('',#5205,#3654,#3655);
#3219=AXIS2_PLACEMENT_3D('',#5207,#3657,#3658);
#3220=AXIS2_PLACEMENT_3D('',#5211,#3661,#3662);
#3221=AXIS2_PLACEMENT_3D('',#5215,#3664,#3665);
#3222=AXIS2_PLACEMENT_3D('',#5216,#3666,#3667);
#3223=AXIS2_PLACEMENT_3D('',#5244,#3669,#3670);
#3224=AXIS2_PLACEMENT_3D('',#5249,#3671,#3672);
#3225=AXIS2_PLACEMENT_3D('',#5250,#3673,#3674);
#3226=AXIS2_PLACEMENT_3D('',#5252,#3675,#3676);
#3227=AXIS2_PLACEMENT_3D('',#5254,#3678,#3679);
#3228=AXIS2_PLACEMENT_3D('',#5258,#3681,#3682);
#3229=AXIS2_PLACEMENT_3D('',#5261,#3684,#3685);
#3230=AXIS2_PLACEMENT_3D('',#5262,#3686,#3687);
#3231=AXIS2_PLACEMENT_3D('',#5291,#3690,#3691);
#3232=AXIS2_PLACEMENT_3D('',#5296,#3692,#3693);
#3233=AXIS2_PLACEMENT_3D('',#5297,#3694,#3695);
#3234=AXIS2_PLACEMENT_3D('',#5301,#3698,#3699);
#3235=AXIS2_PLACEMENT_3D('',#5304,#3700,#3701);
#3236=AXIS2_PLACEMENT_3D('',#5306,#3702,#3703);
#3237=AXIS2_PLACEMENT_3D('',#5307,#3704,#3705);
#3238=AXIS2_PLACEMENT_3D('',#5308,#3706,#3707);
#3239=AXIS2_PLACEMENT_3D('',#5311,#3710,#3711);
#3240=AXIS2_PLACEMENT_3D('',#5329,#3714,#3715);
#3241=AXIS2_PLACEMENT_3D('',#5340,#3718,#3719);
#3242=AXIS2_PLACEMENT_3D('',#5348,#3724,#3725);
#3243=AXIS2_PLACEMENT_3D('',#5352,#3727,#3728);
#3244=AXIS2_PLACEMENT_3D('',#5355,#3730,#3731);
#3245=AXIS2_PLACEMENT_3D('',#5357,#3732,#3733);
#3246=AXIS2_PLACEMENT_3D('',#5359,#3734,#3735);
#3247=AXIS2_PLACEMENT_3D('',#5361,#3736,#3737);
#3248=AXIS2_PLACEMENT_3D('',#5363,#3738,#3739);
#3249=AXIS2_PLACEMENT_3D('',#5365,#3740,#3741);
#3250=AXIS2_PLACEMENT_3D('',#5367,#3742,#3743);
#3251=AXIS2_PLACEMENT_3D('',#5368,#3744,#3745);
#3252=AXIS2_PLACEMENT_3D('',#5369,#3746,#3747);
#3253=AXIS2_PLACEMENT_3D('',#5370,#3748,#3749);
#3254=AXIS2_PLACEMENT_3D('',#5372,#3750,#3751);
#3255=AXIS2_PLACEMENT_3D('',#5374,#3752,#3753);
#3256=AXIS2_PLACEMENT_3D('',#5375,#3754,#3755);
#3257=AXIS2_PLACEMENT_3D('',#5376,#3756,#3757);
#3258=AXIS2_PLACEMENT_3D('',#5392,#3760,#3761);
#3259=AXIS2_PLACEMENT_3D('',#5394,#3763,#3764);
#3260=AXIS2_PLACEMENT_3D('',#5403,#3766,#3767);
#3261=AXIS2_PLACEMENT_3D('',#5404,#3768,#3769);
#3262=AXIS2_PLACEMENT_3D('',#5405,#3770,#3771);
#3263=AXIS2_PLACEMENT_3D('',#5410,#3773,#3774);
#3264=AXIS2_PLACEMENT_3D('',#5412,#3776,#3777);
#3265=AXIS2_PLACEMENT_3D('',#5415,#3778,#3779);
#3266=AXIS2_PLACEMENT_3D('',#5417,#3780,#3781);
#3267=AXIS2_PLACEMENT_3D('',#5418,#3782,#3783);
#3268=AXIS2_PLACEMENT_3D('',#5419,#3784,#3785);
#3269=AXIS2_PLACEMENT_3D('',#5422,#3788,#3789);
#3270=AXIS2_PLACEMENT_3D('',#5438,#3792,#3793);
#3271=AXIS2_PLACEMENT_3D('',#5449,#3796,#3797);
#3272=AXIS2_PLACEMENT_3D('',#5451,#3798,#3799);
#3273=AXIS2_PLACEMENT_3D('',#5454,#3801,#3802);
#3274=AXIS2_PLACEMENT_3D('',#5456,#3803,#3804);
#3275=AXIS2_PLACEMENT_3D('',#5457,#3805,#3806);
#3276=AXIS2_PLACEMENT_3D('',#5458,#3807,#3808);
#3277=AXIS2_PLACEMENT_3D('',#5459,#3809,#3810);
#3278=AXIS2_PLACEMENT_3D('',#5465,#3814,#3815);
#3279=AXIS2_PLACEMENT_3D('',#5472,#3819,#3820);
#3280=AXIS2_PLACEMENT_3D('',#5474,#3821,#3822);
#3281=AXIS2_PLACEMENT_3D('',#5476,#3823,#3824);
#3282=AXIS2_PLACEMENT_3D('',#5478,#3825,#3826);
#3283=AXIS2_PLACEMENT_3D('',#5480,#3827,#3828);
#3284=AXIS2_PLACEMENT_3D('',#5482,#3829,#3830);
#3285=AXIS2_PLACEMENT_3D('',#5484,#3831,#3832);
#3286=AXIS2_PLACEMENT_3D('',#5485,#3833,#3834);
#3287=AXIS2_PLACEMENT_3D('',#5487,#3835,#3836);
#3288=AXIS2_PLACEMENT_3D('',#5489,#3837,#3838);
#3289=AXIS2_PLACEMENT_3D('',#5490,#3839,#3840);
#3290=AXIS2_PLACEMENT_3D('',#5491,#3841,#3842);
#3291=AXIS2_PLACEMENT_3D('',#5500,#3844,#3845);
#3292=AXIS2_PLACEMENT_3D('',#5516,#3848,#3849);
#3293=AXIS2_PLACEMENT_3D('',#5518,#3851,#3852);
#3294=AXIS2_PLACEMENT_3D('',#5523,#3854,#3855);
#3295=AXIS2_PLACEMENT_3D('',#5525,#3857,#3858);
#3296=AXIS2_PLACEMENT_3D('',#5526,#3859,#3860);
#3297=AXIS2_PLACEMENT_3D('',#5527,#3861,#3862);
#3298=AXIS2_PLACEMENT_3D('',#5530,#3863,#3864);
#3299=AXIS2_PLACEMENT_3D('',#5534,#3867,#3868);
#3300=AXIS2_PLACEMENT_3D('',#5536,#3869,#3870);
#3301=AXIS2_PLACEMENT_3D('',#5538,#3872,#3873);
#3302=AXIS2_PLACEMENT_3D('',#5540,#3874,#3875);
#3303=AXIS2_PLACEMENT_3D('',#5554,#3877,#3878);
#3304=AXIS2_PLACEMENT_3D('',#5556,#3880,#3881);
#3305=AXIS2_PLACEMENT_3D('',#5558,#3882,#3883);
#3306=AXIS2_PLACEMENT_3D('',#5560,#3885,#3886);
#3307=AXIS2_PLACEMENT_3D('',#5563,#3887,#3888);
#3308=AXIS2_PLACEMENT_3D('',#5567,#3891,#3892);
#3309=AXIS2_PLACEMENT_3D('',#5570,#3894,#3895);
#3310=AXIS2_PLACEMENT_3D('',#5571,#3896,#3897);
#3311=AXIS2_PLACEMENT_3D('',#5585,#3899,#3900);
#3312=AXIS2_PLACEMENT_3D('',#5587,#3901,#3902);
#3313=AXIS2_PLACEMENT_3D('',#5590,#3904,#3905);
#3314=AXIS2_PLACEMENT_3D('',#5592,#3906,#3907);
#3315=AXIS2_PLACEMENT_3D('',#5593,#3908,#3909);
#3316=AXIS2_PLACEMENT_3D('',#5596,#3911,#3912);
#3317=AXIS2_PLACEMENT_3D('',#5597,#3913,#3914);
#3318=AXIS2_PLACEMENT_3D('',#5617,#3916,#3917);
#3319=AXIS2_PLACEMENT_3D('',#5620,#3919,#3920);
#3320=AXIS2_PLACEMENT_3D('',#5621,#3921,#3922);
#3321=AXIS2_PLACEMENT_3D('',#5641,#3924,#3925);
#3322=AXIS2_PLACEMENT_3D('',#5644,#3927,#3928);
#3323=AXIS2_PLACEMENT_3D('',#5645,#3929,#3930);
#3324=AXIS2_PLACEMENT_3D('',#5665,#3932,#3933);
#3325=AXIS2_PLACEMENT_3D('',#5668,#3935,#3936);
#3326=AXIS2_PLACEMENT_3D('',#5669,#3937,#3938);
#3327=AXIS2_PLACEMENT_3D('',#5689,#3940,#3941);
#3328=AXIS2_PLACEMENT_3D('',#5692,#3943,#3944);
#3329=AXIS2_PLACEMENT_3D('',#5693,#3945,#3946);
#3330=AXIS2_PLACEMENT_3D('',#5713,#3948,#3949);
#3331=AXIS2_PLACEMENT_3D('',#5716,#3951,#3952);
#3332=AXIS2_PLACEMENT_3D('',#5717,#3953,#3954);
#3333=AXIS2_PLACEMENT_3D('',#5737,#3956,#3957);
#3334=AXIS2_PLACEMENT_3D('',#5740,#3959,#3960);
#3335=AXIS2_PLACEMENT_3D('',#5741,#3961,#3962);
#3336=AXIS2_PLACEMENT_3D('',#6104,#3971,#3972);
#3337=AXIS2_PLACEMENT_3D('',#6106,#3973,#3974);
#3338=AXIS2_PLACEMENT_3D('',#6108,#3976,#3977);
#3339=AXIS2_PLACEMENT_3D('',#6110,#3978,#3979);
#3340=AXIS2_PLACEMENT_3D('',#6112,#3981,#3982);
#3341=AXIS2_PLACEMENT_3D('',#6114,#3983,#3984);
#3342=AXIS2_PLACEMENT_3D('',#6116,#3986,#3987);
#3343=AXIS2_PLACEMENT_3D('',#6118,#3988,#3989);
#3344=AXIS2_PLACEMENT_3D('',#6120,#3991,#3992);
#3345=AXIS2_PLACEMENT_3D('',#6122,#3993,#3994);
#3346=AXIS2_PLACEMENT_3D('',#6124,#3996,#3997);
#3347=AXIS2_PLACEMENT_3D('',#6126,#3998,#3999);
#3348=AXIS2_PLACEMENT_3D('',#6128,#4001,#4002);
#3349=AXIS2_PLACEMENT_3D('',#6130,#4003,#4004);
#3350=AXIS2_PLACEMENT_3D('',#6132,#4006,#4007);
#3351=AXIS2_PLACEMENT_3D('',#6135,#4009,#4010);
#3352=AXIS2_PLACEMENT_3D('',#6136,#4011,#4012);
#3353=AXIS2_PLACEMENT_3D('',#6139,#4014,#4015);
#3354=AXIS2_PLACEMENT_3D('',#6140,#4016,#4017);
#3355=AXIS2_PLACEMENT_3D('',#6141,#4018,#4019);
#3356=AXIS2_PLACEMENT_3D('',#6144,#4021,#4022);
#3357=AXIS2_PLACEMENT_3D('',#6145,#4023,#4024);
#3358=AXIS2_PLACEMENT_3D('',#6148,#4026,#4027);
#3359=AXIS2_PLACEMENT_3D('',#6149,#4028,#4029);
#3360=AXIS2_PLACEMENT_3D('',#6150,#4030,#4031);
#3361=AXIS2_PLACEMENT_3D('',#6153,#4033,#4034);
#3362=AXIS2_PLACEMENT_3D('',#6154,#4035,#4036);
#3363=AXIS2_PLACEMENT_3D('',#6157,#4038,#4039);
#3364=AXIS2_PLACEMENT_3D('',#6158,#4040,#4041);
#3365=AXIS2_PLACEMENT_3D('',#6159,#4042,#4043);
#3366=AXIS2_PLACEMENT_3D('',#6162,#4045,#4046);
#3367=AXIS2_PLACEMENT_3D('',#6163,#4047,#4048);
#3368=AXIS2_PLACEMENT_3D('',#6166,#4050,#4051);
#3369=AXIS2_PLACEMENT_3D('',#6167,#4052,#4053);
#3370=AXIS2_PLACEMENT_3D('',#6168,#4054,#4055);
#3371=AXIS2_PLACEMENT_3D('',#6171,#4057,#4058);
#3372=AXIS2_PLACEMENT_3D('',#6172,#4059,#4060);
#3373=AXIS2_PLACEMENT_3D('',#6175,#4062,#4063);
#3374=AXIS2_PLACEMENT_3D('',#6176,#4064,#4065);
#3375=AXIS2_PLACEMENT_3D('',#6177,#4066,#4067);
#3376=AXIS2_PLACEMENT_3D('',#6180,#4069,#4070);
#3377=AXIS2_PLACEMENT_3D('',#6181,#4071,#4072);
#3378=AXIS2_PLACEMENT_3D('',#6184,#4074,#4075);
#3379=AXIS2_PLACEMENT_3D('',#6185,#4076,#4077);
#3380=AXIS2_PLACEMENT_3D('',#6186,#4078,#4079);
#3381=AXIS2_PLACEMENT_3D('',#6189,#4081,#4082);
#3382=AXIS2_PLACEMENT_3D('',#6190,#4083,#4084);
#3383=AXIS2_PLACEMENT_3D('',#6193,#4086,#4087);
#3384=AXIS2_PLACEMENT_3D('',#6194,#4088,#4089);
#3385=AXIS2_PLACEMENT_3D('',#6195,#4090,#4091);
#3386=AXIS2_PLACEMENT_3D('',#6197,#4093,#4094);
#3387=AXIS2_PLACEMENT_3D('',#6200,#4097,#4098);
#3388=AXIS2_PLACEMENT_3D('',#6293,#4100,#4101);
#3389=AXIS2_PLACEMENT_3D('',#6297,#4105,#4106);
#3390=AXIS2_PLACEMENT_3D('',#6298,#4107,#4108);
#3391=AXIS2_PLACEMENT_3D('',#6299,#4109,#4110);
#3392=AXIS2_PLACEMENT_3D('',#6300,#4111,#4112);
#3393=AXIS2_PLACEMENT_3D('',#6301,#4113,#4114);
#3394=AXIS2_PLACEMENT_3D('',#6303,#4115,#4116);
#3395=AXIS2_PLACEMENT_3D('',#6306,#4118,#4119);
#3396=AXIS2_PLACEMENT_3D('',#6308,#4120,#4121);
#3397=AXIS2_PLACEMENT_3D('',#6309,#4122,#4123);
#3398=AXIS2_PLACEMENT_3D('',#6312,#4124,#4125);
#3399=AXIS2_PLACEMENT_3D('',#6315,#4128,#4129);
#3400=AXIS2_PLACEMENT_3D('',#6319,#4132,#4133);
#3401=AXIS2_PLACEMENT_3D('',#6320,#4134,#4135);
#3402=AXIS2_PLACEMENT_3D('',#6321,#4136,#4137);
#3403=AXIS2_PLACEMENT_3D('',#6323,#4138,#4139);
#3404=AXIS2_PLACEMENT_3D('',#6325,#4140,#4141);
#3405=AXIS2_PLACEMENT_3D('',#6326,#4142,#4143);
#3406=AXIS2_PLACEMENT_3D('',#6328,#4144,#4145);
#3407=AXIS2_PLACEMENT_3D('',#6329,#4146,#4147);
#3408=AXIS2_PLACEMENT_3D('',#6332,#4149,#4150);
#3409=AXIS2_PLACEMENT_3D('',#6333,#4151,#4152);
#3410=AXIS2_PLACEMENT_3D('',#6336,#4153,#4154);
#3411=AXIS2_PLACEMENT_3D('',#6339,#4157,#4158);
#3412=AXIS2_PLACEMENT_3D('',#6341,#4159,#4160);
#3413=AXIS2_PLACEMENT_3D('',#6345,#4162,#4163);
#3414=AXIS2_PLACEMENT_3D('',#6347,#4165,#4166);
#3415=AXIS2_PLACEMENT_3D('',#6349,#4167,#4168);
#3416=AXIS2_PLACEMENT_3D('',#6351,#4170,#4171);
#3417=AXIS2_PLACEMENT_3D('',#6353,#4172,#4173);
#3418=AXIS2_PLACEMENT_3D('',#6355,#4174,#4175);
#3419=AXIS2_PLACEMENT_3D('',#6356,#4176,#4177);
#3420=AXIS2_PLACEMENT_3D('',#6359,#4179,#4180);
#3421=AXIS2_PLACEMENT_3D('',#6360,#4181,#4182);
#3422=AXIS2_PLACEMENT_3D('',#6362,#4184,#4185);
#3423=AXIS2_PLACEMENT_3D('',#6364,#4186,#4187);
#3424=AXIS2_PLACEMENT_3D('',#6367,#4189,#4190);
#3425=AXIS2_PLACEMENT_3D('',#6368,#4191,#4192);
#3426=AXIS2_PLACEMENT_3D('',#6372,#4194,#4195);
#3427=AXIS2_PLACEMENT_3D('',#6374,#4196,#4197);
#3428=AXIS2_PLACEMENT_3D('',#6376,#4198,#4199);
#3429=AXIS2_PLACEMENT_3D('',#6377,#4200,#4201);
#3430=AXIS2_PLACEMENT_3D('',#6379,#4202,#4203);
#3431=AXIS2_PLACEMENT_3D('',#6380,#4204,#4205);
#3432=AXIS2_PLACEMENT_3D('',#6384,#4208,#4209);
#3433=AXIS2_PLACEMENT_3D('',#6385,#4210,#4211);
#3434=AXIS2_PLACEMENT_3D('',#6387,#4213,#4214);
#3435=AXIS2_PLACEMENT_3D('',#6391,#4216,#4217);
#3436=AXIS2_PLACEMENT_3D('',#6393,#4219,#4220);
#3437=AXIS2_PLACEMENT_3D('',#6396,#4221,#4222);
#3438=AXIS2_PLACEMENT_3D('',#6399,#4225,#4226);
#3439=AXIS2_PLACEMENT_3D('',#6401,#4227,#4228);
#3440=AXIS2_PLACEMENT_3D('',#6405,#4230,#4231);
#3441=AXIS2_PLACEMENT_3D('',#6407,#4233,#4234);
#3442=AXIS2_PLACEMENT_3D('',#6410,#4236,#4237);
#3443=AXIS2_PLACEMENT_3D('',#6411,#4238,#4239);
#3444=AXIS2_PLACEMENT_3D('',#6413,#4240,#4241);
#3445=AXIS2_PLACEMENT_3D('',#6415,#4243,#4244);
#3446=AXIS2_PLACEMENT_3D('',#6417,#4246,#4247);
#3447=AXIS2_PLACEMENT_3D('',#6419,#4248,#4249);
#3448=AXIS2_PLACEMENT_3D('',#6420,#4250,#4251);
#3449=AXIS2_PLACEMENT_3D('',#6422,#4252,#4253);
#3450=AXIS2_PLACEMENT_3D('',#6423,#4254,#4255);
#3451=AXIS2_PLACEMENT_3D('',#6425,#4257,#4258);
#3452=AXIS2_PLACEMENT_3D('',#6427,#4260,#4261);
#3453=AXIS2_PLACEMENT_3D('',#6429,#4262,#4263);
#3454=AXIS2_PLACEMENT_3D('',#6431,#4265,#4266);
#3455=AXIS2_PLACEMENT_3D('',#6433,#4268,#4269);
#3456=AXIS2_PLACEMENT_3D('',#6434,#4270,#4271);
#3457=AXIS2_PLACEMENT_3D('',#6435,#4272,#4273);
#3458=AXIS2_PLACEMENT_3D('',#6437,#4274,#4275);
#3459=AXIS2_PLACEMENT_3D('',#6439,#4276,#4277);
#3460=AXIS2_PLACEMENT_3D('',#6442,#4279,#4280);
#3461=AXIS2_PLACEMENT_3D('',#6443,#4281,#4282);
#3462=AXIS2_PLACEMENT_3D('',#6445,#4283,#4284);
#3463=AXIS2_PLACEMENT_3D('',#6447,#4285,#4286);
#3464=AXIS2_PLACEMENT_3D('',#6450,#4288,#4289);
#3465=AXIS2_PLACEMENT_3D('',#6452,#4290,#4291);
#3466=AXIS2_PLACEMENT_3D('',#6454,#4293,#4294);
#3467=AXIS2_PLACEMENT_3D('',#6456,#4296,#4297);
#3468=AXIS2_PLACEMENT_3D('',#6458,#4299,#4300);
#3469=AXIS2_PLACEMENT_3D('',#6460,#4302,#4303);
#3470=AXIS2_PLACEMENT_3D('',#6461,#4304,#4305);
#3471=AXIS2_PLACEMENT_3D('',#6463,#4307,#4308);
#3472=AXIS2_PLACEMENT_3D('',#6465,#4310,#4311);
#3473=AXIS2_PLACEMENT_3D('',#6468,#4314,#4315);
#3474=AXIS2_PLACEMENT_3D('',#6469,#4316,#4317);
#3475=AXIS2_PLACEMENT_3D('',#6470,#4318,#4319);
#3476=AXIS2_PLACEMENT_3D('',#6471,#4320,#4321);
#3477=DIRECTION('axis',(0.,0.,1.));
#3478=DIRECTION('refdir',(1.,0.,0.));
#3479=DIRECTION('center_axis',(-1.,-1.6809610090876E-16,0.));
#3480=DIRECTION('ref_axis',(0.,0.996168487670093,0.0874548121779447));
#3481=DIRECTION('',(1.,1.6809610090876E-16,4.29533421764114E-33));
#3482=DIRECTION('center_axis',(-1.,-1.70149122547917E-16,0.));
#3483=DIRECTION('ref_axis',(0.,0.996168487670093,0.0874548121779447));
#3484=DIRECTION('',(-1.,-1.6809610090876E-16,0.));
#3485=DIRECTION('center_axis',(1.,-5.08065288464414E-17,0.));
#3486=DIRECTION('ref_axis',(-1.29597044210736E-46,2.68536678123212E-17,
-1.));
#3487=DIRECTION('center_axis',(1.,1.70149122547917E-16,0.));
#3488=DIRECTION('ref_axis',(-2.30827131283629E-46,1.35661664207892E-30,
-1.));
#3489=DIRECTION('center_axis',(-1.,6.17970693713332E-16,3.78397916011459E-32));
#3490=DIRECTION('ref_axis',(0.,6.12323399573689E-17,-1.));
#3491=DIRECTION('center_axis',(1.,1.70149122547917E-16,0.));
#3492=DIRECTION('ref_axis',(-1.70149122547917E-16,1.,0.));
#3493=DIRECTION('',(2.9646690547127E-17,-0.174239455973556,0.98470331165384));
#3494=DIRECTION('',(-1.70149122547917E-16,1.,0.));
#3495=DIRECTION('',(2.22044604925031E-16,6.77715554313584E-32,1.));
#3496=DIRECTION('',(3.25602470745702E-16,-1.,0.));
#3497=DIRECTION('',(0.,0.,1.));
#3498=DIRECTION('',(-1.70149122547917E-16,1.,0.));
#3499=DIRECTION('',(0.,0.,1.));
#3500=DIRECTION('',(3.25602470745702E-16,-1.,0.));
#3501=DIRECTION('',(-2.22044604925031E-16,-6.77715554313584E-32,-1.));
#3502=DIRECTION('',(-1.70149122547917E-16,1.,0.));
#3503=DIRECTION('',(2.96466905471269E-17,-0.174239455973556,-0.98470331165384));
#3504=DIRECTION('center_axis',(-1.,-1.70149122547917E-16,0.));
#3505=DIRECTION('ref_axis',(0.,-0.996168487670093,0.0874548121779492));
#3506=DIRECTION('center_axis',(1.65524787240954E-16,-0.98470331165384,-0.174239455973556));
#3507=DIRECTION('ref_axis',(2.9646690547127E-17,-0.174239455973556,0.98470331165384));
#3508=DIRECTION('center_axis',(1.65524787240954E-16,-0.98470331165384,-0.174239455973556));
#3509=DIRECTION('ref_axis',(3.22505885261707E-15,0.174239455973556,-0.98470331165384));
#3510=DIRECTION('',(-1.,-1.6809610090876E-16,0.));
#3511=DIRECTION('center_axis',(1.65524787240954E-16,-0.98470331165384,-0.174239455973556));
#3512=DIRECTION('ref_axis',(0.,-0.174239455973556,0.98470331165384));
#3513=DIRECTION('',(0.728521957623131,0.678246674752879,-0.0961103815808868));
#3514=DIRECTION('',(-0.757757107645227,-0.605069479690196,0.244325787751875));
#3515=DIRECTION('center_axis',(1.,3.05215951786985E-16,-2.54685750252015E-16));
#3516=DIRECTION('ref_axis',(-5.09371500504029E-16,3.21624529935329E-16,
-1.));
#3517=DIRECTION('center_axis',(-1.,-1.6809610090876E-16,0.));
#3518=DIRECTION('ref_axis',(0.,-0.996168487670093,0.0874548121779492));
#3519=DIRECTION('',(1.,1.6809610090876E-16,2.51753149265417E-47));
#3520=DIRECTION('',(-1.,-1.6809610090876E-16,4.29533421764113E-33));
#3521=DIRECTION('center_axis',(-1.6809610090876E-16,1.,1.02123209848209E-15));
#3522=DIRECTION('ref_axis',(-1.73761745474495E-31,1.02123209848209E-15,
-1.));
#3523=DIRECTION('center_axis',(-1.6809610090876E-16,1.,1.02123209848209E-15));
#3524=DIRECTION('ref_axis',(-0.866025403784438,-2.81980011200757E-16,-0.5));
#3525=DIRECTION('center_axis',(-3.25602470745702E-16,1.,0.));
#3526=DIRECTION('ref_axis',(-0.866025403784438,-2.81980011200757E-16,-0.5));
#3527=DIRECTION('center_axis',(-1.65524787240954E-16,0.98470331165384,-0.174239455973556));
#3528=DIRECTION('ref_axis',(3.22505885261707E-15,-0.174239455973556,-0.98470331165384));
#3529=DIRECTION('',(-3.25602470745702E-16,1.,0.));
#3530=DIRECTION('center_axis',(3.25602470745702E-16,-1.,0.));
#3531=DIRECTION('ref_axis',(-0.866025403784438,-2.81980011200757E-16,-0.5));
#3532=DIRECTION('',(3.25602470745702E-16,-1.,0.));
#3533=DIRECTION('center_axis',(-1.65524787240954E-16,0.98470331165384,-0.174239455973556));
#3534=DIRECTION('ref_axis',(2.96466905471269E-17,-0.174239455973556,-0.98470331165384));
#3535=DIRECTION('center_axis',(-1.65524787240954E-16,0.98470331165384,-0.174239455973556));
#3536=DIRECTION('ref_axis',(0.,0.174239455973556,0.98470331165384));
#3537=DIRECTION('',(1.,1.6809610090876E-16,0.));
#3538=DIRECTION('center_axis',(-1.65524787240954E-16,0.98470331165384,-0.174239455973556));
#3539=DIRECTION('ref_axis',(5.67327973663768E-17,-0.174239455973556,-0.98470331165384));
#3540=DIRECTION('center_axis',(-1.65524787240954E-16,0.98470331165384,-0.174239455973556));
#3541=DIRECTION('ref_axis',(5.67327973663768E-17,-0.174239455973556,-0.98470331165384));
#3542=DIRECTION('center_axis',(-1.65524787240954E-16,0.98470331165384,-0.174239455973556));
#3543=DIRECTION('ref_axis',(5.67327973663768E-17,-0.174239455973556,-0.98470331165384));
#3544=DIRECTION('center_axis',(-1.65524787240954E-16,0.98470331165384,-0.174239455973556));
#3545=DIRECTION('ref_axis',(5.67327973663768E-17,-0.174239455973556,-0.98470331165384));
#3546=DIRECTION('center_axis',(-1.65524787240954E-16,0.98470331165384,-0.174239455973556));
#3547=DIRECTION('ref_axis',(5.67327973663768E-17,-0.174239455973556,-0.98470331165384));
#3548=DIRECTION('center_axis',(-1.65524787240954E-16,0.98470331165384,-0.174239455973556));
#3549=DIRECTION('ref_axis',(5.67327973663768E-17,-0.174239455973556,-0.98470331165384));
#3550=DIRECTION('center_axis',(-1.65524787240954E-16,0.98470331165384,-0.174239455973556));
#3551=DIRECTION('ref_axis',(5.67327973663768E-17,-0.174239455973556,-0.98470331165384));
#3552=DIRECTION('',(0.757757107645226,-0.605069479690198,-0.244325787751876));
#3553=DIRECTION('center_axis',(1.6809610090876E-16,-1.,0.));
#3554=DIRECTION('ref_axis',(0.,0.,1.));
#3555=DIRECTION('center_axis',(1.6809610090876E-16,-1.,0.));
#3556=DIRECTION('ref_axis',(-0.866025403784438,-2.81980011200757E-16,-0.5));
#3557=DIRECTION('center_axis',(0.,0.,1.));
#3558=DIRECTION('ref_axis',(0.707106781186551,0.707106781186544,0.));
#3559=DIRECTION('center_axis',(-0.707106781186546,-2.21139782913207E-16,
-0.707106781186549));
#3560=DIRECTION('ref_axis',(0.707106781186549,1.47196168001604E-16,-0.707106781186546));
#3561=DIRECTION('',(0.,0.,1.));
#3562=DIRECTION('center_axis',(0.707106781186549,0.,0.707106781186546));
#3563=DIRECTION('ref_axis',(0.707106781186546,4.90653893338679E-17,-0.707106781186549));
#3564=DIRECTION('',(0.,0.,-1.));
#3565=DIRECTION('center_axis',(-1.,-3.127388801761E-16,0.));
#3566=DIRECTION('ref_axis',(3.127388801761E-16,-1.,0.));
#3567=DIRECTION('',(3.127388801761E-16,-1.,0.));
#3568=DIRECTION('',(0.,0.,1.));
#3569=DIRECTION('',(3.127388801761E-16,-1.,0.));
#3570=DIRECTION('',(0.,0.,-1.));
#3571=DIRECTION('',(3.127388801761E-16,-1.,0.));
#3572=DIRECTION('center_axis',(0.,0.,-1.));
#3573=DIRECTION('ref_axis',(0.707106781186549,-0.707106781186546,0.));
#3574=DIRECTION('center_axis',(0.707106781186548,0.,0.707106781186548));
#3575=DIRECTION('ref_axis',(0.707106781186547,0.,-0.707106781186547));
#3576=DIRECTION('',(0.,0.,-1.));
#3577=DIRECTION('center_axis',(-0.707106781186548,-2.21139782913208E-16,
-0.707106781186548));
#3578=DIRECTION('ref_axis',(0.707106781186547,1.96261557335472E-16,-0.707106781186547));
#3579=DIRECTION('',(0.,0.,1.));
#3580=DIRECTION('center_axis',(-1.,-3.127388801761E-16,0.));
#3581=DIRECTION('ref_axis',(3.127388801761E-16,-1.,0.));
#3582=DIRECTION('',(3.127388801761E-16,-1.,0.));
#3583=DIRECTION('',(3.127388801761E-16,-1.,0.));
#3584=DIRECTION('',(0.,0.,1.));
#3585=DIRECTION('',(3.127388801761E-16,-1.,0.));
#3586=DIRECTION('',(0.,0.,-1.));
#3587=DIRECTION('center_axis',(0.,0.,1.));
#3588=DIRECTION('ref_axis',(-0.707106781186549,-0.707106781186546,0.));
#3589=DIRECTION('center_axis',(0.707106781186549,1.26365590236119E-16,-0.707106781186546));
#3590=DIRECTION('ref_axis',(-0.707106781186546,-9.81307786677357E-17,-0.707106781186549));
#3591=DIRECTION('',(0.,0.,1.));
#3592=DIRECTION('center_axis',(-0.707106781186548,0.,0.707106781186548));
#3593=DIRECTION('ref_axis',(-0.707106781186547,0.,-0.707106781186547));
#3594=DIRECTION('',(0.,0.,-1.));
#3595=DIRECTION('center_axis',(1.,1.787079315292E-16,0.));
#3596=DIRECTION('ref_axis',(-1.787079315292E-16,1.,0.));
#3597=DIRECTION('',(-1.787079315292E-16,1.,0.));
#3598=DIRECTION('',(0.,0.,1.));
#3599=DIRECTION('',(-1.787079315292E-16,1.,0.));
#3600=DIRECTION('',(0.,0.,-1.));
#3601=DIRECTION('',(-1.787079315292E-16,1.,0.));
#3602=DIRECTION('center_axis',(0.,0.,-1.));
#3603=DIRECTION('ref_axis',(-0.707106781186546,0.707106781186549,0.));
#3604=DIRECTION('center_axis',(-0.707106781186548,0.,0.707106781186548));
#3605=DIRECTION('ref_axis',(-0.707106781186547,0.,-0.707106781186547));
#3606=DIRECTION('',(0.,0.,-1.));
#3607=DIRECTION('center_axis',(0.707106781186546,1.26365590236118E-16,-0.707106781186549));
#3608=DIRECTION('ref_axis',(-0.707106781186549,0.,-0.707106781186546));
#3609=DIRECTION('',(0.,0.,1.));
#3610=DIRECTION('center_axis',(1.,1.787079315292E-16,0.));
#3611=DIRECTION('ref_axis',(-1.787079315292E-16,1.,0.));
#3612=DIRECTION('',(-1.787079315292E-16,1.,0.));
#3613=DIRECTION('',(-1.787079315292E-16,1.,0.));
#3614=DIRECTION('',(0.,0.,1.));
#3615=DIRECTION('',(-1.787079315292E-16,1.,0.));
#3616=DIRECTION('',(0.,0.,-1.));
#3617=DIRECTION('center_axis',(0.707106781186546,1.26365590236118E-16,-0.707106781186549));
#3618=DIRECTION('ref_axis',(-0.707106781186549,0.,-0.707106781186546));
#3619=DIRECTION('',(0.707106781186549,0.,0.707106781186546));
#3620=DIRECTION('',(1.787079315292E-16,-1.,0.));
#3621=DIRECTION('center_axis',(0.,0.,-1.));
#3622=DIRECTION('ref_axis',(-0.968245836551854,0.250000000000001,0.));
#3623=DIRECTION('',(0.662912607362385,-0.246062746062874,0.707106781186548));
#3624=DIRECTION('center_axis',(0.,0.,1.));
#3625=DIRECTION('ref_axis',(-0.968245836551854,0.250000000000001,0.));
#3626=DIRECTION('center_axis',(0.,0.,-1.));
#3627=DIRECTION('ref_axis',(-0.968245836551854,0.250000000000001,0.));
#3628=DIRECTION('',(0.618718433538226,-0.342326598440731,0.707106781186549));
#3629=DIRECTION('center_axis',(0.,0.,1.));
#3630=DIRECTION('ref_axis',(0.666666666666667,-0.74535599249993,0.));
#3631=DIRECTION('center_axis',(0.,0.,1.));
#3632=DIRECTION('ref_axis',(0.666666666666667,-0.74535599249993,0.));
#3633=DIRECTION('center_axis',(0.,0.,1.));
#3634=DIRECTION('ref_axis',(-0.968245836551854,0.250000000000001,0.));
#3635=DIRECTION('center_axis',(0.,0.,-1.));
#3636=DIRECTION('ref_axis',(-0.968245836551854,0.250000000000001,0.));
#3637=DIRECTION('',(0.,0.,1.));
#3638=DIRECTION('center_axis',(0.,0.,-1.));
#3639=DIRECTION('ref_axis',(-0.968245836551854,-0.25,0.));
#3640=DIRECTION('',(-0.662912607362386,-0.246062746062872,-0.707106781186549));
#3641=DIRECTION('center_axis',(0.,0.,-1.));
#3642=DIRECTION('ref_axis',(-0.968245836551854,-0.25,0.));
#3643=DIRECTION('',(0.707106781186547,0.,0.707106781186547));
#3644=DIRECTION('center_axis',(0.,0.,1.));
#3645=DIRECTION('ref_axis',(-0.968245836551854,-0.25,0.));
#3646=DIRECTION('center_axis',(0.707106781186549,1.26365590236119E-16,-0.707106781186546));
#3647=DIRECTION('ref_axis',(-0.707106781186546,0.,-0.707106781186549));
#3648=DIRECTION('',(1.787079315292E-16,-1.,0.));
#3649=DIRECTION('',(-0.618718433538228,-0.342326598440728,-0.707106781186548));
#3650=DIRECTION('center_axis',(0.,0.,1.));
#3651=DIRECTION('ref_axis',(0.666666666666667,0.74535599249993,0.));
#3652=DIRECTION('center_axis',(0.,0.,1.));
#3653=DIRECTION('ref_axis',(0.666666666666667,0.74535599249993,0.));
#3654=DIRECTION('center_axis',(0.,0.,-1.));
#3655=DIRECTION('ref_axis',(-1.,-3.05215951786985E-16,0.));
#3656=DIRECTION('',(-1.,-3.05215951786985E-16,0.));
#3657=DIRECTION('center_axis',(-0.707106781186548,-2.21139782913208E-16,
-0.707106781186548));
#3658=DIRECTION('ref_axis',(-0.707106781186548,0.,0.707106781186548));
#3659=DIRECTION('',(-0.707106781186547,0.,0.707106781186547));
#3660=DIRECTION('',(-3.127388801761E-16,1.,0.));
#3661=DIRECTION('center_axis',(0.,0.,-1.));
#3662=DIRECTION('ref_axis',(0.968245836551854,-0.25,0.));
#3663=DIRECTION('',(-0.662912607362386,0.246062746062869,0.707106781186549));
#3664=DIRECTION('center_axis',(0.,0.,1.));
#3665=DIRECTION('ref_axis',(0.968245836551854,-0.25,0.));
#3666=DIRECTION('center_axis',(0.,0.,-1.));
#3667=DIRECTION('ref_axis',(0.968245836551854,-0.25,0.));
#3668=DIRECTION('',(-0.618718433538228,0.34232659844073,0.707106781186548));
#3669=DIRECTION('center_axis',(0.,0.,1.));
#3670=DIRECTION('ref_axis',(-0.666666666666667,0.745355992499929,0.));
#3671=DIRECTION('center_axis',(0.,0.,1.));
#3672=DIRECTION('ref_axis',(-0.666666666666667,0.745355992499929,0.));
#3673=DIRECTION('center_axis',(0.,0.,1.));
#3674=DIRECTION('ref_axis',(0.968245836551854,-0.25,0.));
#3675=DIRECTION('center_axis',(0.,0.,-1.));
#3676=DIRECTION('ref_axis',(0.968245836551854,-0.25,0.));
#3677=DIRECTION('',(0.,0.,1.));
#3678=DIRECTION('center_axis',(0.,0.,-1.));
#3679=DIRECTION('ref_axis',(0.968245836551854,0.250000000000001,0.));
#3680=DIRECTION('',(0.662912607362386,0.246062746062872,-0.707106781186549));
#3681=DIRECTION('center_axis',(0.,0.,-1.));
#3682=DIRECTION('ref_axis',(0.968245836551854,0.250000000000001,0.));
#3683=DIRECTION('',(-0.707106781186547,0.,0.707106781186547));
#3684=DIRECTION('center_axis',(0.,0.,1.));
#3685=DIRECTION('ref_axis',(0.968245836551854,0.250000000000001,0.));
#3686=DIRECTION('center_axis',(-0.707106781186546,-2.21139782913207E-16,
-0.707106781186549));
#3687=DIRECTION('ref_axis',(-0.707106781186549,0.,0.707106781186546));
#3688=DIRECTION('',(-3.127388801761E-16,1.,0.));
#3689=DIRECTION('',(0.61871843353823,0.342326598440728,-0.707106781186547));
#3690=DIRECTION('center_axis',(0.,0.,1.));
#3691=DIRECTION('ref_axis',(-0.666666666666666,-0.745355992499931,0.));
#3692=DIRECTION('center_axis',(0.,0.,1.));
#3693=DIRECTION('ref_axis',(-0.666666666666666,-0.745355992499931,0.));
#3694=DIRECTION('center_axis',(0.,0.,-1.));
#3695=DIRECTION('ref_axis',(-1.,-3.05215951786985E-16,0.));
#3696=DIRECTION('',(1.,3.05215951786985E-16,0.));
#3697=DIRECTION('',(-3.25602470745702E-16,1.,0.));
#3698=DIRECTION('center_axis',(-0.408248290463862,-0.40824829046386,-0.816496580927728));
#3699=DIRECTION('ref_axis',(0.577350269189629,0.577350269189625,-0.577350269189623));
#3700=DIRECTION('center_axis',(-2.22044604925031E-15,0.,1.));
#3701=DIRECTION('ref_axis',(0.,1.,0.));
#3702=DIRECTION('center_axis',(-1.,2.22044604925031E-15,0.));
#3703=DIRECTION('ref_axis',(0.,0.,-1.));
#3704=DIRECTION('center_axis',(0.,-1.,0.));
#3705=DIRECTION('ref_axis',(1.,0.,0.));
#3706=DIRECTION('center_axis',(-1.,-3.25602470745702E-16,0.));
#3707=DIRECTION('ref_axis',(0.,0.707106781186548,-0.707106781186548));
#3708=DIRECTION('',(1.,3.25602470745702E-16,0.));
#3709=DIRECTION('',(-1.,-3.25602470745702E-16,0.));
#3710=DIRECTION('center_axis',(-3.40298245095833E-16,1.,0.));
#3711=DIRECTION('ref_axis',(0.707106781186548,0.,-0.707106781186548));
#3712=DIRECTION('',(-3.40298245095833E-16,1.,0.));
#3713=DIRECTION('',(3.40298245095833E-16,-1.,0.));
#3714=DIRECTION('center_axis',(0.,0.,1.));
#3715=DIRECTION('ref_axis',(0.707106781186548,0.707106781186548,0.));
#3716=DIRECTION('',(0.,0.,-1.));
#3717=DIRECTION('',(0.,0.,1.));
#3718=DIRECTION('center_axis',(3.25602470745702E-16,-1.,0.));
#3719=DIRECTION('ref_axis',(0.,0.,-1.));
#3720=DIRECTION('',(-1.,-3.15174273875407E-16,0.));
#3721=DIRECTION('',(0.,0.,1.));
#3722=DIRECTION('',(-1.,-3.25602470745702E-16,0.));
#3723=DIRECTION('',(1.,3.05215951786985E-16,0.));
#3724=DIRECTION('center_axis',(-3.25602470745702E-16,1.,0.));
#3725=DIRECTION('ref_axis',(0.707106781186547,1.57009245868377E-16,0.707106781186547));
#3726=DIRECTION('',(-1.,-3.05215951786985E-16,0.));
#3727=DIRECTION('center_axis',(-3.25602470745702E-16,1.,0.));
#3728=DIRECTION('ref_axis',(-0.866025403784438,-2.81980011200757E-16,-0.5));
#3729=DIRECTION('',(0.500000000000001,1.52607975893492E-16,-0.866025403784438));
#3730=DIRECTION('center_axis',(3.25602470745702E-16,-1.,0.));
#3731=DIRECTION('ref_axis',(1.,3.25602470745702E-16,0.));
#3732=DIRECTION('center_axis',(3.25602470745702E-16,-1.,0.));
#3733=DIRECTION('ref_axis',(1.,3.25602470745702E-16,0.));
#3734=DIRECTION('center_axis',(3.25602470745702E-16,-1.,0.));
#3735=DIRECTION('ref_axis',(1.,3.25602470745702E-16,0.));
#3736=DIRECTION('center_axis',(3.25602470745702E-16,-1.,0.));
#3737=DIRECTION('ref_axis',(1.,3.25602470745702E-16,0.));
#3738=DIRECTION('center_axis',(3.25602470745702E-16,-1.,0.));
#3739=DIRECTION('ref_axis',(1.,3.25602470745702E-16,0.));
#3740=DIRECTION('center_axis',(3.25602470745702E-16,-1.,0.));
#3741=DIRECTION('ref_axis',(1.,3.25602470745702E-16,0.));
#3742=DIRECTION('center_axis',(3.25602470745702E-16,-1.,0.));
#3743=DIRECTION('ref_axis',(1.,3.25602470745702E-16,0.));
#3744=DIRECTION('center_axis',(-1.,-3.40298245095833E-16,0.));
#3745=DIRECTION('ref_axis',(0.,0.,1.));
#3746=DIRECTION('center_axis',(1.,3.40298245095833E-16,0.));
#3747=DIRECTION('ref_axis',(0.,0.,-1.));
#3748=DIRECTION('center_axis',(-0.408248290463863,-0.816496580927726,-0.408248290463863));
#3749=DIRECTION('ref_axis',(-0.577350269189625,0.577350269189625,-0.577350269189627));
#3750=DIRECTION('center_axis',(0.,2.22044604925031E-15,1.));
#3751=DIRECTION('ref_axis',(-1.,0.,0.));
#3752=DIRECTION('center_axis',(0.,-1.,0.));
#3753=DIRECTION('ref_axis',(0.,0.,-1.));
#3754=DIRECTION('center_axis',(1.,0.,0.));
#3755=DIRECTION('ref_axis',(0.,1.,0.));
#3756=DIRECTION('center_axis',(3.40298245095833E-16,-1.,0.));
#3757=DIRECTION('ref_axis',(-0.707106781186548,-2.40627196733147E-16,-0.707106781186548));
#3758=DIRECTION('',(-3.40298245095833E-16,1.,0.));
#3759=DIRECTION('',(3.40298245095833E-16,-1.,0.));
#3760=DIRECTION('center_axis',(-1.,-3.25602470745702E-16,0.));
#3761=DIRECTION('ref_axis',(0.,0.707106781186548,-0.707106781186548));
#3762=DIRECTION('',(1.,3.25602470745702E-16,0.));
#3763=DIRECTION('center_axis',(0.,0.,-1.));
#3764=DIRECTION('ref_axis',(-0.707106781186548,0.707106781186548,0.));
#3765=DIRECTION('',(0.,0.,-1.));
#3766=DIRECTION('center_axis',(-1.,-3.40298245095833E-16,0.));
#3767=DIRECTION('ref_axis',(0.,0.,1.));
#3768=DIRECTION('center_axis',(-1.,-3.40298245095833E-16,0.));
#3769=DIRECTION('ref_axis',(0.,0.,-1.));
#3770=DIRECTION('center_axis',(-1.,-3.40298245095833E-16,0.));
#3771=DIRECTION('ref_axis',(0.,0.,1.));
#3772=DIRECTION('',(0.,0.,1.));
#3773=DIRECTION('center_axis',(-1.,-3.40298245095833E-16,0.));
#3774=DIRECTION('ref_axis',(0.,0.,-1.));
#3775=DIRECTION('',(-3.40298245095833E-16,1.,0.));
#3776=DIRECTION('center_axis',(-0.816496580927726,0.408248290463864,0.408248290463862));
#3777=DIRECTION('ref_axis',(-0.577350269189627,-0.577350269189627,-0.577350269189623));
#3778=DIRECTION('center_axis',(2.22044604925031E-15,0.,1.));
#3779=DIRECTION('ref_axis',(0.,-1.,0.));
#3780=DIRECTION('center_axis',(1.,0.,0.));
#3781=DIRECTION('ref_axis',(0.,0.,-1.));
#3782=DIRECTION('center_axis',(0.,1.,0.));
#3783=DIRECTION('ref_axis',(-1.,0.,0.));
#3784=DIRECTION('center_axis',(1.,3.25602470745702E-16,0.));
#3785=DIRECTION('ref_axis',(0.,-0.707106781186548,-0.707106781186548));
#3786=DIRECTION('',(-1.,-3.25602470745702E-16,0.));
#3787=DIRECTION('',(1.,3.25602470745702E-16,0.));
#3788=DIRECTION('center_axis',(3.40298245095833E-16,-1.,0.));
#3789=DIRECTION('ref_axis',(-0.707106781186548,-2.40627196733147E-16,-0.707106781186548));
#3790=DIRECTION('',(3.40298245095833E-16,-1.,0.));
#3791=DIRECTION('',(-3.40298245095833E-16,1.,0.));
#3792=DIRECTION('center_axis',(0.,0.,1.));
#3793=DIRECTION('ref_axis',(-0.707106781186548,-0.707106781186548,0.));
#3794=DIRECTION('',(0.,0.,-1.));
#3795=DIRECTION('',(0.,0.,1.));
#3796=DIRECTION('center_axis',(0.,0.,1.));
#3797=DIRECTION('ref_axis',(1.,0.,0.));
#3798=DIRECTION('center_axis',(0.,0.,-1.));
#3799=DIRECTION('ref_axis',(0.707106781186547,0.707106781186547,0.));
#3800=DIRECTION('',(-1.,0.,0.));
#3801=DIRECTION('center_axis',(0.,0.,1.));
#3802=DIRECTION('ref_axis',(-0.25,-0.968245836551854,0.));
#3803=DIRECTION('center_axis',(0.,0.,-1.));
#3804=DIRECTION('ref_axis',(-1.,0.,0.));
#3805=DIRECTION('center_axis',(-1.,-3.40298245095833E-16,0.));
#3806=DIRECTION('ref_axis',(0.,0.,1.));
#3807=DIRECTION('center_axis',(-1.,-3.40298245095833E-16,0.));
#3808=DIRECTION('ref_axis',(0.,0.,-1.));
#3809=DIRECTION('center_axis',(-3.25602470745702E-16,1.,0.));
#3810=DIRECTION('ref_axis',(0.,0.,1.));
#3811=DIRECTION('',(-1.,-3.05215951786985E-16,0.));
#3812=DIRECTION('',(-0.500000000000001,-1.52607975893492E-16,0.866025403784438));
#3813=DIRECTION('',(1.,3.05215951786985E-16,0.));
#3814=DIRECTION('center_axis',(3.25602470745702E-16,-1.,0.));
#3815=DIRECTION('ref_axis',(0.707106781186547,1.57009245868377E-16,0.707106781186547));
#3816=DIRECTION('',(-1.,-3.15174273875407E-16,0.));
#3817=DIRECTION('',(0.,0.,1.));
#3818=DIRECTION('',(1.,3.25602470745702E-16,0.));
#3819=DIRECTION('center_axis',(3.25602470745702E-16,-1.,0.));
#3820=DIRECTION('ref_axis',(1.,3.25602470745702E-16,0.));
#3821=DIRECTION('center_axis',(3.25602470745702E-16,-1.,0.));
#3822=DIRECTION('ref_axis',(1.,3.25602470745702E-16,0.));
#3823=DIRECTION('center_axis',(3.25602470745702E-16,-1.,0.));
#3824=DIRECTION('ref_axis',(1.,3.25602470745702E-16,0.));
#3825=DIRECTION('center_axis',(3.25602470745702E-16,-1.,0.));
#3826=DIRECTION('ref_axis',(1.,3.25602470745702E-16,0.));
#3827=DIRECTION('center_axis',(3.25602470745702E-16,-1.,0.));
#3828=DIRECTION('ref_axis',(1.,3.25602470745702E-16,0.));
#3829=DIRECTION('center_axis',(3.25602470745702E-16,-1.,0.));
#3830=DIRECTION('ref_axis',(1.,3.25602470745702E-16,0.));
#3831=DIRECTION('center_axis',(3.25602470745702E-16,-1.,0.));
#3832=DIRECTION('ref_axis',(1.,3.25602470745702E-16,0.));
#3833=DIRECTION('center_axis',(-0.408248290463863,-0.816496580927726,0.408248290463863));
#3834=DIRECTION('ref_axis',(0.577350269189625,-0.577350269189625,-0.577350269189627));
#3835=DIRECTION('center_axis',(-1.,0.,0.));
#3836=DIRECTION('ref_axis',(0.,-1.,0.));
#3837=DIRECTION('center_axis',(0.,-2.22044604925031E-15,1.));
#3838=DIRECTION('ref_axis',(1.,0.,0.));
#3839=DIRECTION('center_axis',(0.,1.,0.));
#3840=DIRECTION('ref_axis',(0.,0.,-1.));
#3841=DIRECTION('center_axis',(0.,0.,-1.));
#3842=DIRECTION('ref_axis',(0.707106781186548,-0.707106781186548,0.));
#3843=DIRECTION('',(0.,0.,-1.));
#3844=DIRECTION('center_axis',(-3.40298245095833E-16,1.,0.));
#3845=DIRECTION('ref_axis',(0.707106781186548,0.,-0.707106781186548));
#3846=DIRECTION('',(3.40298245095833E-16,-1.,0.));
#3847=DIRECTION('',(-3.40298245095833E-16,1.,0.));
#3848=DIRECTION('center_axis',(1.,3.25602470745702E-16,0.));
#3849=DIRECTION('ref_axis',(0.,-0.707106781186548,-0.707106781186548));
#3850=DIRECTION('',(-1.,-3.25602470745702E-16,0.));
#3851=DIRECTION('center_axis',(-1.,-3.40298245095833E-16,0.));
#3852=DIRECTION('ref_axis',(0.,0.,1.));
#3853=DIRECTION('',(0.,0.,1.));
#3854=DIRECTION('center_axis',(1.,3.40298245095833E-16,0.));
#3855=DIRECTION('ref_axis',(0.,0.,-1.));
#3856=DIRECTION('',(3.40298245095833E-16,-1.,0.));
#3857=DIRECTION('center_axis',(-1.,-3.40298245095833E-16,0.));
#3858=DIRECTION('ref_axis',(0.,0.,1.));
#3859=DIRECTION('center_axis',(1.,3.40298245095833E-16,0.));
#3860=DIRECTION('ref_axis',(0.,0.,-1.));
#3861=DIRECTION('center_axis',(0.,0.,-1.));
#3862=DIRECTION('ref_axis',(-3.40298245095833E-16,1.,0.));
#3863=DIRECTION('center_axis',(0.,0.,1.));
#3864=DIRECTION('ref_axis',(0.993807989999907,-0.111111111111111,0.));
#3865=DIRECTION('',(1.,3.15174273875407E-16,0.));
#3866=DIRECTION('',(-3.40298245095833E-16,1.,0.));
#3867=DIRECTION('center_axis',(0.,0.,-1.));
#3868=DIRECTION('ref_axis',(-3.40298245095833E-16,1.,0.));
#3869=DIRECTION('center_axis',(0.,0.,1.));
#3870=DIRECTION('ref_axis',(-8.88178419700125E-16,1.,0.));
#3871=DIRECTION('',(1.,3.15174273875407E-16,0.));
#3872=DIRECTION('center_axis',(1.,3.15174273875407E-16,0.));
#3873=DIRECTION('ref_axis',(0.,0.,-1.));
#3874=DIRECTION('center_axis',(-1.,-3.40298245095833E-16,0.));
#3875=DIRECTION('ref_axis',(0.,0.,-1.));
#3876=DIRECTION('',(-1.,-3.80550252165729E-16,0.));
#3877=DIRECTION('center_axis',(-1.,-3.40298245095833E-16,0.));
#3878=DIRECTION('ref_axis',(0.,0.,1.));
#3879=DIRECTION('',(0.,0.,-1.));
#3880=DIRECTION('center_axis',(0.,0.,-1.));
#3881=DIRECTION('ref_axis',(-3.40298245095833E-16,1.,0.));
#3882=DIRECTION('center_axis',(0.,0.,1.));
#3883=DIRECTION('ref_axis',(0.,-1.,0.));
#3884=DIRECTION('',(1.,3.15174273875407E-16,0.));
#3885=DIRECTION('center_axis',(0.,0.,-1.));
#3886=DIRECTION('ref_axis',(-3.40298245095833E-16,1.,0.));
#3887=DIRECTION('center_axis',(0.,0.,1.));
#3888=DIRECTION('ref_axis',(-0.993807989999907,0.111111111111111,0.));
#3889=DIRECTION('',(1.,3.15174273875407E-16,0.));
#3890=DIRECTION('',(3.40298245095833E-16,-1.,0.));
#3891=DIRECTION('center_axis',(-1.,-3.40298245095833E-16,0.));
#3892=DIRECTION('ref_axis',(0.,0.,1.));
#3893=DIRECTION('',(0.,0.,-1.));
#3894=DIRECTION('center_axis',(1.,3.40298245095833E-16,0.));
#3895=DIRECTION('ref_axis',(0.,0.,-1.));
#3896=DIRECTION('center_axis',(1.,3.15174273875407E-16,0.));
#3897=DIRECTION('ref_axis',(0.,0.,-1.));
#3898=DIRECTION('',(1.,0.,0.));
#3899=DIRECTION('center_axis',(0.,0.,1.));
#3900=DIRECTION('ref_axis',(1.,0.,0.));
#3901=DIRECTION('center_axis',(0.,0.,1.));
#3902=DIRECTION('ref_axis',(-0.249999999999999,0.968245836551854,0.));
#3903=DIRECTION('',(1.,0.,0.));
#3904=DIRECTION('center_axis',(0.,0.,-1.));
#3905=DIRECTION('ref_axis',(0.707106781186547,-0.707106781186547,0.));
#3906=DIRECTION('center_axis',(0.,0.,-1.));
#3907=DIRECTION('ref_axis',(-1.,0.,0.));
#3908=DIRECTION('center_axis',(0.,-1.,0.));
#3909=DIRECTION('ref_axis',(1.,3.25602470745702E-16,0.));
#3910=DIRECTION('',(0.707106781186547,0.707106781186548,8.65956056235493E-17));
#3911=DIRECTION('center_axis',(-3.25602470745702E-16,1.,0.));
#3912=DIRECTION('ref_axis',(1.,3.25602470745702E-16,0.));
#3913=DIRECTION('center_axis',(-3.25602470745702E-16,1.,0.));
#3914=DIRECTION('ref_axis',(1.,3.25602470745702E-16,0.));
#3915=DIRECTION('',(3.25602470745702E-16,-1.,0.));
#3916=DIRECTION('center_axis',(0.,-1.,0.));
#3917=DIRECTION('ref_axis',(1.,3.25602470745702E-16,0.));
#3918=DIRECTION('',(0.707106781186547,0.707106781186548,8.65956056235493E-17));
#3919=DIRECTION('center_axis',(-3.25602470745702E-16,1.,0.));
#3920=DIRECTION('ref_axis',(1.,3.25602470745702E-16,0.));
#3921=DIRECTION('center_axis',(-3.25602470745702E-16,1.,0.));
#3922=DIRECTION('ref_axis',(1.,3.25602470745702E-16,0.));
#3923=DIRECTION('',(3.25602470745702E-16,-1.,0.));
#3924=DIRECTION('center_axis',(0.,-1.,0.));
#3925=DIRECTION('ref_axis',(1.,3.25602470745702E-16,0.));
#3926=DIRECTION('',(0.707106781186547,0.707106781186548,8.65956056235493E-17));
#3927=DIRECTION('center_axis',(-3.25602470745702E-16,1.,0.));
#3928=DIRECTION('ref_axis',(1.,3.25602470745702E-16,0.));
#3929=DIRECTION('center_axis',(-3.25602470745702E-16,1.,0.));
#3930=DIRECTION('ref_axis',(1.,3.25602470745702E-16,0.));
#3931=DIRECTION('',(3.25602470745702E-16,-1.,0.));
#3932=DIRECTION('center_axis',(0.,-1.,0.));
#3933=DIRECTION('ref_axis',(1.,3.25602470745702E-16,0.));
#3934=DIRECTION('',(0.707106781186548,0.707106781186547,8.65956056235494E-17));
#3935=DIRECTION('center_axis',(-3.25602470745702E-16,1.,0.));
#3936=DIRECTION('ref_axis',(1.,3.25602470745702E-16,0.));
#3937=DIRECTION('center_axis',(-3.25602470745702E-16,1.,0.));
#3938=DIRECTION('ref_axis',(1.,3.25602470745702E-16,0.));
#3939=DIRECTION('',(3.25602470745702E-16,-1.,0.));
#3940=DIRECTION('center_axis',(2.77555756156289E-16,-1.,0.));
#3941=DIRECTION('ref_axis',(1.,3.25602470745702E-16,0.));
#3942=DIRECTION('',(0.707106781186547,0.707106781186548,8.65956056235493E-17));
#3943=DIRECTION('center_axis',(-3.25602470745702E-16,1.,0.));
#3944=DIRECTION('ref_axis',(1.,3.25602470745702E-16,0.));
#3945=DIRECTION('center_axis',(-3.25602470745702E-16,1.,0.));
#3946=DIRECTION('ref_axis',(1.,3.25602470745702E-16,0.));
#3947=DIRECTION('',(3.25602470745702E-16,-1.,0.));
#3948=DIRECTION('center_axis',(0.,-1.,0.));
#3949=DIRECTION('ref_axis',(1.,3.25602470745702E-16,0.));
#3950=DIRECTION('',(0.707106781186547,0.707106781186548,8.65956056235493E-17));
#3951=DIRECTION('center_axis',(-3.25602470745702E-16,1.,0.));
#3952=DIRECTION('ref_axis',(1.,3.25602470745702E-16,0.));
#3953=DIRECTION('center_axis',(-3.25602470745702E-16,1.,0.));
#3954=DIRECTION('ref_axis',(1.,3.25602470745702E-16,0.));
#3955=DIRECTION('',(3.25602470745702E-16,-1.,0.));
#3956=DIRECTION('center_axis',(0.,-1.,0.));
#3957=DIRECTION('ref_axis',(1.,3.25602470745702E-16,0.));
#3958=DIRECTION('',(0.707106781186547,0.707106781186548,8.65956056235493E-17));
#3959=DIRECTION('center_axis',(-3.25602470745702E-16,1.,0.));
#3960=DIRECTION('ref_axis',(1.,3.25602470745702E-16,0.));
#3961=DIRECTION('center_axis',(-3.25602470745702E-16,1.,0.));
#3962=DIRECTION('ref_axis',(1.,3.25602470745702E-16,0.));
#3963=DIRECTION('',(3.25602470745702E-16,-1.,0.));
#3964=DIRECTION('',(0.,-0.642557602097447,-0.766237383574294));
#3965=DIRECTION('',(3.45563734986918E-15,-0.642557602097447,-0.766237383574294));
#3966=DIRECTION('',(1.72781867493459E-15,-0.642557602097447,-0.766237383574293));
#3967=DIRECTION('',(8.63909337467294E-16,-0.642557602097447,-0.766237383574293));
#3968=DIRECTION('',(-4.31954668733647E-16,-0.642557602097447,-0.766237383574294));
#3969=DIRECTION('',(0.,-0.642557602097447,-0.766237383574294));
#3970=DIRECTION('',(0.,-0.642557602097447,-0.766237383574294));
#3971=DIRECTION('center_axis',(-3.25602470745702E-16,1.,0.));
#3972=DIRECTION('ref_axis',(1.,3.25602470745702E-16,0.));
#3973=DIRECTION('center_axis',(3.25602470745702E-16,-1.,0.));
#3974=DIRECTION('ref_axis',(1.,3.25602470745702E-16,0.));
#3975=DIRECTION('',(3.25602470745702E-16,-1.,0.));
#3976=DIRECTION('center_axis',(-3.25602470745702E-16,1.,0.));
#3977=DIRECTION('ref_axis',(1.,3.25602470745702E-16,0.));
#3978=DIRECTION('center_axis',(3.25602470745702E-16,-1.,0.));
#3979=DIRECTION('ref_axis',(1.,3.25602470745702E-16,0.));
#3980=DIRECTION('',(3.25602470745702E-16,-1.,0.));
#3981=DIRECTION('center_axis',(-3.25602470745702E-16,1.,0.));
#3982=DIRECTION('ref_axis',(1.,3.25602470745702E-16,0.));
#3983=DIRECTION('center_axis',(3.25602470745702E-16,-1.,0.));
#3984=DIRECTION('ref_axis',(1.,3.25602470745702E-16,0.));
#3985=DIRECTION('',(3.25602470745702E-16,-1.,0.));
#3986=DIRECTION('center_axis',(-3.25602470745702E-16,1.,0.));
#3987=DIRECTION('ref_axis',(1.,3.25602470745702E-16,0.));
#3988=DIRECTION('center_axis',(3.25602470745702E-16,-1.,0.));
#3989=DIRECTION('ref_axis',(1.,3.25602470745702E-16,0.));
#3990=DIRECTION('',(3.25602470745702E-16,-1.,0.));
#3991=DIRECTION('center_axis',(-3.25602470745702E-16,1.,0.));
#3992=DIRECTION('ref_axis',(1.,3.25602470745702E-16,0.));
#3993=DIRECTION('center_axis',(3.25602470745702E-16,-1.,0.));
#3994=DIRECTION('ref_axis',(1.,3.25602470745702E-16,0.));
#3995=DIRECTION('',(3.25602470745702E-16,-1.,0.));
#3996=DIRECTION('center_axis',(-3.25602470745702E-16,1.,0.));
#3997=DIRECTION('ref_axis',(1.,3.25602470745702E-16,0.));
#3998=DIRECTION('center_axis',(3.25602470745702E-16,-1.,0.));
#3999=DIRECTION('ref_axis',(1.,3.25602470745702E-16,0.));
#4000=DIRECTION('',(3.25602470745702E-16,-1.,0.));
#4001=DIRECTION('center_axis',(-3.25602470745702E-16,1.,0.));
#4002=DIRECTION('ref_axis',(1.,3.25602470745702E-16,0.));
#4003=DIRECTION('center_axis',(3.25602470745702E-16,-1.,0.));
#4004=DIRECTION('ref_axis',(1.,3.25602470745702E-16,0.));
#4005=DIRECTION('',(3.25602470745702E-16,-1.,0.));
#4006=DIRECTION('center_axis',(-3.25602470745702E-16,1.,0.));
#4007=DIRECTION('ref_axis',(1.,3.25602470745702E-16,0.));
#4008=DIRECTION('',(0.707106781186548,-0.707106781186547,-8.65956056235493E-17));
#4009=DIRECTION('center_axis',(-3.25602470745702E-16,1.,0.));
#4010=DIRECTION('ref_axis',(1.,3.25602470745702E-16,0.));
#4011=DIRECTION('center_axis',(-3.25602470745702E-16,1.,0.));
#4012=DIRECTION('ref_axis',(1.,3.25602470745702E-16,0.));
#4013=DIRECTION('',(3.25602470745702E-16,-1.,0.));
#4014=DIRECTION('center_axis',(-3.25602470745702E-16,1.,0.));
#4015=DIRECTION('ref_axis',(1.,3.25602470745702E-16,0.));
#4016=DIRECTION('center_axis',(-3.25602470745702E-16,1.,0.));
#4017=DIRECTION('ref_axis',(1.,3.25602470745702E-16,0.));
#4018=DIRECTION('center_axis',(-3.25602470745702E-16,1.,0.));
#4019=DIRECTION('ref_axis',(1.,3.25602470745702E-16,0.));
#4020=DIRECTION('',(0.707106781186548,-0.707106781186547,-8.65956056235493E-17));
#4021=DIRECTION('center_axis',(-3.25602470745702E-16,1.,0.));
#4022=DIRECTION('ref_axis',(1.,3.25602470745702E-16,0.));
#4023=DIRECTION('center_axis',(-3.25602470745702E-16,1.,0.));
#4024=DIRECTION('ref_axis',(1.,3.25602470745702E-16,0.));
#4025=DIRECTION('',(3.25602470745702E-16,-1.,0.));
#4026=DIRECTION('center_axis',(-3.25602470745702E-16,1.,0.));
#4027=DIRECTION('ref_axis',(1.,3.25602470745702E-16,0.));
#4028=DIRECTION('center_axis',(-3.25602470745702E-16,1.,0.));
#4029=DIRECTION('ref_axis',(1.,3.25602470745702E-16,0.));
#4030=DIRECTION('center_axis',(-3.25602470745702E-16,1.,0.));
#4031=DIRECTION('ref_axis',(1.,3.25602470745702E-16,0.));
#4032=DIRECTION('',(0.707106781186548,-0.707106781186547,-8.65956056235493E-17));
#4033=DIRECTION('center_axis',(-3.25602470745702E-16,1.,0.));
#4034=DIRECTION('ref_axis',(1.,3.25602470745702E-16,0.));
#4035=DIRECTION('center_axis',(-3.25602470745702E-16,1.,0.));
#4036=DIRECTION('ref_axis',(1.,3.25602470745702E-16,0.));
#4037=DIRECTION('',(3.25602470745702E-16,-1.,0.));
#4038=DIRECTION('center_axis',(-3.25602470745702E-16,1.,0.));
#4039=DIRECTION('ref_axis',(1.,3.25602470745702E-16,0.));
#4040=DIRECTION('center_axis',(-3.25602470745702E-16,1.,0.));
#4041=DIRECTION('ref_axis',(1.,3.25602470745702E-16,0.));
#4042=DIRECTION('center_axis',(-3.25602470745702E-16,1.,0.));
#4043=DIRECTION('ref_axis',(1.,3.25602470745702E-16,0.));
#4044=DIRECTION('',(0.707106781186548,-0.707106781186547,-8.65956056235493E-17));
#4045=DIRECTION('center_axis',(-3.25602470745702E-16,1.,0.));
#4046=DIRECTION('ref_axis',(1.,3.25602470745702E-16,0.));
#4047=DIRECTION('center_axis',(-3.25602470745702E-16,1.,0.));
#4048=DIRECTION('ref_axis',(1.,3.25602470745702E-16,0.));
#4049=DIRECTION('',(3.25602470745702E-16,-1.,0.));
#4050=DIRECTION('center_axis',(-3.25602470745702E-16,1.,0.));
#4051=DIRECTION('ref_axis',(1.,3.25602470745702E-16,0.));
#4052=DIRECTION('center_axis',(-3.25602470745702E-16,1.,0.));
#4053=DIRECTION('ref_axis',(1.,3.25602470745702E-16,0.));
#4054=DIRECTION('center_axis',(-3.25602470745702E-16,1.,0.));
#4055=DIRECTION('ref_axis',(1.,3.25602470745702E-16,0.));
#4056=DIRECTION('',(0.707106781186548,-0.707106781186547,-8.65956056235493E-17));
#4057=DIRECTION('center_axis',(-3.25602470745702E-16,1.,0.));
#4058=DIRECTION('ref_axis',(1.,3.25602470745702E-16,0.));
#4059=DIRECTION('center_axis',(-3.25602470745702E-16,1.,0.));
#4060=DIRECTION('ref_axis',(1.,3.25602470745702E-16,0.));
#4061=DIRECTION('',(3.25602470745702E-16,-1.,0.));
#4062=DIRECTION('center_axis',(-3.25602470745702E-16,1.,0.));
#4063=DIRECTION('ref_axis',(1.,3.25602470745702E-16,0.));
#4064=DIRECTION('center_axis',(-3.25602470745702E-16,1.,0.));
#4065=DIRECTION('ref_axis',(1.,3.25602470745702E-16,0.));
#4066=DIRECTION('center_axis',(-3.25602470745702E-16,1.,0.));
#4067=DIRECTION('ref_axis',(1.,3.25602470745702E-16,0.));
#4068=DIRECTION('',(0.707106781186548,-0.707106781186547,-8.65956056235493E-17));
#4069=DIRECTION('center_axis',(-3.25602470745702E-16,1.,0.));
#4070=DIRECTION('ref_axis',(1.,3.25602470745702E-16,0.));
#4071=DIRECTION('center_axis',(-3.25602470745702E-16,1.,0.));
#4072=DIRECTION('ref_axis',(1.,3.25602470745702E-16,0.));
#4073=DIRECTION('',(3.25602470745702E-16,-1.,0.));
#4074=DIRECTION('center_axis',(-3.25602470745702E-16,1.,0.));
#4075=DIRECTION('ref_axis',(1.,3.25602470745702E-16,0.));
#4076=DIRECTION('center_axis',(-3.25602470745702E-16,1.,0.));
#4077=DIRECTION('ref_axis',(1.,3.25602470745702E-16,0.));
#4078=DIRECTION('center_axis',(-3.25602470745702E-16,1.,0.));
#4079=DIRECTION('ref_axis',(1.,3.25602470745702E-16,0.));
#4080=DIRECTION('',(0.707106781186548,-0.707106781186547,-8.65956056235493E-17));
#4081=DIRECTION('center_axis',(-3.25602470745702E-16,1.,0.));
#4082=DIRECTION('ref_axis',(1.,3.25602470745702E-16,0.));
#4083=DIRECTION('center_axis',(-3.25602470745702E-16,1.,0.));
#4084=DIRECTION('ref_axis',(1.,3.25602470745702E-16,0.));
#4085=DIRECTION('',(3.25602470745702E-16,-1.,0.));
#4086=DIRECTION('center_axis',(-3.25602470745702E-16,1.,0.));
#4087=DIRECTION('ref_axis',(1.,3.25602470745702E-16,0.));
#4088=DIRECTION('center_axis',(-3.25602470745702E-16,1.,0.));
#4089=DIRECTION('ref_axis',(1.,3.25602470745702E-16,0.));
#4090=DIRECTION('center_axis',(0.,0.,1.));
#4091=DIRECTION('ref_axis',(1.,3.05215951786985E-16,0.));
#4092=DIRECTION('',(1.70149122547917E-16,-1.,0.));
#4093=DIRECTION('center_axis',(0.,0.,1.));
#4094=DIRECTION('ref_axis',(1.,3.05215951786985E-16,0.));
#4095=DIRECTION('',(-3.25602470745702E-16,1.,0.));
#4096=DIRECTION('',(1.70149122547917E-16,-1.,0.));
#4097=DIRECTION('center_axis',(-1.70149122547917E-16,1.,0.));
#4098=DIRECTION('ref_axis',(0.707106781186547,1.57009245868377E-16,0.707106781186547));
#4099=DIRECTION('',(-0.728521957623132,0.678246674752877,0.0961103815808911));
#4100=DIRECTION('center_axis',(-0.866025403784438,-2.81980011200757E-16,
-0.500000000000001));
#4101=DIRECTION('ref_axis',(-0.500000000000001,-1.52607975893492E-16,0.866025403784438));
#4102=DIRECTION('',(-3.25602470745702E-16,1.,0.));
#4103=DIRECTION('',(-3.25602470745702E-16,1.,0.));
#4104=DIRECTION('',(3.25602470745702E-16,-1.,0.));
#4105=DIRECTION('center_axis',(-1.70149122547917E-16,1.,0.));
#4106=DIRECTION('ref_axis',(0.707106781186547,1.57009245868377E-16,0.707106781186547));
#4107=DIRECTION('center_axis',(-3.25602470745702E-16,1.,0.));
#4108=DIRECTION('ref_axis',(-0.866025403784438,-2.81980011200757E-16,-0.5));
#4109=DIRECTION('center_axis',(0.,0.,-1.));
#4110=DIRECTION('ref_axis',(-1.,-3.05215951786985E-16,0.));
#4111=DIRECTION('center_axis',(0.,0.,-1.));
#4112=DIRECTION('ref_axis',(-1.,-3.05215951786985E-16,0.));
#4113=DIRECTION('center_axis',(0.,0.,1.));
#4114=DIRECTION('ref_axis',(1.,0.,0.));
#4115=DIRECTION('center_axis',(0.,0.,-1.));
#4116=DIRECTION('ref_axis',(-0.707106781186547,-0.707106781186547,0.));
#4117=DIRECTION('',(1.,0.,0.));
#4118=DIRECTION('center_axis',(0.,0.,1.));
#4119=DIRECTION('ref_axis',(0.249999999999999,0.968245836551854,0.));
#4120=DIRECTION('center_axis',(0.,0.,-1.));
#4121=DIRECTION('ref_axis',(-1.,0.,0.));
#4122=DIRECTION('center_axis',(0.,0.,1.));
#4123=DIRECTION('ref_axis',(-0.249999999999999,0.968245836551854,0.));
#4124=DIRECTION('center_axis',(0.,0.,-1.));
#4125=DIRECTION('ref_axis',(-0.249999999999999,0.968245836551854,0.));
#4126=DIRECTION('',(0.,0.,1.));
#4127=DIRECTION('',(0.,0.,-1.));
#4128=DIRECTION('center_axis',(0.,-1.,0.));
#4129=DIRECTION('ref_axis',(1.,0.,0.));
#4130=DIRECTION('',(1.,0.,0.));
#4131=DIRECTION('',(0.,0.,-1.));
#4132=DIRECTION('center_axis',(0.,0.,1.));
#4133=DIRECTION('ref_axis',(0.707106781186547,-0.707106781186547,0.));
#4134=DIRECTION('center_axis',(0.,0.,1.));
#4135=DIRECTION('ref_axis',(0.707106781186547,-0.707106781186547,0.));
#4136=DIRECTION('center_axis',(0.,0.,1.));
#4137=DIRECTION('ref_axis',(1.,0.,0.));
#4138=DIRECTION('center_axis',(0.,0.,-1.));
#4139=DIRECTION('ref_axis',(0.74535599249993,-0.666666666666667,0.));
#4140=DIRECTION('center_axis',(0.,0.,1.));
#4141=DIRECTION('ref_axis',(-1.,0.,0.));
#4142=DIRECTION('center_axis',(0.,0.,-1.));
#4143=DIRECTION('ref_axis',(0.666666666666667,-0.74535599249993,0.));
#4144=DIRECTION('center_axis',(0.,0.,-1.));
#4145=DIRECTION('ref_axis',(-1.,0.,0.));
#4146=DIRECTION('center_axis',(0.,0.,1.));
#4147=DIRECTION('ref_axis',(0.666666666666667,-0.74535599249993,0.));
#4148=DIRECTION('',(0.,0.,-1.));
#4149=DIRECTION('center_axis',(0.,0.,1.));
#4150=DIRECTION('ref_axis',(0.666666666666667,-0.74535599249993,0.));
#4151=DIRECTION('center_axis',(0.,0.,1.));
#4152=DIRECTION('ref_axis',(-0.25,-0.968245836551854,0.));
#4153=DIRECTION('center_axis',(0.,0.,-1.));
#4154=DIRECTION('ref_axis',(-0.25,-0.968245836551854,0.));
#4155=DIRECTION('',(0.,0.,1.));
#4156=DIRECTION('',(0.,0.,-1.));
#4157=DIRECTION('center_axis',(0.,0.,1.));
#4158=DIRECTION('ref_axis',(0.74535599249993,0.666666666666667,0.));
#4159=DIRECTION('center_axis',(0.,0.,-1.));
#4160=DIRECTION('ref_axis',(0.74535599249993,0.666666666666667,0.));
#4161=DIRECTION('',(0.,0.,-1.));
#4162=DIRECTION('center_axis',(0.,0.,1.));
#4163=DIRECTION('ref_axis',(0.74535599249993,0.666666666666667,0.));
#4164=DIRECTION('',(0.,0.,1.));
#4165=DIRECTION('center_axis',(0.,0.,1.));
#4166=DIRECTION('ref_axis',(0.707106781186547,0.707106781186547,0.));
#4167=DIRECTION('center_axis',(0.,0.,1.));
#4168=DIRECTION('ref_axis',(0.707106781186547,0.707106781186547,0.));
#4169=DIRECTION('',(0.,0.,1.));
#4170=DIRECTION('center_axis',(0.,0.,1.));
#4171=DIRECTION('ref_axis',(1.,0.,0.));
#4172=DIRECTION('center_axis',(0.,0.,-1.));
#4173=DIRECTION('ref_axis',(-0.968245836551854,-0.25,0.));
#4174=DIRECTION('center_axis',(0.,0.,-1.));
#4175=DIRECTION('ref_axis',(0.666666666666667,0.74535599249993,0.));
#4176=DIRECTION('center_axis',(0.,0.,1.));
#4177=DIRECTION('ref_axis',(-1.,0.,0.));
#4178=DIRECTION('',(-1.,0.,0.));
#4179=DIRECTION('center_axis',(0.,0.,-1.));
#4180=DIRECTION('ref_axis',(-1.,0.,0.));
#4181=DIRECTION('center_axis',(0.,0.,1.));
#4182=DIRECTION('ref_axis',(-0.968245836551854,-0.25,0.));
#4183=DIRECTION('',(0.,0.,-1.));
#4184=DIRECTION('center_axis',(0.,0.,1.));
#4185=DIRECTION('ref_axis',(-0.707106781186547,0.707106781186547,0.));
#4186=DIRECTION('center_axis',(0.,0.,-1.));
#4187=DIRECTION('ref_axis',(-0.707106781186547,0.707106781186547,0.));
#4188=DIRECTION('',(0.,0.,-1.));
#4189=DIRECTION('center_axis',(0.,0.,1.));
#4190=DIRECTION('ref_axis',(-0.707106781186547,0.707106781186547,0.));
#4191=DIRECTION('center_axis',(0.,0.,1.));
#4192=DIRECTION('ref_axis',(1.,0.,0.));
#4193=DIRECTION('',(-1.,0.,0.));
#4194=DIRECTION('center_axis',(0.,0.,-1.));
#4195=DIRECTION('ref_axis',(0.249999999999999,-0.968245836551854,0.));
#4196=DIRECTION('center_axis',(0.,0.,-1.));
#4197=DIRECTION('ref_axis',(-0.74535599249993,0.666666666666667,0.));
#4198=DIRECTION('center_axis',(0.,0.,1.));
#4199=DIRECTION('ref_axis',(-1.,0.,0.));
#4200=DIRECTION('center_axis',(0.,0.,-1.));
#4201=DIRECTION('ref_axis',(-0.666666666666667,0.745355992499929,0.));
#4202=DIRECTION('center_axis',(0.,0.,-1.));
#4203=DIRECTION('ref_axis',(-1.,0.,0.));
#4204=DIRECTION('center_axis',(0.,1.,0.));
#4205=DIRECTION('ref_axis',(-1.,0.,0.));
#4206=DIRECTION('',(-1.,0.,0.));
#4207=DIRECTION('',(0.,0.,1.));
#4208=DIRECTION('center_axis',(0.,0.,1.));
#4209=DIRECTION('ref_axis',(0.249999999999999,-0.968245836551854,0.));
#4210=DIRECTION('center_axis',(0.,0.,1.));
#4211=DIRECTION('ref_axis',(0.249999999999999,-0.968245836551854,0.));
#4212=DIRECTION('',(0.,0.,-1.));
#4213=DIRECTION('center_axis',(0.,0.,1.));
#4214=DIRECTION('ref_axis',(-0.666666666666667,0.745355992499929,0.));
#4215=DIRECTION('',(0.,0.,-1.));
#4216=DIRECTION('center_axis',(0.,0.,1.));
#4217=DIRECTION('ref_axis',(-0.666666666666667,0.745355992499929,0.));
#4218=DIRECTION('',(0.,0.,1.));
#4219=DIRECTION('center_axis',(0.,0.,1.));
#4220=DIRECTION('ref_axis',(0.249999999999999,0.968245836551854,0.));
#4221=DIRECTION('center_axis',(0.,0.,-1.));
#4222=DIRECTION('ref_axis',(0.249999999999999,0.968245836551854,0.));
#4223=DIRECTION('',(0.,0.,1.));
#4224=DIRECTION('',(0.,0.,-1.));
#4225=DIRECTION('center_axis',(0.,0.,1.));
#4226=DIRECTION('ref_axis',(-0.74535599249993,-0.666666666666667,0.));
#4227=DIRECTION('center_axis',(0.,0.,-1.));
#4228=DIRECTION('ref_axis',(-0.74535599249993,-0.666666666666667,0.));
#4229=DIRECTION('',(0.,0.,-1.));
#4230=DIRECTION('center_axis',(0.,0.,1.));
#4231=DIRECTION('ref_axis',(-0.74535599249993,-0.666666666666667,0.));
#4232=DIRECTION('',(0.,0.,1.));
#4233=DIRECTION('center_axis',(0.,0.,1.));
#4234=DIRECTION('ref_axis',(0.968245836551854,0.250000000000001,0.));
#4235=DIRECTION('',(0.,0.,-1.));
#4236=DIRECTION('center_axis',(0.,0.,-1.));
#4237=DIRECTION('ref_axis',(0.968245836551854,0.250000000000001,0.));
#4238=DIRECTION('center_axis',(0.,0.,1.));
#4239=DIRECTION('ref_axis',(-0.707106781186547,-0.707106781186547,0.));
#4240=DIRECTION('center_axis',(0.,0.,1.));
#4241=DIRECTION('ref_axis',(-0.707106781186547,-0.707106781186547,0.));
#4242=DIRECTION('',(0.,0.,1.));
#4243=DIRECTION('center_axis',(0.,-1.,0.));
#4244=DIRECTION('ref_axis',(1.,0.,0.));
#4245=DIRECTION('',(1.,0.,0.));
#4246=DIRECTION('center_axis',(0.,0.,1.));
#4247=DIRECTION('ref_axis',(1.,0.,0.));
#4248=DIRECTION('center_axis',(0.,0.,-1.));
#4249=DIRECTION('ref_axis',(-0.666666666666666,-0.745355992499931,0.));
#4250=DIRECTION('center_axis',(0.,0.,1.));
#4251=DIRECTION('ref_axis',(-1.,0.,0.));
#4252=DIRECTION('center_axis',(0.,0.,-1.));
#4253=DIRECTION('ref_axis',(-1.,0.,0.));
#4254=DIRECTION('center_axis',(0.,0.,1.));
#4255=DIRECTION('ref_axis',(-1.,0.,0.));
#4256=DIRECTION('',(0.,0.,-1.));
#4257=DIRECTION('center_axis',(0.,0.,1.));
#4258=DIRECTION('ref_axis',(-1.,0.,0.));
#4259=DIRECTION('',(0.,0.,-1.));
#4260=DIRECTION('center_axis',(0.,0.,1.));
#4261=DIRECTION('ref_axis',(-1.,0.,0.));
#4262=DIRECTION('center_axis',(0.,0.,-1.));
#4263=DIRECTION('ref_axis',(-1.,0.,0.));
#4264=DIRECTION('',(0.,0.,-1.));
#4265=DIRECTION('center_axis',(0.,0.,1.));
#4266=DIRECTION('ref_axis',(-1.,0.,0.));
#4267=DIRECTION('',(0.,0.,-1.));
#4268=DIRECTION('center_axis',(0.,1.,0.));
#4269=DIRECTION('ref_axis',(-1.,0.,0.));
#4270=DIRECTION('center_axis',(0.,0.,1.));
#4271=DIRECTION('ref_axis',(1.,0.,0.));
#4272=DIRECTION('center_axis',(0.,0.,1.));
#4273=DIRECTION('ref_axis',(1.,0.,0.));
#4274=DIRECTION('center_axis',(0.,0.,-1.));
#4275=DIRECTION('ref_axis',(-1.,0.,0.));
#4276=DIRECTION('center_axis',(0.,0.,1.));
#4277=DIRECTION('ref_axis',(-0.74535599249993,0.666666666666667,0.));
#4278=DIRECTION('',(-1.,-3.05215951786985E-16,0.));
#4279=DIRECTION('center_axis',(0.,0.,-1.));
#4280=DIRECTION('ref_axis',(-1.,0.,0.));
#4281=DIRECTION('center_axis',(0.,0.,1.));
#4282=DIRECTION('ref_axis',(0.666666666666667,0.74535599249993,0.));
#4283=DIRECTION('center_axis',(0.,0.,-1.));
#4284=DIRECTION('ref_axis',(-1.,0.,0.));
#4285=DIRECTION('center_axis',(0.,0.,1.));
#4286=DIRECTION('ref_axis',(0.74535599249993,-0.666666666666667,0.));
#4287=DIRECTION('',(1.,0.,0.));
#4288=DIRECTION('center_axis',(0.,0.,-1.));
#4289=DIRECTION('ref_axis',(-1.,0.,0.));
#4290=DIRECTION('center_axis',(0.,0.,1.));
#4291=DIRECTION('ref_axis',(-0.666666666666666,-0.745355992499931,0.));
#4292=DIRECTION('',(3.40298245095833E-16,-1.,0.));
#4293=DIRECTION('center_axis',(0.,0.,1.));
#4294=DIRECTION('ref_axis',(0.707106781186547,-0.707106781186548,0.));
#4295=DIRECTION('',(0.,0.,1.));
#4296=DIRECTION('center_axis',(0.,0.,1.));
#4297=DIRECTION('ref_axis',(-0.74535599249993,0.666666666666667,0.));
#4298=DIRECTION('',(0.,0.,1.));
#4299=DIRECTION('center_axis',(0.,0.,1.));
#4300=DIRECTION('ref_axis',(-1.,0.,0.));
#4301=DIRECTION('',(0.,0.,1.));
#4302=DIRECTION('center_axis',(0.,0.,1.));
#4303=DIRECTION('ref_axis',(0.666666666666667,0.74535599249993,0.));
#4304=DIRECTION('center_axis',(0.,0.,1.));
#4305=DIRECTION('ref_axis',(-1.,0.,0.));
#4306=DIRECTION('',(0.,0.,1.));
#4307=DIRECTION('center_axis',(0.,0.,1.));
#4308=DIRECTION('ref_axis',(0.74535599249993,-0.666666666666667,0.));
#4309=DIRECTION('',(0.,0.,1.));
#4310=DIRECTION('center_axis',(0.,0.,1.));
#4311=DIRECTION('ref_axis',(-0.666666666666666,-0.745355992499931,0.));
#4312=DIRECTION('',(0.,0.,1.));
#4313=DIRECTION('',(0.,0.,1.));
#4314=DIRECTION('center_axis',(0.,0.,1.));
#4315=DIRECTION('ref_axis',(0.707106781186547,0.707106781186548,0.));
#4316=DIRECTION('center_axis',(0.,-1.,0.));
#4317=DIRECTION('ref_axis',(1.,0.,0.));
#4318=DIRECTION('center_axis',(-1.,-3.40298245095833E-16,0.));
#4319=DIRECTION('ref_axis',(3.40298245095833E-16,-1.,0.));
#4320=DIRECTION('center_axis',(-3.05215951786985E-16,1.,0.));
#4321=DIRECTION('ref_axis',(-1.,-3.05215951786985E-16,0.));
#4322=CARTESIAN_POINT('',(0.,0.,0.));
#4323=CARTESIAN_POINT('Origin',(29.1,-4.99999999999998,41.5215435916907));
#4324=CARTESIAN_POINT('',(-44.7636071730799,-3.00000000000001,41.5215435916907));
#4325=CARTESIAN_POINT('',(-44.8094551302745,-3.03059337669232,41.8700225036378));
#4326=CARTESIAN_POINT('Ctrl Pts',(-44.7636071730799,-3.,41.5215435916907));
#4327=CARTESIAN_POINT('Ctrl Pts',(-44.7805889285366,-3.,41.6351427041139));
#4328=CARTESIAN_POINT('Ctrl Pts',(-44.7960977533111,-3.00981067519559,41.752570375045));
#4329=CARTESIAN_POINT('Ctrl Pts',(-44.8094551302745,-3.03059337669232,41.8700225036378));
#4330=CARTESIAN_POINT('',(29.1,-3.0305933766923,41.8700225036378));
#4331=CARTESIAN_POINT('',(29.1,-3.0305933766923,41.8700225036378));
#4332=CARTESIAN_POINT('',(29.1,-3.00749570600658,41.694536766174));
#4333=CARTESIAN_POINT('Origin',(29.1,-4.99999999999998,41.5215435916907));
#4334=CARTESIAN_POINT('',(28.935332413893,-2.99999999999998,41.5215435916907));
#4335=CARTESIAN_POINT('Ctrl Pts',(29.1,-3.00749570600658,41.694536766174));
#4336=CARTESIAN_POINT('Ctrl Pts',(29.0449127963153,-3.0025485372457,41.6375561654735));
#4337=CARTESIAN_POINT('Ctrl Pts',(28.9898922360891,-2.99999999999998,41.5797847436987));
#4338=CARTESIAN_POINT('Ctrl Pts',(28.935332413893,-2.99999999999998,41.5215435916907));
#4339=CARTESIAN_POINT('',(29.1,-2.99999999999998,41.5215435916907));
#4340=CARTESIAN_POINT('Origin',(28.1000236319748,1.66632508306345E-14,33.));
#4341=CARTESIAN_POINT('',(29.1,3.0074957060066,41.694536766174));
#4342=CARTESIAN_POINT('Origin',(29.1,1.66124455024467E-14,33.));
#4343=CARTESIAN_POINT('',(28.935332413893,3.00000000000001,41.5215435916907));
#4344=CARTESIAN_POINT('Ctrl Pts',(28.935332413893,3.00000000000001,41.5215435916906));
#4345=CARTESIAN_POINT('Ctrl Pts',(28.9898899325061,3.00000000000001,41.5797822846853));
#4346=CARTESIAN_POINT('Ctrl Pts',(29.044913053695,3.00254856036001,41.6375564316996));
#4347=CARTESIAN_POINT('Ctrl Pts',(29.1,3.0074957060066,41.694536766174));
#4348=CARTESIAN_POINT('',(28.5320503254703,3.00000000000001,41.0897877668447));
#4349=CARTESIAN_POINT('Ctrl Pts',(28.935332413893,3.00000000000001,41.5215435916907));
#4350=CARTESIAN_POINT('Ctrl Pts',(28.7284503872772,3.00000000000001,41.3007025574852));
#4351=CARTESIAN_POINT('Ctrl Pts',(28.5320503254703,3.00000000000001,41.0897877668447));
#4352=CARTESIAN_POINT('',(27.6969151819533,3.2798847176602,40.0628179845727));
#4353=CARTESIAN_POINT('Ctrl Pts',(27.6969151151098,3.27988471860722,40.0628179901323));
#4354=CARTESIAN_POINT('Ctrl Pts',(27.7312704004214,3.24887844536068,40.1153572604516));
#4355=CARTESIAN_POINT('Ctrl Pts',(27.7677913496857,3.22083017395496,40.1684777302172));
#4356=CARTESIAN_POINT('Ctrl Pts',(27.8060317870073,3.19555366075402,40.2218370077847));
#4357=CARTESIAN_POINT('Ctrl Pts',(27.846007776427,3.16912996649059,40.2776180099091));
#4358=CARTESIAN_POINT('Ctrl Pts',(27.8878628745874,3.14573524930551,40.3336599888176));
#4359=CARTESIAN_POINT('Ctrl Pts',(27.9310868912129,3.12515972398647,40.3896310652465));
#4360=CARTESIAN_POINT('Ctrl Pts',(27.9743109078383,3.10458419866742,40.4456021416753));
#4361=CARTESIAN_POINT('Ctrl Pts',(28.0189038396074,3.08682780648615,40.5015027357951));
#4362=CARTESIAN_POINT('Ctrl Pts',(28.0643550707641,3.07168474343353,40.5570550620407));
#4363=CARTESIAN_POINT('Ctrl Pts',(28.1167836087005,3.05421703935773,40.6211353337935));
#4364=CARTESIAN_POINT('Ctrl Pts',(28.1707676933204,3.04009223186699,40.68524401188));
#4365=CARTESIAN_POINT('Ctrl Pts',(28.2258798811712,3.02914303875556,40.7490796641105));
#4366=CARTESIAN_POINT('Ctrl Pts',(28.2834534297638,3.01770484466034,40.8157662749845));
#4367=CARTESIAN_POINT('Ctrl Pts',(28.342258093937,3.00973207605014,40.8821551369023));
#4368=CARTESIAN_POINT('Ctrl Pts',(28.4018061316075,3.00505081147435,40.9479581949415));
#4369=CARTESIAN_POINT('Ctrl Pts',(28.4448933068786,3.00166358873523,40.9955713154745));
#4370=CARTESIAN_POINT('Ctrl Pts',(28.4883696686001,3.00000000000001,41.042878939454));
#4371=CARTESIAN_POINT('Ctrl Pts',(28.5320503254703,3.00000000000001,41.0897877668447));
#4372=CARTESIAN_POINT('',(27.3099655092351,3.65111881326431,39.4338219227427));
#4373=CARTESIAN_POINT('Ctrl Pts',(27.3099655092351,3.65111881326432,39.4338219227427));
#4374=CARTESIAN_POINT('Ctrl Pts',(27.3794710376318,3.57969649957368,39.5548221724796));
#4375=CARTESIAN_POINT('Ctrl Pts',(27.4513738734698,3.50889114155308,39.6747870455816));
#4376=CARTESIAN_POINT('Ctrl Pts',(27.5251529911476,3.43881498674499,39.7935222012608));
#4377=CARTESIAN_POINT('Ctrl Pts',(27.5811814116681,3.38559862426156,39.8836905773862));
#4378=CARTESIAN_POINT('Ctrl Pts',(27.6385026622863,3.33260321719677,39.9734879504328));
#4379=CARTESIAN_POINT('Ctrl Pts',(27.6969151819533,3.2798847176602,40.0628179845727));
#4380=CARTESIAN_POINT('',(27.1000472638898,4.20197538649476,38.8297166812784));
#4381=CARTESIAN_POINT('Ctrl Pts',(27.1000472639961,4.20197538503181,38.8297166792335));
#4382=CARTESIAN_POINT('Ctrl Pts',(27.1000472639323,4.1665749060985,38.8552328336277));
#4383=CARTESIAN_POINT('Ctrl Pts',(27.1018744869372,4.13225111580881,38.8817721847887));
#4384=CARTESIAN_POINT('Ctrl Pts',(27.1054550244977,4.0990072028807,38.9092461670789));
#4385=CARTESIAN_POINT('Ctrl Pts',(27.1107830480926,4.04953855481473,38.9501288623206));
#4386=CARTESIAN_POINT('Ctrl Pts',(27.1199934491597,4.00246039441163,38.9930789117326));
#4387=CARTESIAN_POINT('Ctrl Pts',(27.1328422928394,3.95779104552127,39.037851690883));
#4388=CARTESIAN_POINT('Ctrl Pts',(27.1389609053602,3.93651952535747,39.0591724644816));
#4389=CARTESIAN_POINT('Ctrl Pts',(27.1459045860211,3.91579440965349,39.0809073482793));
#4390=CARTESIAN_POINT('Ctrl Pts',(27.1536469594878,3.895618800271,39.1030338629506));
#4391=CARTESIAN_POINT('Ctrl Pts',(27.1694229025131,3.85450876269814,39.1481190860162));
#4392=CARTESIAN_POINT('Ctrl Pts',(27.1883320975528,3.81613299842125,39.1943318980127));
#4393=CARTESIAN_POINT('Ctrl Pts',(27.2099228532096,3.78042109739877,39.2413475150585));
#4394=CARTESIAN_POINT('Ctrl Pts',(27.2323141872526,3.74338501038932,39.2901064563038));
#4395=CARTESIAN_POINT('Ctrl Pts',(27.2575896304475,3.70921381246131,39.3397289646485));
#4396=CARTESIAN_POINT('Ctrl Pts',(27.2852448859832,3.67781427279773,39.3899067681366));
#4397=CARTESIAN_POINT('Ctrl Pts',(27.2932879407677,3.66868225745993,39.4045001181023));
#4398=CARTESIAN_POINT('Ctrl Pts',(27.3015322860047,3.65978459756064,39.4191407676091));
#4399=CARTESIAN_POINT('Ctrl Pts',(27.3099655092516,3.6511188132643,39.4338219227428));
#4400=CARTESIAN_POINT('',(27.1000472638898,-4.20197538649473,38.8297166812784));
#4401=CARTESIAN_POINT('Origin',(27.1000472639496,1.67140561588223E-14,33.));
#4402=CARTESIAN_POINT('',(27.3099655092352,-3.65111881326419,39.4338219227428));
#4403=CARTESIAN_POINT('Ctrl Pts',(27.3099655092517,-3.65111881326418,39.433821922743));
#4404=CARTESIAN_POINT('Ctrl Pts',(27.2808845235312,-3.68100175861013,39.3831956734072));
#4405=CARTESIAN_POINT('Ctrl Pts',(27.2540495826118,-3.71364290293419,39.3330472849203));
#4406=CARTESIAN_POINT('Ctrl Pts',(27.2299695184131,-3.74913988196593,39.2836729395034));
#4407=CARTESIAN_POINT('Ctrl Pts',(27.2067682132188,-3.78334146204467,39.2361004227801));
#4408=CARTESIAN_POINT('Ctrl Pts',(27.1861243860431,-3.82019441429612,39.1892463778544));
#4409=CARTESIAN_POINT('Ctrl Pts',(27.1684927579424,-3.85977387054836,39.143422800406));
#4410=CARTESIAN_POINT('Ctrl Pts',(27.1632773805295,-3.87148134310686,39.1298683374015));
#4411=CARTESIAN_POINT('Ctrl Pts',(27.1583255546566,-3.88342727987914,39.116404365067));
#4412=CARTESIAN_POINT('Ctrl Pts',(27.153649041425,-3.89561337503824,39.1030398128065));
#4413=CARTESIAN_POINT('Ctrl Pts',(27.1373900746847,-3.93798111914081,39.0565748933369));
#4414=CARTESIAN_POINT('Ctrl Pts',(27.1246532183998,-3.98277112314485,39.0118339007021));
#4415=CARTESIAN_POINT('Ctrl Pts',(27.1156826172431,-4.02995866465133,38.9690374839943));
#4416=CARTESIAN_POINT('Ctrl Pts',(27.1114104331371,-4.05243139098296,38.9486559991799));
#4417=CARTESIAN_POINT('Ctrl Pts',(27.107992456835,-4.07544812106296,38.9287162516486));
#4418=CARTESIAN_POINT('Ctrl Pts',(27.1054550244929,-4.09900720348072,38.9092461665836));
#4419=CARTESIAN_POINT('Ctrl Pts',(27.1018744873008,-4.13225111284844,38.8817721872575));
#4420=CARTESIAN_POINT('Ctrl Pts',(27.1000472639212,-4.16657490280598,38.8552328360009));
#4421=CARTESIAN_POINT('Ctrl Pts',(27.1000472639961,-4.20197538503194,38.8297166792335));
#4422=CARTESIAN_POINT('',(27.6969151819538,-3.27988471765994,40.0628179845734));
#4423=CARTESIAN_POINT('Ctrl Pts',(27.6969151819538,-3.27988471765994,40.0628179845734));
#4424=CARTESIAN_POINT('Ctrl Pts',(27.6385377005899,-3.33257159414701,39.9735415348107));
#4425=CARTESIAN_POINT('Ctrl Pts',(27.5812502059589,-3.38553502231195,39.8837983468924));
#4426=CARTESIAN_POINT('Ctrl Pts',(27.5252538927548,-3.43871915094038,39.7936845828794));
#4427=CARTESIAN_POINT('Ctrl Pts',(27.4514393972441,-3.50882661693666,39.6748963690032));
#4428=CARTESIAN_POINT('Ctrl Pts',(27.3795026915595,-3.57966397289559,39.5548772776152));
#4429=CARTESIAN_POINT('Ctrl Pts',(27.3099655092352,-3.6511188132642,39.4338219227428));
#4430=CARTESIAN_POINT('',(28.532050325471,-2.99999999999998,41.0897877668453));
#4431=CARTESIAN_POINT('Ctrl Pts',(28.5320503254709,-2.99999999999998,41.0897877668453));
#4432=CARTESIAN_POINT('Ctrl Pts',(28.4712267086934,-2.99999999999998,41.0244690481005));
#4433=CARTESIAN_POINT('Ctrl Pts',(28.4107992771434,-3.00322485939659,40.9583752051729));
#4434=CARTESIAN_POINT('Ctrl Pts',(28.3512671431105,-3.00983931339299,40.8917648160993));
#4435=CARTESIAN_POINT('Ctrl Pts',(28.2943541822262,-3.0161627581625,40.8280850147715));
#4436=CARTESIAN_POINT('Ctrl Pts',(28.2382594748898,-3.02558426711366,40.763932929301));
#4437=CARTESIAN_POINT('Ctrl Pts',(28.1834187730817,-3.03826340203682,40.6995786411663));
#4438=CARTESIAN_POINT('Ctrl Pts',(28.1430198556814,-3.04760360571001,40.6521714511596));
#4439=CARTESIAN_POINT('Ctrl Pts',(28.1033014392328,-3.0587119360264,40.6046553815616));
#4440=CARTESIAN_POINT('Ctrl Pts',(28.0644375835689,-3.0716572570757,40.5571559059368));
#4441=CARTESIAN_POINT('Ctrl Pts',(28.0190931999754,-3.08676120374735,40.5017359171982));
#4442=CARTESIAN_POINT('Ctrl Pts',(27.9746028273645,-3.10446594360296,40.4459692465601));
#4443=CARTESIAN_POINT('Ctrl Pts',(27.9314734146736,-3.12497579565536,40.3901316030181));
#4444=CARTESIAN_POINT('Ctrl Pts',(27.8891151958807,-3.14511891253185,40.3352923883276));
#4445=CARTESIAN_POINT('Ctrl Pts',(27.8480697035667,-3.16796778813423,40.2803844791276));
#4446=CARTESIAN_POINT('Ctrl Pts',(27.808816780442,-3.193719686598,40.2257193099378));
#4447=CARTESIAN_POINT('Ctrl Pts',(27.7695638573173,-3.21947158506177,40.171054140748));
#4448=CARTESIAN_POINT('Ctrl Pts',(27.7321035065959,-3.24812656685019,40.116631297876));
#4449=CARTESIAN_POINT('Ctrl Pts',(27.6969151323718,-3.27988471861578,40.0628179902581));
#4450=CARTESIAN_POINT('Ctrl Pts',(28.532050325471,-2.99999999999998,41.0897877668453));
#4451=CARTESIAN_POINT('Ctrl Pts',(28.7284503872775,-2.99999999999998,41.3007025574855));
#4452=CARTESIAN_POINT('Ctrl Pts',(28.935332413893,-2.99999999999998,41.5215435916907));
#4453=CARTESIAN_POINT('Origin',(29.1,-19.85,0.));
#4454=CARTESIAN_POINT('',(29.1,-3.23053853976669,43.));
#4455=CARTESIAN_POINT('',(29.1,0.321297030891652,22.9270249706933));
#4456=CARTESIAN_POINT('',(29.1000000000001,-13.639,43.));
#4457=CARTESIAN_POINT('',(29.1,-9.92499999999999,43.));
#4458=CARTESIAN_POINT('',(29.1000000000001,-13.639,13.));
#4459=CARTESIAN_POINT('',(29.1000000000001,-13.639,53.));
#4460=CARTESIAN_POINT('',(29.1,-12.1189482045528,13.));
#4461=CARTESIAN_POINT('',(29.1,1.68844427137695E-14,13.));
#4462=CARTESIAN_POINT('',(29.1,-11.4360767883635,12.7142857142857));
#4463=CARTESIAN_POINT('Ctrl Pts',(29.1,-11.4360767883635,12.7142857142857));
#4464=CARTESIAN_POINT('Ctrl Pts',(29.1,-11.6586529071098,12.8220399144317));
#4465=CARTESIAN_POINT('Ctrl Pts',(29.1,-11.8871172382226,12.9193262379666));
#4466=CARTESIAN_POINT('Ctrl Pts',(29.1,-12.1189482045528,13.));
#4467=CARTESIAN_POINT('',(29.1,-8.66966011250104,12.));
#4468=CARTESIAN_POINT('Ctrl Pts',(29.1,-8.66966011250103,12.));
#4469=CARTESIAN_POINT('Ctrl Pts',(29.1,-9.96065456123821,12.));
#4470=CARTESIAN_POINT('Ctrl Pts',(29.1,-11.4360767883668,12.7142857142873));
#4471=CARTESIAN_POINT('',(29.1,-8.66966011250104,0.));
#4472=CARTESIAN_POINT('',(29.1,-8.66966011250104,8.));
#4473=CARTESIAN_POINT('',(29.1,8.66966011250107,0.));
#4474=CARTESIAN_POINT('',(29.1,-26.1,0.));
#4475=CARTESIAN_POINT('',(29.1,8.66966011250107,12.));
#4476=CARTESIAN_POINT('',(29.1,8.66966011250107,8.));
#4477=CARTESIAN_POINT('',(29.1,11.4360767883635,12.7142857142857));
#4478=CARTESIAN_POINT('Ctrl Pts',(29.1000000000001,11.4360767883635,12.7142857142857));
#4479=CARTESIAN_POINT('Ctrl Pts',(29.1000000000001,9.96065456123686,12.));
#4480=CARTESIAN_POINT('Ctrl Pts',(29.1000000000001,8.66966011250106,12.));
#4481=CARTESIAN_POINT('',(29.1,12.1189482045528,13.));
#4482=CARTESIAN_POINT('Ctrl Pts',(29.1,12.1189482045528,13.));
#4483=CARTESIAN_POINT('Ctrl Pts',(29.1,11.8862122896946,12.9190113292064));
#4484=CARTESIAN_POINT('Ctrl Pts',(29.1,11.6579193378532,12.8216847767425));
#4485=CARTESIAN_POINT('Ctrl Pts',(29.1,11.4360767883629,12.7142857142854));
#4486=CARTESIAN_POINT('',(29.1,13.639,13.));
#4487=CARTESIAN_POINT('',(29.1,1.68844427137695E-14,13.));
#4488=CARTESIAN_POINT('',(29.1,13.639,43.));
#4489=CARTESIAN_POINT('',(29.1000000000001,13.639,53.));
#4490=CARTESIAN_POINT('',(29.1,3.23053853976672,43.));
#4491=CARTESIAN_POINT('',(29.1,-9.92499999999999,43.));
#4492=CARTESIAN_POINT('',(29.1,3.03059337669233,41.8700225036378));
#4493=CARTESIAN_POINT('',(29.1,0.0760691169518546,25.1727147287008));
#4494=CARTESIAN_POINT('Origin',(29.1,5.00000000000001,41.5215435916907));
#4495=CARTESIAN_POINT('Origin',(29.1,-2.99999999999998,41.6971259620636));
#4496=CARTESIAN_POINT('',(-34.8735026918963,-5.,53.));
#4497=CARTESIAN_POINT('Origin',(-34.8735026918963,-3.2305385397667,43.));
#4498=CARTESIAN_POINT('',(19.1,-4.99999999999999,53.));
#4499=CARTESIAN_POINT('',(-11.5470053837925,-4.99999999999999,53.));
#4500=CARTESIAN_POINT('Origin',(19.1,-3.23053853976669,43.));
#4501=CARTESIAN_POINT('',(-38.337604307034,-4.59553708540425,50.7142033116538));
#4502=CARTESIAN_POINT('Ctrl Pts',(-38.337604307034,-4.59553708540425,50.7142033116538));
#4503=CARTESIAN_POINT('Ctrl Pts',(-38.001747959356,-4.59553708540425,50.7142033116538));
#4504=CARTESIAN_POINT('Ctrl Pts',(-37.3321139141987,-4.56821759487981,50.5598089315647));
#4505=CARTESIAN_POINT('Ctrl Pts',(-36.2578154869862,-4.41769092200698,49.709116920149));
#4506=CARTESIAN_POINT('Ctrl Pts',(-35.8520195491459,-4.10578188478612,47.9463826406483));
#4507=CARTESIAN_POINT('Ctrl Pts',(-37.2186016019408,-3.79985795741051,46.2174728324896));
#4508=CARTESIAN_POINT('Ctrl Pts',(-39.4566895382382,-3.79955068529665,46.2157363034905));
#4509=CARTESIAN_POINT('Ctrl Pts',(-40.8232629412539,-4.10586420104597,47.9468478458065));
#4510=CARTESIAN_POINT('Ctrl Pts',(-40.417381404408,-4.4176519704543,49.7088967879022));
#4511=CARTESIAN_POINT('Ctrl Pts',(-39.3431024905369,-4.56822934655907,50.5598753454399));
#4512=CARTESIAN_POINT('Ctrl Pts',(-38.6734606547121,-4.59553708540425,50.7142033116538));
#4513=CARTESIAN_POINT('Ctrl Pts',(-38.337604307034,-4.59553708540425,50.7142033116538));
#4514=CARTESIAN_POINT('',(-18.0370356663101,-4.59553708540425,50.7142033116538));
#4515=CARTESIAN_POINT('Ctrl Pts',(-18.0370356663101,-4.59553708540425,50.7142033116538));
#4516=CARTESIAN_POINT('Ctrl Pts',(-17.701179318632,-4.59553708540425,50.7142033116538));
#4517=CARTESIAN_POINT('Ctrl Pts',(-17.0315370019347,-4.56822273604475,50.5598379865345));
#4518=CARTESIAN_POINT('Ctrl Pts',(-15.9571936684878,-4.41769243738164,49.7091254841935));
#4519=CARTESIAN_POINT('Ctrl Pts',(-15.5514225894819,-4.10578925559233,47.9464242962954));
#4520=CARTESIAN_POINT('Ctrl Pts',(-16.9179970530839,-3.79983881501529,46.2173646504487));
#4521=CARTESIAN_POINT('Ctrl Pts',(-19.1561752057744,-3.7995629143392,46.2158054151543));
#4522=CARTESIAN_POINT('Ctrl Pts',(-20.5227016870428,-4.1058726647494,47.9468956778933));
#4523=CARTESIAN_POINT('Ctrl Pts',(-20.1168683281108,-4.41765604536904,49.7089198170263));
#4524=CARTESIAN_POINT('Ctrl Pts',(-19.0425399421048,-4.56823449880692,50.5599044630441));
#4525=CARTESIAN_POINT('Ctrl Pts',(-18.3728920139881,-4.59553708540425,50.7142033116538));
#4526=CARTESIAN_POINT('Ctrl Pts',(-18.0370356663101,-4.59553708540425,50.7142033116538));
#4527=CARTESIAN_POINT('',(2.26353297441387,-4.59553708540425,50.7142033116538));
#4528=CARTESIAN_POINT('Ctrl Pts',(2.26353297441387,-4.59553708540425,50.7142033116538));
#4529=CARTESIAN_POINT('Ctrl Pts',(2.59938932209191,-4.59553708540425,50.7142033116538));
#4530=CARTESIAN_POINT('Ctrl Pts',(3.26903642213849,-4.56822799826395,50.5598677256349));
#4531=CARTESIAN_POINT('Ctrl Pts',(4.34342701187878,-4.41769321937826,49.7091299035981));
#4532=CARTESIAN_POINT('Ctrl Pts',(4.74916399831113,-4.1057976049455,47.946471482139));
#4533=CARTESIAN_POINT('Ctrl Pts',(3.38260978064028,-3.79981915077973,46.2172535192599));
#4534=CARTESIAN_POINT('Ctrl Pts',(1.14433751090038,-3.79957580388628,46.2158782596179));
#4535=CARTESIAN_POINT('Ctrl Pts',(-0.222129102911086,-4.10587907417069,
47.9469319003341));
#4536=CARTESIAN_POINT('Ctrl Pts',(0.183644451048863,-4.41765930408122,49.708938233433));
#4537=CARTESIAN_POINT('Ctrl Pts',(1.25802621408129,-4.56823945651876,50.5599324812404));
#4538=CARTESIAN_POINT('Ctrl Pts',(1.92767662673582,-4.59553708540425,50.7142033116538));
#4539=CARTESIAN_POINT('Ctrl Pts',(2.26353297441387,-4.59553708540425,50.7142033116538));
#4540=CARTESIAN_POINT('',(22.5641016151378,-4.59553708540424,50.7142033116538));
#4541=CARTESIAN_POINT('Ctrl Pts',(22.5641016151378,-4.59553708540424,50.7142033116538));
#4542=CARTESIAN_POINT('Ctrl Pts',(22.8999579628159,-4.59553708540424,50.7142033116538));
#4543=CARTESIAN_POINT('Ctrl Pts',(23.5695985630958,-4.56822145677079,50.5598307567983));
#4544=CARTESIAN_POINT('Ctrl Pts',(24.6439306321923,-4.41769212636219,49.7091237264867));
#4545=CARTESIAN_POINT('Ctrl Pts',(25.0497086907029,-4.10578734730441,47.9464135117264));
#4546=CARTESIAN_POINT('Ctrl Pts',(23.6831311802844,-3.79984358874561,46.217391628885));
#4547=CARTESIAN_POINT('Ctrl Pts',(21.444975596654,-3.79955984024839,46.2157880421238));
#4548=CARTESIAN_POINT('Ctrl Pts',(20.0784363349737,-4.10587077315691,47.9468849876776));
#4549=CARTESIAN_POINT('Ctrl Pts',(20.4842826514102,-4.41765512217158,49.7089145996341));
#4550=CARTESIAN_POINT('Ctrl Pts',(21.5585985105586,-4.56823324756632,50.5598973917367));
#4551=CARTESIAN_POINT('Ctrl Pts',(22.2282452674598,-4.59553708540424,50.7142033116538));
#4552=CARTESIAN_POINT('Ctrl Pts',(22.5641016151378,-4.59553708540424,50.7142033116538));
#4553=CARTESIAN_POINT('',(12.4138172947758,-4.59553708540425,50.7142033116538));
#4554=CARTESIAN_POINT('Ctrl Pts',(12.4138172947758,-4.59553708540425,50.7142033116538));
#4555=CARTESIAN_POINT('Ctrl Pts',(12.7496736424539,-4.59553708540425,50.7142033116538));
#4556=CARTESIAN_POINT('Ctrl Pts',(13.419317920125,-4.56822445534921,50.5598477030754));
#4557=CARTESIAN_POINT('Ctrl Pts',(14.4936765170239,-4.41769278266251,49.7091274355266));
#4558=CARTESIAN_POINT('Ctrl Pts',(14.8994374020594,-4.10579189620034,47.9464392195253));
#4559=CARTESIAN_POINT('Ctrl Pts',(13.5328682061652,-3.79983239271341,46.2173283552141));
#4560=CARTESIAN_POINT('Ctrl Pts',(11.2946595485368,-3.79956708175657,46.2158289670511));
#4561=CARTESIAN_POINT('Ctrl Pts',(9.92815135684644,-4.10587499583196,47.9469088518597));
#4562=CARTESIAN_POINT('Ctrl Pts',(10.3339663141786,-4.41765720092301,49.7089263475668));
#4563=CARTESIAN_POINT('Ctrl Pts',(11.4083117972698,-4.5682361510643,50.5599138006726));
#4564=CARTESIAN_POINT('Ctrl Pts',(12.0779609470978,-4.59553708540425,50.7142033116538));
#4565=CARTESIAN_POINT('Ctrl Pts',(12.4138172947758,-4.59553708540425,50.7142033116538));
#4566=CARTESIAN_POINT('',(-7.8867513459481,-4.59553708540425,50.7142033116538));
#4567=CARTESIAN_POINT('Ctrl Pts',(-7.8867513459481,-4.59553708540425,50.7142033116538));
#4568=CARTESIAN_POINT('Ctrl Pts',(-7.55089499827006,-4.59553708540425,50.7142033116538));
#4569=CARTESIAN_POINT('Ctrl Pts',(-6.88124932494609,-4.56822595883174,50.5598561999122));
#4570=CARTESIAN_POINT('Ctrl Pts',(-5.80687724702081,-4.41769301408568,49.7091287434));
#4571=CARTESIAN_POINT('Ctrl Pts',(-5.40112603217883,-4.10579427547286,47.9464526658341));
#4572=CARTESIAN_POINT('Ctrl Pts',(-6.76768954046561,-3.79982677325752,46.2172965972131));
#4573=CARTESIAN_POINT('Ctrl Pts',(-9.00592506007623,-3.7995707608581,46.2158497592617));
#4574=CARTESIAN_POINT('Ctrl Pts',(-10.3724162361565,-4.10587684283678,47.9469192900911));
#4575=CARTESIAN_POINT('Ctrl Pts',(-9.96661828305558,-4.41765813680574,49.7089316366491));
#4576=CARTESIAN_POINT('Ctrl Pts',(-8.89225758427081,-4.56823756963212,50.5599218176193));
#4577=CARTESIAN_POINT('Ctrl Pts',(-8.22260769362615,-4.59553708540425,50.7142033116538));
#4578=CARTESIAN_POINT('Ctrl Pts',(-7.8867513459481,-4.59553708540425,50.7142033116538));
#4579=CARTESIAN_POINT('',(-28.1873199866721,-4.59553708540425,50.7142033116538));
#4580=CARTESIAN_POINT('Ctrl Pts',(-28.1873199866721,-4.59553708540425,50.7142033116538));
#4581=CARTESIAN_POINT('Ctrl Pts',(-27.851463638994,-4.59553708540425,50.7142033116538));
#4582=CARTESIAN_POINT('Ctrl Pts',(-27.1818252950915,-4.56821998208085,50.559822422681));
#4583=CARTESIAN_POINT('Ctrl Pts',(-26.107506127977,-4.41769171246349,49.7091213873641));
#4584=CARTESIAN_POINT('Ctrl Pts',(-25.701720672274,-4.10578520817579,47.9464014225757));
#4585=CARTESIAN_POINT('Ctrl Pts',(-27.0683007528738,-3.79984908423636,46.2174226863048));
#4586=CARTESIAN_POINT('Ctrl Pts',(-29.3064304331321,-3.79955632339169,46.2157681668295));
#4587=CARTESIAN_POINT('Ctrl Pts',(-30.6729835303568,-4.10586842001534,47.9468716890462));
#4588=CARTESIAN_POINT('Ctrl Pts',(-30.2671230671961,-4.41765398606063,49.7089081789745));
#4589=CARTESIAN_POINT('Ctrl Pts',(-29.1928214600249,-4.56823178073321,50.5598891020217));
#4590=CARTESIAN_POINT('Ctrl Pts',(-28.5231763343501,-4.59553708540425,50.7142033116538));
#4591=CARTESIAN_POINT('Ctrl Pts',(-28.1873199866721,-4.59553708540425,50.7142033116538));
#4592=CARTESIAN_POINT('Ctrl Pts',(-43.9712672944621,-3.,40.5158083150416));
#4593=CARTESIAN_POINT('Ctrl Pts',(-43.3146698077194,-3.,40.5210633389669));
#4594=CARTESIAN_POINT('Ctrl Pts',(-42.6580723134132,-3.,40.5263174007949));
#4595=CARTESIAN_POINT('Ctrl Pts',(-18.9716469957062,-3.,40.7158144517731));
#4596=CARTESIAN_POINT('Ctrl Pts',(4.05819757829849,-2.99999999999998,40.8979615758069));
#4597=CARTESIAN_POINT('Ctrl Pts',(27.5693867439191,-2.99999999999999,41.0822437782637));
#4598=CARTESIAN_POINT('Ctrl Pts',(28.050718533143,-2.99999999999998,41.0860159706085));
#4599=CARTESIAN_POINT('Ctrl Pts',(28.532050325471,-2.99999999999998,41.0897877668453));
#4600=CARTESIAN_POINT('Ctrl Pts',(-43.968515125632,-3.,40.1719341172165));
#4601=CARTESIAN_POINT('Ctrl Pts',(-43.3119170806632,-3.,40.1770590982));
#4602=CARTESIAN_POINT('Ctrl Pts',(-42.6553185782229,-3.,40.1821837063549));
#4603=CARTESIAN_POINT('Ctrl Pts',(-18.9688776251614,-3.,40.3670353658198));
#4604=CARTESIAN_POINT('Ctrl Pts',(4.0609809460821,-2.99999999999998,40.5450178284137));
#4605=CARTESIAN_POINT('Ctrl Pts',(27.5721838763893,-2.99999999999999,40.725332293449));
#4606=CARTESIAN_POINT('Ctrl Pts',(28.0535162722055,-2.99999999999998,40.7290235704595));
#4607=CARTESIAN_POINT('Ctrl Pts',(28.5348484098004,-2.99999999999998,40.7327146746629));
#4608=CARTESIAN_POINT('Ctrl Pts',(-43.9657661633357,-3.09060746666534,39.8284605649432));
#4609=CARTESIAN_POINT('Ctrl Pts',(-43.3091671926485,-3.09067741994698,39.8334562079302));
#4610=CARTESIAN_POINT('Ctrl Pts',(-42.6525682310245,-3.09074705467286,39.838452199075));
#4611=CARTESIAN_POINT('Ctrl Pts',(-18.9661067092116,-3.09324858861928,40.0186853305627));
#4612=CARTESIAN_POINT('Ctrl Pts',(4.06375372888068,-3.09554189168904,40.1925293683168));
#4613=CARTESIAN_POINT('Ctrl Pts',(27.5749773871968,-3.09776256719939,40.3689029425687));
#4614=CARTESIAN_POINT('Ctrl Pts',(28.056310016919,-3.0978079030285,40.3725137674263));
#4615=CARTESIAN_POINT('Ctrl Pts',(28.5376427078025,-3.09785308856714,40.3761247686291));
#4616=CARTESIAN_POINT('Ctrl Pts',(-43.9633720937906,-3.26023060869476,39.5293296630253));
#4617=CARTESIAN_POINT('Ctrl Pts',(-43.3067729023207,-3.26042306748148,39.5342452772266));
#4618=CARTESIAN_POINT('Ctrl Pts',(-42.6501733276866,-3.26061468353868,39.5391616353415));
#4619=CARTESIAN_POINT('Ctrl Pts',(-18.9637076865647,-3.26749626930799,39.7165397998404));
#4620=CARTESIAN_POINT('Ctrl Pts',(4.06615611657273,-3.27378309262063,39.8878891926127));
#4621=CARTESIAN_POINT('Ctrl Pts',(27.5773831252764,-3.27985405282584,40.0619330120802));
#4622=CARTESIAN_POINT('Ctrl Pts',(28.0587161033711,-3.27997795534112,40.0654963660255));
#4623=CARTESIAN_POINT('Ctrl Pts',(28.5400489183455,-3.28010148393872,40.0690600279442));
#4624=CARTESIAN_POINT('',(-42.8305322411556,-3.26056182048467,39.5378113503553));
#4625=CARTESIAN_POINT('Ctrl Pts',(27.6969151819087,-3.27988471862854,40.0628179906248));
#4626=CARTESIAN_POINT('Ctrl Pts',(27.496626931907,-3.27983313366295,40.0613352502882));
#4627=CARTESIAN_POINT('Ctrl Pts',(27.2963387124304,-3.27978148283851,40.0598525573666));
#4628=CARTESIAN_POINT('Ctrl Pts',(4.06615611657273,-3.27378309262063,39.8878891926127));
#4629=CARTESIAN_POINT('Ctrl Pts',(-18.9637076865647,-3.26749626930799,39.7165397998404));
#4630=CARTESIAN_POINT('Ctrl Pts',(-42.2725604133046,-3.26072439073169,39.541989422596));
#4631=CARTESIAN_POINT('Ctrl Pts',(-42.5515462924753,-3.26064318304532,39.5399003289607));
#4632=CARTESIAN_POINT('Ctrl Pts',(-42.830532241218,-3.26056182187394,39.5378113586264));
#4633=CARTESIAN_POINT('',(-43.9712672944621,-3.,40.5158083150416));
#4634=CARTESIAN_POINT('Ctrl Pts',(-42.8305321111617,-3.26056182191187,39.5378113596002));
#4635=CARTESIAN_POINT('Ctrl Pts',(-42.8849126800505,-3.2308380314351,39.589756590914));
#4636=CARTESIAN_POINT('Ctrl Pts',(-42.9410366504456,-3.2040411764162,39.6421559857909));
#4637=CARTESIAN_POINT('Ctrl Pts',(-42.9984432692526,-3.17997876905309,39.6946823243172));
#4638=CARTESIAN_POINT('Ctrl Pts',(-43.0577850339361,-3.1551052310337,39.7489792971278));
#4639=CARTESIAN_POINT('Ctrl Pts',(-43.1184973800735,-3.13315351582132,39.8034120105222));
#4640=CARTESIAN_POINT('Ctrl Pts',(-43.1800718237704,-3.11391389881263,39.8576759432378));
#4641=CARTESIAN_POINT('Ctrl Pts',(-43.2381030727446,-3.09578139224393,39.908817351924));
#4642=CARTESIAN_POINT('Ctrl Pts',(-43.2969000639701,-3.08005781803302,39.9598095950816));
#4643=CARTESIAN_POINT('Ctrl Pts',(-43.3560374746563,-3.06657082467227,40.0104399464391));
#4644=CARTESIAN_POINT('Ctrl Pts',(-43.4295646886596,-3.04980206466755,40.073390093159));
#4645=CARTESIAN_POINT('Ctrl Pts',(-43.5042980824167,-3.03634231900635,40.1363345578796));
#4646=CARTESIAN_POINT('Ctrl Pts',(-43.5798427693273,-3.02602859200393,40.1989948996481));
#4647=CARTESIAN_POINT('Ctrl Pts',(-43.6588113039705,-3.0152474247055,40.2644951429088));
#4648=CARTESIAN_POINT('Ctrl Pts',(-43.7386663387835,-3.00790369142389,40.3296851883821));
#4649=CARTESIAN_POINT('Ctrl Pts',(-43.8189572628247,-3.00383266549433,40.3943007661483));
#4650=CARTESIAN_POINT('Ctrl Pts',(-43.8695915565533,-3.00126533269606,40.4350496326377));
#4651=CARTESIAN_POINT('Ctrl Pts',(-43.9203992124655,-3.,40.4755710919142));
#4652=CARTESIAN_POINT('Ctrl Pts',(-43.9712672944621,-3.,40.5158083150416));
#4653=CARTESIAN_POINT('Ctrl Pts',(-43.9712672944621,-3.,40.5158083150416));
#4654=CARTESIAN_POINT('Ctrl Pts',(-43.3146698077194,-3.,40.5210633389669));
#4655=CARTESIAN_POINT('Ctrl Pts',(-42.6580723134132,-3.,40.5263174007949));
#4656=CARTESIAN_POINT('Ctrl Pts',(-18.9716469957062,-3.,40.7158144517731));
#4657=CARTESIAN_POINT('Ctrl Pts',(4.05819757829849,-2.99999999999998,40.8979615758069));
#4658=CARTESIAN_POINT('Ctrl Pts',(27.5693867439191,-2.99999999999999,41.0822437782637));
#4659=CARTESIAN_POINT('Ctrl Pts',(28.050718533143,-2.99999999999998,41.0860159706085));
#4660=CARTESIAN_POINT('Ctrl Pts',(28.532050325471,-2.99999999999998,41.0897877668453));
#4661=CARTESIAN_POINT('Ctrl Pts',(-42.8252327138921,-3.6518720729125,38.8482723234972));
#4662=CARTESIAN_POINT('Ctrl Pts',(-42.5462480599783,-3.65193626492069,38.8505239547297));
#4663=CARTESIAN_POINT('Ctrl Pts',(-42.2672634044567,-3.65200029591538,38.8527753767789));
#4664=CARTESIAN_POINT('Ctrl Pts',(-41.9882787473301,-3.65206416655337,38.8550265899887));
#4665=CARTESIAN_POINT('Ctrl Pts',(-19.9105028534218,-3.65711864029076,39.0331789642316));
#4666=CARTESIAN_POINT('Ctrl Pts',(3.08613226087129,-3.66183888147295,39.2167718601723));
#4667=CARTESIAN_POINT('Ctrl Pts',(27.1009819099347,-3.66626664515501,39.4065635302399));
#4668=CARTESIAN_POINT('Ctrl Pts',(27.3012693896553,-3.66630357339417,39.4081464215221));
#4669=CARTESIAN_POINT('Ctrl Pts',(27.5015568700452,-3.66634043992368,39.4097292243313));
#4670=CARTESIAN_POINT('Ctrl Pts',(27.7018443511037,-3.66637724491314,39.4113119387742));
#4671=CARTESIAN_POINT('Ctrl Pts',(-42.8269992229894,-3.52143532210322,39.0781186657832));
#4672=CARTESIAN_POINT('Ctrl Pts',(-42.5480144038206,-3.52148666957132,39.0803487951514));
#4673=CARTESIAN_POINT('Ctrl Pts',(-42.2690295833658,-3.52153788824402,39.0825787571931));
#4674=CARTESIAN_POINT('Ctrl Pts',(-41.9900447616271,-3.52158897864668,39.0848085521832));
#4675=CARTESIAN_POINT('Ctrl Pts',(-19.912245868593,-3.52563209462189,39.2612660374303));
#4676=CARTESIAN_POINT('Ctrl Pts',(3.08441089104918,-3.52940783581819,39.4432012774344));
#4677=CARTESIAN_POINT('Ctrl Pts',(27.0992810497468,-3.53294960339506,39.6313723492853));
#4678=CARTESIAN_POINT('Ctrl Pts',(27.2995686317317,-3.53297914245507,39.6329417239178));
#4679=CARTESIAN_POINT('Ctrl Pts',(27.4998562142521,-3.53300863215326,39.6345110277803));
#4680=CARTESIAN_POINT('Ctrl Pts',(27.7001437973072,-3.5330380726253,39.6360802609583));
#4681=CARTESIAN_POINT('Ctrl Pts',(-42.8287657320866,-3.39099857129394,39.3079650080691));
#4682=CARTESIAN_POINT('Ctrl Pts',(-42.5497807476629,-3.39103707422193,39.3101736355732));
#4683=CARTESIAN_POINT('Ctrl Pts',(-42.2707957622749,-3.39107548057263,39.3123821376073));
#4684=CARTESIAN_POINT('Ctrl Pts',(-41.9918107759241,-3.39111379073998,39.3145905143777));
#4685=CARTESIAN_POINT('Ctrl Pts',(-19.9139888809188,-3.39414548797263,39.4893531438937));
#4686=CARTESIAN_POINT('Ctrl Pts',(3.0826895239408,-3.39697673029136,39.6696307262129));
#4687=CARTESIAN_POINT('Ctrl Pts',(27.0975801895589,-3.39963256163511,39.8561811683306));
#4688=CARTESIAN_POINT('Ctrl Pts',(27.2978678738082,-3.39965471151597,39.8577370263134));
#4689=CARTESIAN_POINT('Ctrl Pts',(27.498155558459,-3.39967682438284,39.8592928312293));
#4690=CARTESIAN_POINT('Ctrl Pts',(27.6984432435108,-3.39969890033746,39.8608485831424));
#4691=CARTESIAN_POINT('Ctrl Pts',(-42.8305322411839,-3.26056182048466,39.5378113503551));
#4692=CARTESIAN_POINT('Ctrl Pts',(-42.5515470915052,-3.26058747887256,39.5399984759949));
#4693=CARTESIAN_POINT('Ctrl Pts',(-42.272561941184,-3.26061307290127,39.5421855180215));
#4694=CARTESIAN_POINT('Ctrl Pts',(-41.9935767902212,-3.26063860283329,39.5443724765722));
#4695=CARTESIAN_POINT('Ctrl Pts',(-19.91573189609,-3.26265894230376,39.7174402170924));
#4696=CARTESIAN_POINT('Ctrl Pts',(3.08096815411869,-3.2645456846366,39.896060143475));
#4697=CARTESIAN_POINT('Ctrl Pts',(27.095879329371,-3.26631551987516,40.080989987376));
#4698=CARTESIAN_POINT('Ctrl Pts',(27.2961671158847,-3.26633028057687,40.0825323287091));
#4699=CARTESIAN_POINT('Ctrl Pts',(27.4964549026659,-3.26634501661242,40.0840746346784));
#4700=CARTESIAN_POINT('Ctrl Pts',(27.6967426897144,-3.26635972804961,40.0856169053265));
#4701=CARTESIAN_POINT('',(-42.1000567254272,-3.6520385675643,38.8541246078464));
#4702=CARTESIAN_POINT('Ctrl Pts',(-42.1000567254517,-3.65203856756429,38.8541246078462));
#4703=CARTESIAN_POINT('Ctrl Pts',(-42.0627975133459,-3.65203867829665,38.8544401110481));
#4704=CARTESIAN_POINT('Ctrl Pts',(-42.0255383045086,-3.65203878710792,38.8547556134837));
#4705=CARTESIAN_POINT('Ctrl Pts',(-18.9586261634398,-3.65210227930711,39.0500729294129));
#4706=CARTESIAN_POINT('Ctrl Pts',(4.0710686882649,-3.65174654208853,39.2422161061105));
#4707=CARTESIAN_POINT('Ctrl Pts',(27.1705143228519,-3.65112261242019,39.4326722022458));
#4708=CARTESIAN_POINT('Ctrl Pts',(27.2402399148357,-3.65112071568808,39.4332470654845));
#4709=CARTESIAN_POINT('Ctrl Pts',(27.3099655092517,-3.65111881326418,39.433821922743));
#4710=CARTESIAN_POINT('Ctrl Pts',(-42.1000567254272,-3.65203856756472,38.8541246078457));
#4711=CARTESIAN_POINT('Ctrl Pts',(-42.2767136771544,-3.56028900296422,39.0142323331155));
#4712=CARTESIAN_POINT('Ctrl Pts',(-42.4495671884979,-3.46760815023919,39.1760729707911));
#4713=CARTESIAN_POINT('Ctrl Pts',(-42.6100182889816,-3.38063992944692,39.3280015447496));
#4714=CARTESIAN_POINT('Ctrl Pts',(-42.6847336141324,-3.34014248895137,39.3987482879554));
#4715=CARTESIAN_POINT('Ctrl Pts',(-42.7573405325171,-3.30057151597396,39.4678904364027));
#4716=CARTESIAN_POINT('Ctrl Pts',(-42.8305322411556,-3.2605618204847,39.5378113503553));
#4717=CARTESIAN_POINT('Ctrl Pts',(27.315351100912,-4.20211574113662,38.8314400963021));
#4718=CARTESIAN_POINT('Ctrl Pts',(27.245625506138,-4.2020702981834,38.8308819873604));
#4719=CARTESIAN_POINT('Ctrl Pts',(27.1758999115179,-4.20202484760466,38.8303238679066));
#4720=CARTESIAN_POINT('Ctrl Pts',(4.07645527102568,-4.18696199320473,38.6454164092994));
#4721=CARTESIAN_POINT('Ctrl Pts',(-18.9532375459073,-4.17088985025443,38.4594914350378));
#4722=CARTESIAN_POINT('Ctrl Pts',(-42.0201551257203,-4.15347213309866,38.2713230871095));
#4723=CARTESIAN_POINT('Ctrl Pts',(-42.0574143513147,-4.15344399149291,38.2710191352339));
#4724=CARTESIAN_POINT('Ctrl Pts',(-42.0946735768933,-4.15341584756575,38.2707151805293));
#4725=CARTESIAN_POINT('Ctrl Pts',(27.3138971319979,-3.97977075953639,38.9916488068266));
#4726=CARTESIAN_POINT('Ctrl Pts',(27.2441714983484,-3.97974401116728,38.9910908149286));
#4727=CARTESIAN_POINT('Ctrl Pts',(27.1744458681576,-3.97971724885371,38.9905328547775));
#4728=CARTESIAN_POINT('Ctrl Pts',(4.07498796090194,-3.97084739624233,38.8056683940395));
#4729=CARTESIAN_POINT('Ctrl Pts',(-18.9547177446011,-3.96128707557232,38.619600647417));
#4730=CARTESIAN_POINT('Ctrl Pts',(-42.0216474283609,-3.95077965872907,38.4310189998819));
#4731=CARTESIAN_POINT('Ctrl Pts',(-42.0589066676979,-3.95076268366861,38.4307143522942));
#4732=CARTESIAN_POINT('Ctrl Pts',(-42.0961659118135,-3.95074569984475,38.4304097429866));
#4733=CARTESIAN_POINT('Ctrl Pts',(27.3120512303573,-3.79091757546795,39.1981140704127));
#4734=CARTESIAN_POINT('Ctrl Pts',(27.2423256041862,-3.7909076237392,39.1975497364097));
#4735=CARTESIAN_POINT('Ctrl Pts',(27.1725999774302,-3.79089766929663,39.1969853649216));
#4736=CARTESIAN_POINT('Ctrl Pts',(4.07314418346794,-3.78759402792994,39.0100118816134));
#4737=CARTESIAN_POINT('Ctrl Pts',(-18.9565618511444,-3.7838439925233,38.8216044561779));
#4738=CARTESIAN_POINT('Ctrl Pts',(-42.0234867395878,-3.77945099520715,38.630364948514));
#4739=CARTESIAN_POINT('Ctrl Pts',(-42.0607459743929,-3.77944388995885,38.6300560528643));
#4740=CARTESIAN_POINT('Ctrl Pts',(-42.098005208022,-3.77943678645492,38.6297471263135));
#4741=CARTESIAN_POINT('Ctrl Pts',(27.3099655092517,-3.65111881326418,39.433821922743));
#4742=CARTESIAN_POINT('Ctrl Pts',(27.2402399148357,-3.65112071568808,39.4332470654845));
#4743=CARTESIAN_POINT('Ctrl Pts',(27.1705143228519,-3.65112261242019,39.4326722022458));
#4744=CARTESIAN_POINT('Ctrl Pts',(4.0710686882649,-3.65174654208853,39.2422161061105));
#4745=CARTESIAN_POINT('Ctrl Pts',(-18.9586261634398,-3.65210227930711,39.0500729294129));
#4746=CARTESIAN_POINT('Ctrl Pts',(-42.0255383045086,-3.65203878710792,38.8547556134837));
#4747=CARTESIAN_POINT('Ctrl Pts',(-42.0627975133459,-3.65203867829665,38.8544401110481));
#4748=CARTESIAN_POINT('Ctrl Pts',(-42.1000567254517,-3.65203856756429,38.8541246078462));
#4749=CARTESIAN_POINT('',(-41.7033888984157,-3.93951102625442,38.4693688970599));
#4750=CARTESIAN_POINT('Ctrl Pts',(-41.7033888984157,-3.93951102625442,38.4693688970599));
#4751=CARTESIAN_POINT('Ctrl Pts',(-41.8179715653739,-3.82159813396694,38.5927954310694));
#4752=CARTESIAN_POINT('Ctrl Pts',(-41.9569990246091,-3.7263268551173,38.7244878912703));
#4753=CARTESIAN_POINT('Ctrl Pts',(-42.1000567254156,-3.65203856757031,38.8541246078359));
#4754=CARTESIAN_POINT('',(-41.5466350360066,-4.15382955228925,38.2751856283207));
#4755=CARTESIAN_POINT('Ctrl Pts',(27.1000472639363,-4.20197538503191,38.829716679233));
#4756=CARTESIAN_POINT('Ctrl Pts',(4.21779124359768,-4.18705397068648,38.6465475040024));
#4757=CARTESIAN_POINT('Ctrl Pts',(-18.6644388814658,-4.17109124191619,38.4618227525272));
#4758=CARTESIAN_POINT('Ctrl Pts',(-41.5466350348085,-4.15382952828742,38.2751855946567));
#4759=CARTESIAN_POINT('Ctrl Pts',(-41.5466350348085,-4.15382952828742,38.2751855946567));
#4760=CARTESIAN_POINT('Ctrl Pts',(-41.568173248028,-4.11180677143063,38.3080870265328));
#4761=CARTESIAN_POINT('Ctrl Pts',(-41.5933733441903,-4.07224530611702,38.3417820440734));
#4762=CARTESIAN_POINT('Ctrl Pts',(-41.621300049313,-4.03506030157358,38.3758750678804));
#4763=CARTESIAN_POINT('Ctrl Pts',(-41.646649663381,-4.00130674883075,38.4068219694974));
#4764=CARTESIAN_POINT('Ctrl Pts',(-41.6742458853427,-3.96951072383721,38.4380974374851));
#4765=CARTESIAN_POINT('Ctrl Pts',(-41.7033894872363,-3.93958814230744,38.4694364893284));
#4766=CARTESIAN_POINT('Ctrl Pts',(-44.1466414404025,-5.89044956502408,39.2571537901014));
#4767=CARTESIAN_POINT('Ctrl Pts',(-43.9863904455216,-6.30827223352616,38.8601217917824));
#4768=CARTESIAN_POINT('Ctrl Pts',(-43.7847193097377,-6.68408105588325,38.4346799389403));
#4769=CARTESIAN_POINT('Ctrl Pts',(-43.5337567276832,-7.0152422910924,37.9999999964365));
#4770=CARTESIAN_POINT('Ctrl Pts',(-43.3198686413649,-5.2302710166628,38.9905750759216));
#4771=CARTESIAN_POINT('Ctrl Pts',(-43.1633645580289,-5.61461201435234,38.6505131060048));
#4772=CARTESIAN_POINT('Ctrl Pts',(-42.9730500861852,-5.96599703759346,38.2811544683667));
#4773=CARTESIAN_POINT('Ctrl Pts',(-42.744456413317,-6.28041157287671,37.8958714201927));
#4774=CARTESIAN_POINT('Ctrl Pts',(-42.4930958423273,-4.57009246830152,38.7239963617418));
#4775=CARTESIAN_POINT('Ctrl Pts',(-42.3403386705362,-4.92095179517853,38.4409044202272));
#4776=CARTESIAN_POINT('Ctrl Pts',(-42.1613808626327,-5.24791301930368,38.1276289977931));
#4777=CARTESIAN_POINT('Ctrl Pts',(-41.9551560989507,-5.54558085466102,37.7917428439489));
#4778=CARTESIAN_POINT('Ctrl Pts',(-41.6663230432898,-3.90991391994024,38.457417647562));
#4779=CARTESIAN_POINT('Ctrl Pts',(-41.5173127830435,-4.22729157600472,38.2312957344497));
#4780=CARTESIAN_POINT('Ctrl Pts',(-41.3497116390802,-4.5298290010139,37.9741035272196));
#4781=CARTESIAN_POINT('Ctrl Pts',(-41.1658557845845,-4.81075013644533,37.6876142677052));
#4782=CARTESIAN_POINT('',(-41.1658557845845,-4.81075013644533,37.6876142677052));
#4783=CARTESIAN_POINT('Ctrl Pts',(-41.5466254769527,-4.15383336986168,38.2751692461345));
#4784=CARTESIAN_POINT('Ctrl Pts',(-41.4292489774686,-4.38282557543296,38.0958644338041));
#4785=CARTESIAN_POINT('Ctrl Pts',(-41.3020094899435,-4.60271513202542,37.8997727237708));
#4786=CARTESIAN_POINT('Ctrl Pts',(-41.1658557845845,-4.81075013644533,37.6876142677052));
#4787=CARTESIAN_POINT('',(-43.533756728162,-7.01524229254374,37.9999999972657));
#4788=CARTESIAN_POINT('',(-43.533756728162,-7.01524229254374,37.9999999972657));
#4789=CARTESIAN_POINT('',(-44.1466414404025,-5.89044956502408,39.2571537901014));
#4790=CARTESIAN_POINT('Ctrl Pts',(-43.5337567276832,-7.0152422910924,37.9999999964365));
#4791=CARTESIAN_POINT('Ctrl Pts',(-43.7847193097377,-6.68408105588325,38.4346799389403));
#4792=CARTESIAN_POINT('Ctrl Pts',(-43.9863904455216,-6.30827223352616,38.8601217917824));
#4793=CARTESIAN_POINT('Ctrl Pts',(-44.1466414404025,-5.89044956502408,39.2571537901014));
#4794=CARTESIAN_POINT('',(-41.6663230432898,-3.90991391994024,38.457417647562));
#4795=CARTESIAN_POINT('Origin',(-7.70587074024387,5.65070384443722E-15,
33.));
#4796=CARTESIAN_POINT('',(-41.5466350360066,4.15382955228928,38.2751856283207));
#4797=CARTESIAN_POINT('Ctrl Pts',(-41.5466350348088,4.1538295282566,38.2751855946822));
#4798=CARTESIAN_POINT('Ctrl Pts',(-18.664438881481,4.17109124032485,38.461822753845));
#4799=CARTESIAN_POINT('Ctrl Pts',(4.21779124359661,4.18705397043679,38.6465475040826));
#4800=CARTESIAN_POINT('Ctrl Pts',(27.1000472639363,4.20197538503177,38.829716679233));
#4801=CARTESIAN_POINT('',(-41.1658557845845,4.81075013644533,37.6876142677052));
#4802=CARTESIAN_POINT('Ctrl Pts',(-41.1658557845845,4.81075013644533,37.6876142677052));
#4803=CARTESIAN_POINT('Ctrl Pts',(-41.3020094899435,4.60271513202543,37.8997727237708));
#4804=CARTESIAN_POINT('Ctrl Pts',(-41.4292489774686,4.38282557543297,38.0958644338041));
#4805=CARTESIAN_POINT('Ctrl Pts',(-41.5466254769527,4.1538333698617,38.2751692461345));
#4806=CARTESIAN_POINT('Ctrl Pts',(-41.1658557845845,-4.81075013644533,37.6876142677052));
#4807=CARTESIAN_POINT('Ctrl Pts',(-40.5639998116511,-5.73035133025188,36.7497857036223));
#4808=CARTESIAN_POINT('Ctrl Pts',(-38.9999506015713,-7.09774294430545,34.221957591952));
#4809=CARTESIAN_POINT('Ctrl Pts',(-36.7191465480431,-6.51687084216122,30.1092292779877));
#4810=CARTESIAN_POINT('Ctrl Pts',(-35.4662895984638,-4.39591542447294,27.6753905849364));
#4811=CARTESIAN_POINT('Ctrl Pts',(-34.678553451453,-1.50528523574176,26.0924557878591));
#4812=CARTESIAN_POINT('Ctrl Pts',(-34.6861058036066,2.71752221743248,26.1157414128085));
#4813=CARTESIAN_POINT('Ctrl Pts',(-36.4382151520187,6.46484015374289,29.6121983265597));
#4814=CARTESIAN_POINT('Ctrl Pts',(-38.99810251702,7.08688306787421,34.2132464472735));
#4815=CARTESIAN_POINT('Ctrl Pts',(-40.5639998116511,5.73035133025188,36.7497857036223));
#4816=CARTESIAN_POINT('Ctrl Pts',(-41.1658557845845,4.81075013644532,37.6876142677052));
#4817=CARTESIAN_POINT('Origin',(29.1,5.00000000000001,41.5215435916907));
#4818=CARTESIAN_POINT('',(-44.8094551302745,3.03059337669232,41.8700225036378));
#4819=CARTESIAN_POINT('',(-44.7636071730799,2.99999999999999,41.5215435916907));
#4820=CARTESIAN_POINT('Ctrl Pts',(-44.8094551302745,3.03059337669232,41.8700225036378));
#4821=CARTESIAN_POINT('Ctrl Pts',(-44.7960977533111,3.00981067519559,41.752570375045));
#4822=CARTESIAN_POINT('Ctrl Pts',(-44.7805889285366,3.,41.6351427041139));
#4823=CARTESIAN_POINT('Ctrl Pts',(-44.7636071730799,3.,41.5215435916907));
#4824=CARTESIAN_POINT('',(29.1,3.00000000000001,41.5215435916907));
#4825=CARTESIAN_POINT('',(29.1,3.03059337669233,41.8700225036378));
#4826=CARTESIAN_POINT('Origin',(29.1,3.00000000000001,41.6971259620636));
#4827=CARTESIAN_POINT('',(-44.6886892178393,2.99999999790526,41.0863350708794));
#4828=CARTESIAN_POINT('Origin',(-34.8735026918963,2.99999999999999,43.));
#4829=CARTESIAN_POINT('',(-43.9712672944633,3.,40.5158083150425));
#4830=CARTESIAN_POINT('Ctrl Pts',(-43.9712672944633,3.,40.5158083150425));
#4831=CARTESIAN_POINT('Ctrl Pts',(-44.2168140242138,3.,40.7100385310323));
#4832=CARTESIAN_POINT('Ctrl Pts',(-44.4613648215067,3.,40.9047844912489));
#4833=CARTESIAN_POINT('Ctrl Pts',(-44.6886892175279,3.,41.0863350692821));
#4834=CARTESIAN_POINT('Ctrl Pts',(28.5320503254703,3.00000000000001,41.0897877668447));
#4835=CARTESIAN_POINT('Ctrl Pts',(28.0507185331429,3.00000000000001,41.0860159706081));
#4836=CARTESIAN_POINT('Ctrl Pts',(27.5693867439196,3.00000000000001,41.0822437782509));
#4837=CARTESIAN_POINT('Ctrl Pts',(4.0581975782973,3.,40.8979615761062));
#4838=CARTESIAN_POINT('Ctrl Pts',(-18.9716469957247,3.00000000000001,40.715814454201));
#4839=CARTESIAN_POINT('Ctrl Pts',(-42.6580723134124,3.,40.5263174007236));
#4840=CARTESIAN_POINT('Ctrl Pts',(-43.3146698077197,3.,40.5210633389676));
#4841=CARTESIAN_POINT('Ctrl Pts',(-43.9712672944633,3.,40.5158083150425));
#4842=CARTESIAN_POINT('Origin',(-34.8735026918963,-2.7589924215714E-15,
43.));
#4843=CARTESIAN_POINT('',(-34.8735026918963,5.,53.));
#4844=CARTESIAN_POINT('Origin',(-34.8735026918963,3.23053853976671,43.));
#4845=CARTESIAN_POINT('',(-34.8735026918963,13.639,53.));
#4846=CARTESIAN_POINT('',(-34.8735026918963,-2.7589924215714E-15,53.));
#4847=CARTESIAN_POINT('',(-43.5337567297406,13.639,38.));
#4848=CARTESIAN_POINT('Origin',(-34.8735026918963,13.639,43.));
#4849=CARTESIAN_POINT('',(-43.533756728162,7.01524229254373,37.9999999972657));
#4850=CARTESIAN_POINT('',(-43.5337567297406,-5.57879253357897E-15,38.));
#4851=CARTESIAN_POINT('',(-44.1466414404025,5.89044956502408,39.2571537901014));
#4852=CARTESIAN_POINT('Ctrl Pts',(-44.1466414404025,5.89044956502407,39.2571537901014));
#4853=CARTESIAN_POINT('Ctrl Pts',(-43.9863904455216,6.30827223352615,38.8601217917824));
#4854=CARTESIAN_POINT('Ctrl Pts',(-43.7847193097377,6.68408105588324,38.4346799389403));
#4855=CARTESIAN_POINT('Ctrl Pts',(-43.5337567276832,7.0152422910924,37.9999999964365));
#4856=CARTESIAN_POINT('Ctrl Pts',(-44.688689217704,2.99999999763064,41.0863350701854));
#4857=CARTESIAN_POINT('Ctrl Pts',(-44.6080867483655,4.08433827536516,40.6729250428226));
#4858=CARTESIAN_POINT('Ctrl Pts',(-44.4548318222422,5.08690430252725,40.0207149976649));
#4859=CARTESIAN_POINT('Ctrl Pts',(-44.1466414404025,5.89044956502408,39.2571537901014));
#4860=CARTESIAN_POINT('Origin',(29.1,5.00000000000001,53.));
#4861=CARTESIAN_POINT('',(19.1,5.00000000000001,53.));
#4862=CARTESIAN_POINT('Origin',(19.1,3.23053853976672,43.));
#4863=CARTESIAN_POINT('',(-11.5470053837925,5.,53.));
#4864=CARTESIAN_POINT('',(-39.567104307034,4.20374234289501,48.5));
#4865=CARTESIAN_POINT('Origin',(-38.337604307034,4.20374234289501,48.5));
#4866=CARTESIAN_POINT('',(-29.416819986672,4.20374234289502,48.5));
#4867=CARTESIAN_POINT('Origin',(-28.1873199866721,4.20374234289502,48.5));
#4868=CARTESIAN_POINT('',(-19.2665356663101,4.20374234289502,48.5));
#4869=CARTESIAN_POINT('Origin',(-18.0370356663101,4.20374234289502,48.5));
#4870=CARTESIAN_POINT('',(-9.11625134594811,4.20374234289502,48.5));
#4871=CARTESIAN_POINT('Origin',(-7.88675134594811,4.20374234289502,48.5));
#4872=CARTESIAN_POINT('',(1.03403297441386,4.20374234289502,48.5));
#4873=CARTESIAN_POINT('Origin',(2.26353297441386,4.20374234289502,48.5));
#4874=CARTESIAN_POINT('',(11.1843172947758,4.20374234289502,48.5));
#4875=CARTESIAN_POINT('Origin',(12.4138172947758,4.20374234289502,48.5));
#4876=CARTESIAN_POINT('',(21.3346016151378,4.20374234289503,48.5));
#4877=CARTESIAN_POINT('Origin',(22.5641016151378,4.20374234289503,48.5));
#4878=CARTESIAN_POINT('Ctrl Pts',(28.5320503254703,3.00000000000001,41.0897877668447));
#4879=CARTESIAN_POINT('Ctrl Pts',(28.0507185331429,3.00000000000001,41.0860159706081));
#4880=CARTESIAN_POINT('Ctrl Pts',(27.5693867439196,3.00000000000001,41.0822437782509));
#4881=CARTESIAN_POINT('Ctrl Pts',(4.0581975782973,3.,40.8979615761062));
#4882=CARTESIAN_POINT('Ctrl Pts',(-18.9716469957247,3.00000000000001,40.715814454201));
#4883=CARTESIAN_POINT('Ctrl Pts',(-42.6580723134124,3.,40.5263174007236));
#4884=CARTESIAN_POINT('Ctrl Pts',(-43.3146698077197,3.,40.5210633389676));
#4885=CARTESIAN_POINT('Ctrl Pts',(-43.9712672944633,3.,40.5158083150425));
#4886=CARTESIAN_POINT('Ctrl Pts',(28.5348484097996,3.00000000000001,40.7327146746619));
#4887=CARTESIAN_POINT('Ctrl Pts',(28.0535162722948,3.00000000000001,40.7290235704595));
#4888=CARTESIAN_POINT('Ctrl Pts',(27.572183876306,3.00000000000001,40.7253322934355));
#4889=CARTESIAN_POINT('Ctrl Pts',(4.06098094621834,3.,40.5450178287198));
#4890=CARTESIAN_POINT('Ctrl Pts',(-18.9688776253387,3.00000000000001,40.3670353682412));
#4891=CARTESIAN_POINT('Ctrl Pts',(-42.6553185780977,3.,40.1821837062846));
#4892=CARTESIAN_POINT('Ctrl Pts',(-43.3119170807969,3.,40.1770590982));
#4893=CARTESIAN_POINT('Ctrl Pts',(-43.9685151256335,3.,40.1719341172179));
#4894=CARTESIAN_POINT('Ctrl Pts',(28.5376427078016,3.09785308856736,40.3761247686277));
#4895=CARTESIAN_POINT('Ctrl Pts',(28.0563100168414,3.0978079030286,40.3725137674248));
#4896=CARTESIAN_POINT('Ctrl Pts',(27.5749773504186,3.09776256718236,40.368902942302));
#4897=CARTESIAN_POINT('Ctrl Pts',(4.06375510457898,3.09554189213919,40.1925293782512));
#4898=CARTESIAN_POINT('Ctrl Pts',(-18.9661031412066,3.09324859157136,40.0186853566642));
#4899=CARTESIAN_POINT('Ctrl Pts',(-42.6525683409849,3.09074705458546,39.8384521982714));
#4900=CARTESIAN_POINT('Ctrl Pts',(-43.3091671925334,3.09067741994691,39.8334562079323));
#4901=CARTESIAN_POINT('Ctrl Pts',(-43.9657661633373,3.09060746666508,39.8284605649451));
#4902=CARTESIAN_POINT('Ctrl Pts',(28.5400489183444,3.28010148393929,40.0690600279426));
#4903=CARTESIAN_POINT('Ctrl Pts',(28.0587161033705,3.2799779553415,40.0654963660244));
#4904=CARTESIAN_POINT('Ctrl Pts',(27.5773830884261,3.27985405280888,40.0619330118129));
#4905=CARTESIAN_POINT('Ctrl Pts',(4.06615749238977,3.27378309306533,39.8878892025514));
#4906=CARTESIAN_POINT('Ctrl Pts',(-18.9637041186975,3.2674962722651,39.7165398259377));
#4907=CARTESIAN_POINT('Ctrl Pts',(-42.6501734375389,3.26061468345122,39.5391616345388));
#4908=CARTESIAN_POINT('Ctrl Pts',(-43.3067729023216,3.26042306748101,39.5342452772281));
#4909=CARTESIAN_POINT('Ctrl Pts',(-43.9633720937924,3.26023060869405,39.5293296630275));
#4910=CARTESIAN_POINT('',(-42.8305322411567,3.26056182048437,39.5378113503563));
#4911=CARTESIAN_POINT('Ctrl Pts',(-43.9712672944633,3.,40.5158083150425));
#4912=CARTESIAN_POINT('Ctrl Pts',(-43.8900559263084,3.,40.4515692123936));
#4913=CARTESIAN_POINT('Ctrl Pts',(-43.8089986706177,3.0032239402802,40.3866034145839));
#4914=CARTESIAN_POINT('Ctrl Pts',(-43.7285551189724,3.00982541257485,40.3211505928421));
#4915=CARTESIAN_POINT('Ctrl Pts',(-43.6516914585537,3.01613310678206,40.2586105463012));
#4916=CARTESIAN_POINT('Ctrl Pts',(-43.5753880945105,3.02552461370172,40.195625615497));
#4917=CARTESIAN_POINT('Ctrl Pts',(-43.5000463037529,3.03815363971937,40.1324475229875));
#4918=CARTESIAN_POINT('Ctrl Pts',(-43.4516784362378,3.04626121257005,40.091888497543));
#4919=CARTESIAN_POINT('Ctrl Pts',(-43.4037068760914,3.05570347560219,40.0512507240573));
#4920=CARTESIAN_POINT('Ctrl Pts',(-43.356237880969,3.06652513089324,40.01061151214));
#4921=CARTESIAN_POINT('Ctrl Pts',(-43.2930501849654,3.08093022758895,39.9565151875426));
#4922=CARTESIAN_POINT('Ctrl Pts',(-43.2302508355432,3.09788837848186,39.9020050876991));
#4923=CARTESIAN_POINT('Ctrl Pts',(-43.1683585607645,3.11760992398766,39.8473422546688));
#4924=CARTESIAN_POINT('Ctrl Pts',(-43.1085409668902,3.13667038676523,39.7945117655987));
#4925=CARTESIAN_POINT('Ctrl Pts',(-43.0495706544277,3.15831216732109,39.7415385233216));
#4926=CARTESIAN_POINT('Ctrl Pts',(-42.9919162938689,3.1827287316353,39.6887057454307));
#4927=CARTESIAN_POINT('Ctrl Pts',(-42.9367813864977,3.20607831003212,39.6381817211081));
#4928=CARTESIAN_POINT('Ctrl Pts',(-42.8828499318665,3.23196553099313,39.5877861747483));
#4929=CARTESIAN_POINT('Ctrl Pts',(-42.8305321589795,3.26056182187421,39.5378113592516));
#4930=CARTESIAN_POINT('Ctrl Pts',(-42.8305322412191,3.26056182185023,39.5378113586358));
#4931=CARTESIAN_POINT('Ctrl Pts',(-42.5515463168991,3.26064318301076,39.5399003287885));
#4932=CARTESIAN_POINT('Ctrl Pts',(-42.2725604485872,3.2607243906974,39.5419894223415));
#4933=CARTESIAN_POINT('Ctrl Pts',(-18.9637041186975,3.2674962722651,39.7165398259377));
#4934=CARTESIAN_POINT('Ctrl Pts',(4.06615749238977,3.27378309306533,39.8878892025514));
#4935=CARTESIAN_POINT('Ctrl Pts',(27.2963386982206,3.27978148282855,40.059852557264));
#4936=CARTESIAN_POINT('Ctrl Pts',(27.4966269228047,3.27983313365519,40.0613352502235));
#4937=CARTESIAN_POINT('Ctrl Pts',(27.6969151819082,3.27988471862443,40.0628179906268));
#4938=CARTESIAN_POINT('Ctrl Pts',(27.7018443511026,3.66637724491291,39.4113119387747));
#4939=CARTESIAN_POINT('Ctrl Pts',(27.5015568700444,3.6663404399234,39.4097292243318));
#4940=CARTESIAN_POINT('Ctrl Pts',(27.3012693896548,3.66630357339383,39.4081464215227));
#4941=CARTESIAN_POINT('Ctrl Pts',(27.1009819099346,3.66626664515462,39.4065635302406));
#4942=CARTESIAN_POINT('Ctrl Pts',(3.0861326270428,3.66183888153375,39.2167718630759));
#4943=CARTESIAN_POINT('Ctrl Pts',(-19.9105025441556,3.65711864036746,39.0331789667187));
#4944=CARTESIAN_POINT('Ctrl Pts',(-41.9882787473302,3.65206416655296,38.8550265899894));
#4945=CARTESIAN_POINT('Ctrl Pts',(-42.2672634044574,3.6520002959149,38.8527753767797));
#4946=CARTESIAN_POINT('Ctrl Pts',(-42.5462480599795,3.65193626492012,38.8505239547306));
#4947=CARTESIAN_POINT('Ctrl Pts',(-42.8252327138939,3.65187207291186,38.8482723234982));
#4948=CARTESIAN_POINT('Ctrl Pts',(27.7001437973063,3.5330380726251,39.6360802609586));
#4949=CARTESIAN_POINT('Ctrl Pts',(27.4998562142515,3.53300863215303,39.6345110277807));
#4950=CARTESIAN_POINT('Ctrl Pts',(27.2995686317315,3.53297914245479,39.6329417239183));
#4951=CARTESIAN_POINT('Ctrl Pts',(27.0992810497469,3.53294960339474,39.6313723492859));
#4952=CARTESIAN_POINT('Ctrl Pts',(3.08441125722081,3.52940783586681,39.4432012803154));
#4953=CARTESIAN_POINT('Ctrl Pts',(-19.9122455593266,3.52563209468323,39.2612660398913));
#4954=CARTESIAN_POINT('Ctrl Pts',(-41.9900447616271,3.52158897864634,39.0848085521838));
#4955=CARTESIAN_POINT('Ctrl Pts',(-42.2690295833663,3.52153788824362,39.0825787571938));
#4956=CARTESIAN_POINT('Ctrl Pts',(-42.5480144038216,3.52148666957086,39.0803487951523));
#4957=CARTESIAN_POINT('Ctrl Pts',(-42.8269992229909,3.52143532210269,39.0781186657842));
#4958=CARTESIAN_POINT('Ctrl Pts',(27.6984432435101,3.3996989003373,39.8608485831425));
#4959=CARTESIAN_POINT('Ctrl Pts',(27.4981555584586,3.39967682438266,39.8592928312296));
#4960=CARTESIAN_POINT('Ctrl Pts',(27.2978678738082,3.39965471151575,39.8577370263138));
#4961=CARTESIAN_POINT('Ctrl Pts',(27.0975801895592,3.39963256163486,39.8561811683311));
#4962=CARTESIAN_POINT('Ctrl Pts',(3.08268989011255,3.3969767303278,39.6696307290716));
#4963=CARTESIAN_POINT('Ctrl Pts',(-19.9139885716523,3.39414548801861,39.4893531463289));
#4964=CARTESIAN_POINT('Ctrl Pts',(-41.9918107759239,3.39111379073971,39.3145905143782));
#4965=CARTESIAN_POINT('Ctrl Pts',(-42.2707957622752,3.39107548057231,39.3123821376079));
#4966=CARTESIAN_POINT('Ctrl Pts',(-42.5497807476637,3.39103707422156,39.310173635574));
#4967=CARTESIAN_POINT('Ctrl Pts',(-42.8287657320879,3.39099857129353,39.3079650080701));
#4968=CARTESIAN_POINT('Ctrl Pts',(27.6967426897139,3.2663597280495,40.0856169053264));
#4969=CARTESIAN_POINT('Ctrl Pts',(27.4964549026657,3.26634501661229,40.0840746346784));
#4970=CARTESIAN_POINT('Ctrl Pts',(27.2961671158848,3.26633028057671,40.0825323287093));
#4971=CARTESIAN_POINT('Ctrl Pts',(27.0958793293715,3.26631551987498,40.0809899873764));
#4972=CARTESIAN_POINT('Ctrl Pts',(3.08096852029055,3.26454568466087,39.8960601463111));
#4973=CARTESIAN_POINT('Ctrl Pts',(-19.9157315868234,3.26265894233439,39.7174402195016));
#4974=CARTESIAN_POINT('Ctrl Pts',(-41.9935767902207,3.26063860283309,39.5443724765725));
#4975=CARTESIAN_POINT('Ctrl Pts',(-42.272561941184,3.26061307290104,39.542185518022));
#4976=CARTESIAN_POINT('Ctrl Pts',(-42.5515470915058,3.2605874788723,39.5399984759957));
#4977=CARTESIAN_POINT('Ctrl Pts',(-42.830532241185,3.26056182048436,39.537811350356));
#4978=CARTESIAN_POINT('',(-42.1000567254273,3.65203856756426,38.8541246078465));
#4979=CARTESIAN_POINT('Ctrl Pts',(-42.8305322411567,3.26056182048437,39.5378113503563));
#4980=CARTESIAN_POINT('Ctrl Pts',(-42.5726746250151,3.40150382521146,39.2915014118727));
#4981=CARTESIAN_POINT('Ctrl Pts',(-42.3321404447983,3.53152004963673,39.0644353508396));
#4982=CARTESIAN_POINT('Ctrl Pts',(-42.1000567254273,3.65203856756426,38.8541246078465));
#4983=CARTESIAN_POINT('Ctrl Pts',(27.3099655092516,3.6511188132643,39.4338219227428));
#4984=CARTESIAN_POINT('Ctrl Pts',(27.2402399148356,3.65112071568817,39.4332470654844));
#4985=CARTESIAN_POINT('Ctrl Pts',(27.1705143230782,3.65112261242085,39.4326722022476));
#4986=CARTESIAN_POINT('Ctrl Pts',(4.07106856401203,3.65174654180741,39.242216105122));
#4987=CARTESIAN_POINT('Ctrl Pts',(-18.9586253498186,3.65210227942526,39.0500729341319));
#4988=CARTESIAN_POINT('Ctrl Pts',(-42.0255383054545,3.65203878710779,38.8547556134782));
#4989=CARTESIAN_POINT('Ctrl Pts',(-42.062797513346,3.65203867829663,38.8544401110481));
#4990=CARTESIAN_POINT('Ctrl Pts',(-42.1000567254517,3.65203856756425,38.8541246078463));
#4991=CARTESIAN_POINT('Ctrl Pts',(-44.1466414404025,5.89044956502408,39.2571537901014));
#4992=CARTESIAN_POINT('Ctrl Pts',(-44.4548318222422,5.08690430252725,40.0207149976649));
#4993=CARTESIAN_POINT('Ctrl Pts',(-44.6080867483655,4.08433827536516,40.6729250428226));
#4994=CARTESIAN_POINT('Ctrl Pts',(-44.688689217704,2.99999999763064,41.0863350701854));
#4995=CARTESIAN_POINT('Ctrl Pts',(-43.3322239264069,5.24013671876753,38.9945588257542));
#4996=CARTESIAN_POINT('Ctrl Pts',(-43.6194852301298,4.52947853798961,39.6292059872384));
#4997=CARTESIAN_POINT('Ctrl Pts',(-43.7775377422875,3.64592024889808,40.1788048616594));
#4998=CARTESIAN_POINT('Ctrl Pts',(-43.8651511238545,2.68124365777651,40.5312282630807));
#4999=CARTESIAN_POINT('Ctrl Pts',(-42.5178064124113,4.58982387251097,38.7319638614071));
#5000=CARTESIAN_POINT('Ctrl Pts',(-42.7841386380174,3.97205277345196,39.2376969768119));
#5001=CARTESIAN_POINT('Ctrl Pts',(-42.9469887362095,3.20750222243099,39.6846846804962));
#5002=CARTESIAN_POINT('Ctrl Pts',(-43.0416130300051,2.36248731792238,39.976121455976));
#5003=CARTESIAN_POINT('Ctrl Pts',(-41.7033888984157,3.93951102625442,38.4693688970599));
#5004=CARTESIAN_POINT('Ctrl Pts',(-41.9487920459051,3.41462700891432,38.8461879663854));
#5005=CARTESIAN_POINT('Ctrl Pts',(-42.1164397301316,2.76908419596391,39.1905644993329));
#5006=CARTESIAN_POINT('Ctrl Pts',(-42.2180749361556,2.04373097806825,39.4210146488712));
#5007=CARTESIAN_POINT('',(-41.7033888984157,3.93951102625442,38.4693688970599));
#5008=CARTESIAN_POINT('',(-44.1466414404025,5.89044956502408,39.2571537901014));
#5009=CARTESIAN_POINT('Ctrl Pts',(-42.1000567254157,3.65203856757027,38.854124607836));
#5010=CARTESIAN_POINT('Ctrl Pts',(-41.9569990246091,3.72632685511729,38.7244878912703));
#5011=CARTESIAN_POINT('Ctrl Pts',(-41.8179715653739,3.82159813396694,38.5927954310694));
#5012=CARTESIAN_POINT('Ctrl Pts',(-41.7033888984157,3.93951102625442,38.4693688970599));
#5013=CARTESIAN_POINT('Ctrl Pts',(-42.0946735768935,4.15341584756575,38.2707151805293));
#5014=CARTESIAN_POINT('Ctrl Pts',(-42.0574143513149,4.15344399149291,38.2710191352339));
#5015=CARTESIAN_POINT('Ctrl Pts',(-42.0201551257205,4.15347213310054,38.2713230871079));
#5016=CARTESIAN_POINT('Ctrl Pts',(-18.9532375459229,4.17088984864586,38.4594914363715));
#5017=CARTESIAN_POINT('Ctrl Pts',(4.07645527102444,4.1869619929537,38.64541640938));
#5018=CARTESIAN_POINT('Ctrl Pts',(27.1758999115178,4.20202484760536,38.8303238679063));
#5019=CARTESIAN_POINT('Ctrl Pts',(27.2456255061378,4.20207029818343,38.8308819873604));
#5020=CARTESIAN_POINT('Ctrl Pts',(27.3153511009118,4.20211574113665,38.8314400963021));
#5021=CARTESIAN_POINT('Ctrl Pts',(-42.0961659118136,3.95074569984472,38.4304097429866));
#5022=CARTESIAN_POINT('Ctrl Pts',(-42.0589066675871,3.95076268366871,38.4307143522951));
#5023=CARTESIAN_POINT('Ctrl Pts',(-42.0216474284629,3.95077965873084,38.4310189998795));
#5024=CARTESIAN_POINT('Ctrl Pts',(-18.9547177444698,3.96128707396834,38.6196006487486));
#5025=CARTESIAN_POINT('Ctrl Pts',(4.07498796077289,3.9708473959864,38.8056683941226));
#5026=CARTESIAN_POINT('Ctrl Pts',(27.174445868228,3.97971724885449,38.9905328547778));
#5027=CARTESIAN_POINT('Ctrl Pts',(27.2441714982717,3.97974401116728,38.991090814928));
#5028=CARTESIAN_POINT('Ctrl Pts',(27.3138971319978,3.97977075953647,38.9916488068266));
#5029=CARTESIAN_POINT('Ctrl Pts',(-42.0980052080221,3.77943678645488,38.6297471263136));
#5030=CARTESIAN_POINT('Ctrl Pts',(-42.0607459744957,3.77944388995882,38.6300560528636));
#5031=CARTESIAN_POINT('Ctrl Pts',(-42.0234867404394,3.77945099520702,38.6303649485091));
#5032=CARTESIAN_POINT('Ctrl Pts',(-18.9565610376589,3.78384399264052,38.8216044609017));
#5033=CARTESIAN_POINT('Ctrl Pts',(4.07314405933276,3.7875940276498,39.0100118806195));
#5034=CARTESIAN_POINT('Ctrl Pts',(27.172599977592,3.79089766929729,39.1969853649231));
#5035=CARTESIAN_POINT('Ctrl Pts',(27.2423256042563,3.79090762373928,39.1975497364102));
#5036=CARTESIAN_POINT('Ctrl Pts',(27.3120512303572,3.79091757546806,39.1981140704127));
#5037=CARTESIAN_POINT('Ctrl Pts',(-42.1000567254517,3.65203856756425,38.8541246078463));
#5038=CARTESIAN_POINT('Ctrl Pts',(-42.062797513346,3.65203867829663,38.8544401110481));
#5039=CARTESIAN_POINT('Ctrl Pts',(-42.0255383054545,3.65203878710779,38.8547556134782));
#5040=CARTESIAN_POINT('Ctrl Pts',(-18.9586253498186,3.65210227942526,39.0500729341319));
#5041=CARTESIAN_POINT('Ctrl Pts',(4.07106856401203,3.65174654180741,39.242216105122));
#5042=CARTESIAN_POINT('Ctrl Pts',(27.1705143230782,3.65112261242085,39.4326722022476));
#5043=CARTESIAN_POINT('Ctrl Pts',(27.2402399148356,3.65112071568817,39.4332470654844));
#5044=CARTESIAN_POINT('Ctrl Pts',(27.3099655092516,3.6511188132643,39.4338219227428));
#5045=CARTESIAN_POINT('Ctrl Pts',(-41.7033894840259,3.93958814229398,38.4694364893585));
#5046=CARTESIAN_POINT('Ctrl Pts',(-41.671283087263,3.97255271182616,38.4349114483739));
#5047=CARTESIAN_POINT('Ctrl Pts',(-41.6410546767493,4.00779140288022,38.4004629532624));
#5048=CARTESIAN_POINT('Ctrl Pts',(-41.6136391671245,4.04541538203794,38.366447256917));
#5049=CARTESIAN_POINT('Ctrl Pts',(-41.5887535754619,4.07956740017852,38.3355705473117));
#5050=CARTESIAN_POINT('Ctrl Pts',(-41.5661856902663,4.11568465377158,38.3050508649109));
#5051=CARTESIAN_POINT('Ctrl Pts',(-41.5466350348088,4.1538295282566,38.2751855946822));
#5052=CARTESIAN_POINT('Origin',(29.1,-2.99999999999998,33.));
#5053=CARTESIAN_POINT('',(-44.6886892178393,-2.99999999790526,41.0863350708794));
#5054=CARTESIAN_POINT('Ctrl Pts',(-44.6886892175279,-3.,41.0863350692821));
#5055=CARTESIAN_POINT('Ctrl Pts',(-44.4623475763487,-3.,40.9055693595373));
#5056=CARTESIAN_POINT('Ctrl Pts',(-44.217680010323,-3.,40.7107235357531));
#5057=CARTESIAN_POINT('Ctrl Pts',(-43.9712672944621,-3.,40.5158083150415));
#5058=CARTESIAN_POINT('Origin',(-34.8735026918963,-3.00000000000001,43.));
#5059=CARTESIAN_POINT('Origin',(-28.85,-14.639,20.5));
#5060=CARTESIAN_POINT('',(-28.85,-13.639,13.));
#5061=CARTESIAN_POINT('',(-27.85,-14.639,12.));
#5062=CARTESIAN_POINT('Origin',(-28.85,-14.639,13.));
#5063=CARTESIAN_POINT('',(-27.85,-14.639,13.));
#5064=CARTESIAN_POINT('',(-27.85,-14.639,20.5));
#5065=CARTESIAN_POINT('',(-28.85,-13.639,14.));
#5066=CARTESIAN_POINT('Origin',(-28.85,-14.639,14.));
#5067=CARTESIAN_POINT('',(-28.85,-13.639,20.5));
#5068=CARTESIAN_POINT('Origin',(-27.85,-11.9768492513318,8.));
#5069=CARTESIAN_POINT('',(-27.85,-13.5108892952603,12.));
#5070=CARTESIAN_POINT('',(-27.85,-5.98842462566589,12.));
#5071=CARTESIAN_POINT('',(-27.85,-13.5108892952603,8.));
#5072=CARTESIAN_POINT('',(-27.85,-13.5108892952603,0.));
#5073=CARTESIAN_POINT('',(-27.85,-19.85,8.));
#5074=CARTESIAN_POINT('',(-27.85,24.85,8.));
#5075=CARTESIAN_POINT('',(-27.85,-19.85,13.));
#5076=CARTESIAN_POINT('',(-27.85,-19.85,8.));
#5077=CARTESIAN_POINT('',(-27.85,24.85,13.));
#5078=CARTESIAN_POINT('Origin',(-28.85,14.639,20.5));
#5079=CARTESIAN_POINT('',(-28.85,13.639,14.));
#5080=CARTESIAN_POINT('',(-27.85,14.639,13.));
#5081=CARTESIAN_POINT('Origin',(-28.85,14.639,14.));
#5082=CARTESIAN_POINT('',(-27.85,14.639,12.));
#5083=CARTESIAN_POINT('',(-27.85,14.639,20.5));
#5084=CARTESIAN_POINT('',(-28.85,13.639,13.));
#5085=CARTESIAN_POINT('Origin',(-28.85,14.639,13.));
#5086=CARTESIAN_POINT('',(-28.85,13.639,20.5));
#5087=CARTESIAN_POINT('Origin',(-27.85,24.85,8.));
#5088=CARTESIAN_POINT('',(-27.85,13.5108892952603,12.));
#5089=CARTESIAN_POINT('',(-27.85,12.425,12.));
#5090=CARTESIAN_POINT('',(-27.85,19.85,13.));
#5091=CARTESIAN_POINT('',(-27.85,24.85,13.));
#5092=CARTESIAN_POINT('',(-27.85,19.85,8.));
#5093=CARTESIAN_POINT('',(-27.85,19.85,8.));
#5094=CARTESIAN_POINT('',(-27.85,13.5108892952603,8.));
#5095=CARTESIAN_POINT('',(-27.85,24.85,8.));
#5096=CARTESIAN_POINT('',(-27.85,13.5108892952603,0.));
#5097=CARTESIAN_POINT('Origin',(28.85,14.639,20.5));
#5098=CARTESIAN_POINT('',(28.85,13.639,13.));
#5099=CARTESIAN_POINT('',(27.85,14.639,12.));
#5100=CARTESIAN_POINT('Origin',(28.85,14.639,13.));
#5101=CARTESIAN_POINT('',(27.85,14.639,13.));
#5102=CARTESIAN_POINT('',(27.85,14.639,20.5));
#5103=CARTESIAN_POINT('',(28.85,13.639,14.));
#5104=CARTESIAN_POINT('Origin',(28.85,14.639,14.));
#5105=CARTESIAN_POINT('',(28.85,13.639,20.5));
#5106=CARTESIAN_POINT('Origin',(27.85,11.9768492513318,8.));
#5107=CARTESIAN_POINT('',(27.85,13.5108892952603,12.));
#5108=CARTESIAN_POINT('',(27.85,5.98842462566591,12.));
#5109=CARTESIAN_POINT('',(27.85,13.5108892952603,8.));
#5110=CARTESIAN_POINT('',(27.85,13.5108892952603,0.));
#5111=CARTESIAN_POINT('',(27.85,19.85,8.));
#5112=CARTESIAN_POINT('',(27.85,-24.85,8.));
#5113=CARTESIAN_POINT('',(27.85,19.85,13.));
#5114=CARTESIAN_POINT('',(27.85,19.85,8.));
#5115=CARTESIAN_POINT('',(27.85,-24.85,13.));
#5116=CARTESIAN_POINT('Origin',(28.85,-14.639,20.5));
#5117=CARTESIAN_POINT('',(28.85,-13.639,14.));
#5118=CARTESIAN_POINT('',(27.85,-14.639,13.));
#5119=CARTESIAN_POINT('Origin',(28.85,-14.639,14.));
#5120=CARTESIAN_POINT('',(27.85,-14.639,12.));
#5121=CARTESIAN_POINT('',(27.85,-14.639,20.5));
#5122=CARTESIAN_POINT('',(28.85,-13.639,13.));
#5123=CARTESIAN_POINT('Origin',(28.85,-14.639,13.));
#5124=CARTESIAN_POINT('',(28.85,-13.639,20.5));
#5125=CARTESIAN_POINT('Origin',(27.85,-24.85,8.));
#5126=CARTESIAN_POINT('',(27.85,-13.5108892952603,12.));
#5127=CARTESIAN_POINT('',(27.85,-12.425,12.));
#5128=CARTESIAN_POINT('',(27.85,-19.85,13.));
#5129=CARTESIAN_POINT('',(27.85,-24.85,13.));
#5130=CARTESIAN_POINT('',(27.85,-19.85,8.));
#5131=CARTESIAN_POINT('',(27.85,-19.85,8.));
#5132=CARTESIAN_POINT('',(27.85,-13.5108892952603,8.));
#5133=CARTESIAN_POINT('',(27.85,-24.85,8.));
#5134=CARTESIAN_POINT('',(27.85,-13.5108892952603,0.));
#5135=CARTESIAN_POINT('Origin',(28.35,-12.425,12.5));
#5136=CARTESIAN_POINT('',(28.85,-13.5108892952603,13.));
#5137=CARTESIAN_POINT('',(27.85,-13.5108892952603,12.));
#5138=CARTESIAN_POINT('',(28.85,-12.425,13.));
#5139=CARTESIAN_POINT('Origin',(32.85,-13.5108892952603,12.5));
#5140=CARTESIAN_POINT('',(28.1625000000001,-11.7709629318759,12.));
#5141=CARTESIAN_POINT('',(28.1625000000001,-11.7709629318759,12.));
#5142=CARTESIAN_POINT('Origin',(32.85,-13.5108892952603,13.));
#5143=CARTESIAN_POINT('Origin',(32.85,-13.5108892952603,12.));
#5144=CARTESIAN_POINT('Ctrl Pts',(29.1,-12.1189482045528,13.));
#5145=CARTESIAN_POINT('Ctrl Pts',(29.1695688949148,-11.9315240688104,13.));
#5146=CARTESIAN_POINT('Ctrl Pts',(29.253214592479,-11.7493268155162,13.));
#5147=CARTESIAN_POINT('Ctrl Pts',(29.35,-11.5743976221566,13.));
#5148=CARTESIAN_POINT('Ctrl Pts',(28.7875000000001,-12.0029531136605,12.6666666666667));
#5149=CARTESIAN_POINT('Ctrl Pts',(28.8628663028243,-11.7999102999396,12.6666666666667));
#5150=CARTESIAN_POINT('Ctrl Pts',(28.9534824751856,-11.6025299422042,12.6666666666667));
#5151=CARTESIAN_POINT('Ctrl Pts',(29.0583333333334,-11.4130233160646,12.6666666666667));
#5152=CARTESIAN_POINT('Ctrl Pts',(28.4750000000001,-11.8869580227682,12.3333333333333));
#5153=CARTESIAN_POINT('Ctrl Pts',(28.5561637107339,-11.6682965310687,12.3333333333333));
#5154=CARTESIAN_POINT('Ctrl Pts',(28.6537503578922,-11.4557330688922,12.3333333333333));
#5155=CARTESIAN_POINT('Ctrl Pts',(28.7666666666667,-11.2516490099727,12.3333333333333));
#5156=CARTESIAN_POINT('Ctrl Pts',(28.1625000000001,-11.7709629318759,12.));
#5157=CARTESIAN_POINT('Ctrl Pts',(28.2494611186435,-11.5366827621979,12.));
#5158=CARTESIAN_POINT('Ctrl Pts',(28.3540182405988,-11.3089361955802,12.));
#5159=CARTESIAN_POINT('Ctrl Pts',(28.475,-11.0902747038807,12.));
#5160=CARTESIAN_POINT('',(28.475,-11.0902747038807,12.));
#5161=CARTESIAN_POINT('Ctrl Pts',(28.1625000000001,-11.7709629318759,12.));
#5162=CARTESIAN_POINT('Ctrl Pts',(28.2494611186435,-11.5366827621979,12.));
#5163=CARTESIAN_POINT('Ctrl Pts',(28.3540182405988,-11.3089361955802,12.));
#5164=CARTESIAN_POINT('Ctrl Pts',(28.475,-11.0902747038807,12.));
#5165=CARTESIAN_POINT('',(28.475,-11.0902747038807,12.));
#5166=CARTESIAN_POINT('Origin',(24.1,-8.66966011250104,12.5));
#5167=CARTESIAN_POINT('Origin',(24.1,-8.66966011250104,12.));
#5168=CARTESIAN_POINT('Origin',(32.85,-13.5108892952603,0.));
#5169=CARTESIAN_POINT('',(28.475,-11.0902747038807,8.));
#5170=CARTESIAN_POINT('Origin',(32.85,-13.5108892952603,8.));
#5171=CARTESIAN_POINT('',(28.475,-11.0902747038807,0.));
#5172=CARTESIAN_POINT('Origin',(32.85,13.5108892952603,12.5));
#5173=CARTESIAN_POINT('',(28.1625000000001,11.7709629318759,12.));
#5174=CARTESIAN_POINT('',(29.1,12.1189482045528,13.));
#5175=CARTESIAN_POINT('Origin',(32.85,13.5108892952603,12.));
#5176=CARTESIAN_POINT('',(28.85,13.5108892952603,13.));
#5177=CARTESIAN_POINT('',(27.85,13.5108892952603,12.));
#5178=CARTESIAN_POINT('Origin',(32.85,13.5108892952603,13.));
#5179=CARTESIAN_POINT('Origin',(28.35,5.98842462566591,12.5));
#5180=CARTESIAN_POINT('',(28.85,5.98842462566591,13.));
#5181=CARTESIAN_POINT('Ctrl Pts',(29.3500000000003,11.5743976221562,13.));
#5182=CARTESIAN_POINT('Ctrl Pts',(29.2532145924792,11.7493268155159,13.));
#5183=CARTESIAN_POINT('Ctrl Pts',(29.1695688949148,11.9315240688102,13.));
#5184=CARTESIAN_POINT('Ctrl Pts',(29.1,12.1189482045528,13.));
#5185=CARTESIAN_POINT('Ctrl Pts',(29.0583333333336,11.4130233160642,12.6666666666667));
#5186=CARTESIAN_POINT('Ctrl Pts',(28.9534824751857,11.6025299422039,12.6666666666667));
#5187=CARTESIAN_POINT('Ctrl Pts',(28.8628663028244,11.7999102999394,12.6666666666667));
#5188=CARTESIAN_POINT('Ctrl Pts',(28.7875,12.0029531136605,12.6666666666667));
#5189=CARTESIAN_POINT('Ctrl Pts',(28.766666666667,11.2516490099722,12.3333333333333));
#5190=CARTESIAN_POINT('Ctrl Pts',(28.6537503578923,11.4557330688918,12.3333333333333));
#5191=CARTESIAN_POINT('Ctrl Pts',(28.556163710734,11.6682965310686,12.3333333333333));
#5192=CARTESIAN_POINT('Ctrl Pts',(28.475,11.8869580227682,12.3333333333333));
#5193=CARTESIAN_POINT('Ctrl Pts',(28.4750000000003,11.0902747038802,12.));
#5194=CARTESIAN_POINT('Ctrl Pts',(28.3540182405989,11.3089361955798,12.));
#5195=CARTESIAN_POINT('Ctrl Pts',(28.2494611186435,11.5366827621977,12.));
#5196=CARTESIAN_POINT('Ctrl Pts',(28.1625,11.7709629318759,12.));
#5197=CARTESIAN_POINT('',(28.475,11.0902747038807,12.));
#5198=CARTESIAN_POINT('',(29.35,11.5743976221566,13.));
#5199=CARTESIAN_POINT('Ctrl Pts',(28.4750000000003,11.0902747038802,12.));
#5200=CARTESIAN_POINT('Ctrl Pts',(28.3540182405989,11.3089361955798,12.));
#5201=CARTESIAN_POINT('Ctrl Pts',(28.2494611186435,11.5366827621977,12.));
#5202=CARTESIAN_POINT('Ctrl Pts',(28.1625,11.7709629318759,12.));
#5203=CARTESIAN_POINT('Origin',(24.1,8.66966011250107,12.5));
#5204=CARTESIAN_POINT('Origin',(24.1,8.66966011250107,12.));
#5205=CARTESIAN_POINT('Origin',(29.1,1.68844427137695E-14,13.));
#5206=CARTESIAN_POINT('',(29.1,13.639,13.));
#5207=CARTESIAN_POINT('Origin',(-28.35,12.425,12.5));
#5208=CARTESIAN_POINT('',(-28.85,13.5108892952603,13.));
#5209=CARTESIAN_POINT('',(-27.85,13.5108892952603,12.));
#5210=CARTESIAN_POINT('',(-28.85,12.425,13.));
#5211=CARTESIAN_POINT('Origin',(-32.85,13.5108892952603,12.5));
#5212=CARTESIAN_POINT('',(-28.1625,11.7709629318759,12.));
#5213=CARTESIAN_POINT('',(-29.1,12.1189482045528,13.));
#5214=CARTESIAN_POINT('',(-28.1625,11.7709629318759,12.));
#5215=CARTESIAN_POINT('Origin',(-32.85,13.5108892952603,13.));
#5216=CARTESIAN_POINT('Origin',(-32.85,13.5108892952603,12.));
#5217=CARTESIAN_POINT('Ctrl Pts',(-29.1,12.1189482045528,13.));
#5218=CARTESIAN_POINT('Ctrl Pts',(-29.1695688949147,11.9315240688104,13.));
#5219=CARTESIAN_POINT('Ctrl Pts',(-29.2532145924789,11.7493268155162,13.));
#5220=CARTESIAN_POINT('Ctrl Pts',(-29.35,11.5743976221566,13.));
#5221=CARTESIAN_POINT('Ctrl Pts',(-28.7875,12.0029531136605,12.6666666666667));
#5222=CARTESIAN_POINT('Ctrl Pts',(-28.8628663028243,11.7999102999396,12.6666666666667));
#5223=CARTESIAN_POINT('Ctrl Pts',(-28.9534824751855,11.6025299422042,12.6666666666667));
#5224=CARTESIAN_POINT('Ctrl Pts',(-29.0583333333333,11.4130233160647,12.6666666666667));
#5225=CARTESIAN_POINT('Ctrl Pts',(-28.475,11.8869580227682,12.3333333333333));
#5226=CARTESIAN_POINT('Ctrl Pts',(-28.5561637107338,11.6682965310688,12.3333333333333));
#5227=CARTESIAN_POINT('Ctrl Pts',(-28.6537503578921,11.4557330688922,12.3333333333333));
#5228=CARTESIAN_POINT('Ctrl Pts',(-28.7666666666666,11.2516490099727,12.3333333333333));
#5229=CARTESIAN_POINT('Ctrl Pts',(-28.1625,11.7709629318759,12.));
#5230=CARTESIAN_POINT('Ctrl Pts',(-28.2494611186434,11.5366827621979,12.));
#5231=CARTESIAN_POINT('Ctrl Pts',(-28.3540182405987,11.3089361955802,12.));
#5232=CARTESIAN_POINT('Ctrl Pts',(-28.475,11.0902747038807,12.));
#5233=CARTESIAN_POINT('',(-29.1,11.4360767883635,12.7142857142857));
#5234=CARTESIAN_POINT('Ctrl Pts',(-29.1,11.4360767883635,12.7142857142857));
#5235=CARTESIAN_POINT('Ctrl Pts',(-29.1,11.6586420652089,12.822034665619));
#5236=CARTESIAN_POINT('Ctrl Pts',(-29.1,11.8871043711847,12.9193217604269));
#5237=CARTESIAN_POINT('Ctrl Pts',(-29.1,12.1189482045528,13.));
#5238=CARTESIAN_POINT('',(-28.475,11.0902747038807,12.));
#5239=CARTESIAN_POINT('Ctrl Pts',(-28.1625,11.7709629318759,12.));
#5240=CARTESIAN_POINT('Ctrl Pts',(-28.2494611186434,11.5366827621979,12.));
#5241=CARTESIAN_POINT('Ctrl Pts',(-28.3540182405987,11.3089361955802,12.));
#5242=CARTESIAN_POINT('Ctrl Pts',(-28.475,11.0902747038807,12.));
#5243=CARTESIAN_POINT('',(-28.475,11.0902747038807,12.));
#5244=CARTESIAN_POINT('Origin',(-24.1,8.66966011250107,12.5));
#5245=CARTESIAN_POINT('',(-29.1,8.66966011250107,12.));
#5246=CARTESIAN_POINT('Ctrl Pts',(-29.1,8.66966011250107,12.));
#5247=CARTESIAN_POINT('Ctrl Pts',(-29.1,9.96065456123824,12.));
#5248=CARTESIAN_POINT('Ctrl Pts',(-29.1,11.4360767883669,12.7142857142873));
#5249=CARTESIAN_POINT('Origin',(-24.1,8.66966011250107,12.));
#5250=CARTESIAN_POINT('Origin',(-32.85,13.5108892952603,0.));
#5251=CARTESIAN_POINT('',(-28.475,11.0902747038807,8.));
#5252=CARTESIAN_POINT('Origin',(-32.85,13.5108892952603,8.));
#5253=CARTESIAN_POINT('',(-28.475,11.0902747038807,0.));
#5254=CARTESIAN_POINT('Origin',(-32.85,-13.5108892952603,12.5));
#5255=CARTESIAN_POINT('',(-29.1,-12.1189482045528,13.));
#5256=CARTESIAN_POINT('',(-28.1625,-11.7709629318759,12.));
#5257=CARTESIAN_POINT('',(-29.1,-12.1189482045528,13.));
#5258=CARTESIAN_POINT('Origin',(-32.85,-13.5108892952603,12.));
#5259=CARTESIAN_POINT('',(-28.85,-13.5108892952603,13.));
#5260=CARTESIAN_POINT('',(-27.85,-13.5108892952603,12.));
#5261=CARTESIAN_POINT('Origin',(-32.85,-13.5108892952603,13.));
#5262=CARTESIAN_POINT('Origin',(-28.35,-5.98842462566589,12.5));
#5263=CARTESIAN_POINT('',(-28.85,-5.98842462566589,13.));
#5264=CARTESIAN_POINT('Ctrl Pts',(-29.3500000000002,-11.5743976221562,13.));
#5265=CARTESIAN_POINT('Ctrl Pts',(-29.2532145924791,-11.7493268155159,13.));
#5266=CARTESIAN_POINT('Ctrl Pts',(-29.1695688949148,-11.9315240688102,13.));
#5267=CARTESIAN_POINT('Ctrl Pts',(-29.1,-12.1189482045528,13.));
#5268=CARTESIAN_POINT('Ctrl Pts',(-29.0583333333336,-11.4130233160642,12.6666666666667));
#5269=CARTESIAN_POINT('Ctrl Pts',(-28.9534824751857,-11.6025299422038,12.6666666666667));
#5270=CARTESIAN_POINT('Ctrl Pts',(-28.8628663028243,-11.7999102999394,12.6666666666667));
#5271=CARTESIAN_POINT('Ctrl Pts',(-28.7875,-12.0029531136605,12.6666666666667));
#5272=CARTESIAN_POINT('Ctrl Pts',(-28.7666666666669,-11.2516490099721,12.3333333333333));
#5273=CARTESIAN_POINT('Ctrl Pts',(-28.6537503578923,-11.4557330688918,12.3333333333333));
#5274=CARTESIAN_POINT('Ctrl Pts',(-28.5561637107339,-11.6682965310685,12.3333333333333));
#5275=CARTESIAN_POINT('Ctrl Pts',(-28.475,-11.8869580227682,12.3333333333333));
#5276=CARTESIAN_POINT('Ctrl Pts',(-28.4750000000003,-11.0902747038801,12.));
#5277=CARTESIAN_POINT('Ctrl Pts',(-28.3540182405989,-11.3089361955798,12.));
#5278=CARTESIAN_POINT('Ctrl Pts',(-28.2494611186435,-11.5366827621977,12.));
#5279=CARTESIAN_POINT('Ctrl Pts',(-28.1625,-11.7709629318759,12.));
#5280=CARTESIAN_POINT('',(-29.1,-11.4360767883635,12.7142857142857));
#5281=CARTESIAN_POINT('Ctrl Pts',(-29.1,-12.1189482045528,13.));
#5282=CARTESIAN_POINT('Ctrl Pts',(-29.1,-11.8862122896946,12.9190113292064));
#5283=CARTESIAN_POINT('Ctrl Pts',(-29.1,-11.6579193378531,12.8216847767424));
#5284=CARTESIAN_POINT('Ctrl Pts',(-29.1,-11.4360767883629,12.7142857142854));
#5285=CARTESIAN_POINT('',(-28.475,-11.0902747038807,12.));
#5286=CARTESIAN_POINT('',(-29.35,-11.5743976221566,13.));
#5287=CARTESIAN_POINT('Ctrl Pts',(-28.4750000000003,-11.0902747038801,12.));
#5288=CARTESIAN_POINT('Ctrl Pts',(-28.3540182405989,-11.3089361955798,12.));
#5289=CARTESIAN_POINT('Ctrl Pts',(-28.2494611186435,-11.5366827621977,12.));
#5290=CARTESIAN_POINT('Ctrl Pts',(-28.1625,-11.7709629318759,12.));
#5291=CARTESIAN_POINT('Origin',(-24.1,-8.66966011250103,12.5));
#5292=CARTESIAN_POINT('',(-29.1,-8.66966011250103,12.));
#5293=CARTESIAN_POINT('Ctrl Pts',(-29.1,-11.4360767883668,12.7142857142873));
#5294=CARTESIAN_POINT('Ctrl Pts',(-29.1,-9.96065456123821,12.));
#5295=CARTESIAN_POINT('Ctrl Pts',(-29.1,-8.66966011250103,12.));
#5296=CARTESIAN_POINT('Origin',(-24.1,-8.66966011250103,12.));
#5297=CARTESIAN_POINT('Origin',(29.1,1.68844427137695E-14,13.));
#5298=CARTESIAN_POINT('',(-29.1,-13.639,13.));
#5299=CARTESIAN_POINT('',(29.1000000000001,-13.639,13.));
#5300=CARTESIAN_POINT('',(-29.1,-8.79125680233012E-16,13.));
#5301=CARTESIAN_POINT('Origin',(-15.0902747038806,-14.639,14.));
#5302=CARTESIAN_POINT('',(-15.0902747038806,-13.639,14.));
#5303=CARTESIAN_POINT('',(-14.0902747038806,-14.639,14.));
#5304=CARTESIAN_POINT('Origin',(-15.0902747038806,-14.639,14.));
#5305=CARTESIAN_POINT('',(-15.0902747038806,-14.639,13.));
#5306=CARTESIAN_POINT('Origin',(-15.0902747038806,-14.639,14.));
#5307=CARTESIAN_POINT('Origin',(-15.0902747038806,-14.639,14.));
#5308=CARTESIAN_POINT('Origin',(-5.77350269189623,-14.639,14.));
#5309=CARTESIAN_POINT('',(-5.77350269189623,-14.639,13.));
#5310=CARTESIAN_POINT('',(-5.77350269189623,-13.639,14.));
#5311=CARTESIAN_POINT('Origin',(-15.0902747038806,-9.93474999999999,14.));
#5312=CARTESIAN_POINT('',(-14.0902747038806,-21.2089878348137,14.));
#5313=CARTESIAN_POINT('',(-14.8217440602906,-25.1439625612221,13.0367288577699));
#5314=CARTESIAN_POINT('Ctrl Pts',(-14.8217440602888,-25.1439625612129,13.0367288577705));
#5315=CARTESIAN_POINT('Ctrl Pts',(-14.7860457988834,-25.0146358036483,13.0466804453246));
#5316=CARTESIAN_POINT('Ctrl Pts',(-14.7504975795869,-24.8844548868886,13.0587382588414));
#5317=CARTESIAN_POINT('Ctrl Pts',(-14.5915101404747,-24.292853876539,13.1230000866112));
#5318=CARTESIAN_POINT('Ctrl Pts',(-14.4754683680286,-23.8323322351864,13.200592773479));
#5319=CARTESIAN_POINT('Ctrl Pts',(-14.2284712373697,-22.7133171759987,13.4475899041378));
#5320=CARTESIAN_POINT('Ctrl Pts',(-14.0902747038806,-21.8842699505461,13.7118215650485));
#5321=CARTESIAN_POINT('Ctrl Pts',(-14.0902747038806,-21.2089878348137,14.));
#5322=CARTESIAN_POINT('',(-14.0902747038806,-9.93474999999999,14.));
#5323=CARTESIAN_POINT('',(-15.0902747038806,-25.0560606821989,13.));
#5324=CARTESIAN_POINT('',(-15.0902747038806,-9.93474999999999,13.));
#5325=CARTESIAN_POINT('Ctrl Pts',(-15.0902747038806,-25.0560606821989,13.));
#5326=CARTESIAN_POINT('Ctrl Pts',(-15.0019936932133,-25.082221483073,13.));
#5327=CARTESIAN_POINT('Ctrl Pts',(-14.9104257295968,-25.1121319136579,13.0120071104972));
#5328=CARTESIAN_POINT('Ctrl Pts',(-14.8217440602911,-25.1439625612219,13.0367288577698));
#5329=CARTESIAN_POINT('Origin',(-15.0902747038806,-14.639,26.11525));
#5330=CARTESIAN_POINT('',(-14.0902747038806,-14.639,20.5699878348137));
#5331=CARTESIAN_POINT('',(-15.0902747038806,-13.639,25.461));
#5332=CARTESIAN_POINT('Ctrl Pts',(-14.0902747038806,-14.639,20.5699878348137));
#5333=CARTESIAN_POINT('Ctrl Pts',(-14.0902747038806,-14.3201101050574,21.3172354315282));
#5334=CARTESIAN_POINT('Ctrl Pts',(-14.2365896656971,-14.0577122141483,22.1450483598979));
#5335=CARTESIAN_POINT('Ctrl Pts',(-14.6248731884775,-13.716954590473,23.8262767065298));
#5336=CARTESIAN_POINT('Ctrl Pts',(-14.8688346143809,-13.639,24.679313347527));
#5337=CARTESIAN_POINT('Ctrl Pts',(-15.0902747038806,-13.639,25.461));
#5338=CARTESIAN_POINT('',(-15.0902747038806,-13.639,26.11525));
#5339=CARTESIAN_POINT('',(-14.0902747038806,-14.639,26.11525));
#5340=CARTESIAN_POINT('Origin',(-11.5470053837925,-13.639,33.));
#5341=CARTESIAN_POINT('',(15.0902747038807,-13.639,25.461));
#5342=CARTESIAN_POINT('',(-14.0902747038806,-13.639,25.461));
#5343=CARTESIAN_POINT('',(15.0902747038807,-13.639,14.));
#5344=CARTESIAN_POINT('',(15.0902747038807,-13.639,26.11525));
#5345=CARTESIAN_POINT('',(-5.77350269189623,-13.639,14.));
#5346=CARTESIAN_POINT('',(29.1000000000001,-13.639,13.));
#5347=CARTESIAN_POINT('',(19.1,-13.639,53.));
#5348=CARTESIAN_POINT('Origin',(19.1,-13.639,43.));
#5349=CARTESIAN_POINT('',(-34.8735026918962,-13.639,53.));
#5350=CARTESIAN_POINT('',(-52.194010767585,-13.639,53.));
#5351=CARTESIAN_POINT('',(-43.5337567297406,-13.639,38.));
#5352=CARTESIAN_POINT('Origin',(-34.8735026918962,-13.639,43.));
#5353=CARTESIAN_POINT('',(-29.1,-13.639,13.));
#5354=CARTESIAN_POINT('',(-30.416819986672,-13.639,48.5));
#5355=CARTESIAN_POINT('Origin',(-28.187319986672,-13.639,48.5));
#5356=CARTESIAN_POINT('',(-10.1162513459481,-13.639,48.5));
#5357=CARTESIAN_POINT('Origin',(-7.8867513459481,-13.639,48.5));
#5358=CARTESIAN_POINT('',(10.1843172947758,-13.639,48.5));
#5359=CARTESIAN_POINT('Origin',(12.4138172947758,-13.639,48.5));
#5360=CARTESIAN_POINT('',(20.3346016151378,-13.639,48.5));
#5361=CARTESIAN_POINT('Origin',(22.5641016151378,-13.639,48.5));
#5362=CARTESIAN_POINT('',(0.0340329744138684,-13.639,48.5));
#5363=CARTESIAN_POINT('Origin',(2.26353297441387,-13.639,48.5));
#5364=CARTESIAN_POINT('',(-20.2665356663101,-13.639,48.5));
#5365=CARTESIAN_POINT('Origin',(-18.0370356663101,-13.639,48.5));
#5366=CARTESIAN_POINT('',(-40.567104307034,-13.639,48.5));
#5367=CARTESIAN_POINT('Origin',(-38.337604307034,-13.639,48.5));
#5368=CARTESIAN_POINT('Origin',(-14.0902747038806,-19.8695,19.2305));
#5369=CARTESIAN_POINT('Origin',(-14.0902747038806,-26.1,25.461));
#5370=CARTESIAN_POINT('Origin',(15.0902747038807,-14.639,14.));
#5371=CARTESIAN_POINT('',(14.0902747038807,-14.639,14.));
#5372=CARTESIAN_POINT('Origin',(15.0902747038807,-14.639,14.));
#5373=CARTESIAN_POINT('',(15.0902747038807,-14.639,13.));
#5374=CARTESIAN_POINT('Origin',(15.0902747038807,-14.639,14.));
#5375=CARTESIAN_POINT('Origin',(15.0902747038807,-14.639,14.));
#5376=CARTESIAN_POINT('Origin',(15.0902747038807,2.19655411971961E-14,14.));
#5377=CARTESIAN_POINT('',(15.0902747038807,-25.0560606821989,13.));
#5378=CARTESIAN_POINT('',(14.8217440602907,-25.1439625612221,13.0367288577699));
#5379=CARTESIAN_POINT('Ctrl Pts',(14.8217440602912,-25.1439625612219,13.0367288577699));
#5380=CARTESIAN_POINT('Ctrl Pts',(14.9104257295969,-25.1121319136579,13.0120071104972));
#5381=CARTESIAN_POINT('Ctrl Pts',(15.0019936932134,-25.082221483073,13.));
#5382=CARTESIAN_POINT('Ctrl Pts',(15.0902747038807,-25.0560606821989,13.));
#5383=CARTESIAN_POINT('',(15.0902747038807,2.19655411971961E-14,13.));
#5384=CARTESIAN_POINT('',(14.0902747038807,-21.2089878348137,14.));
#5385=CARTESIAN_POINT('',(14.0902747038807,2.16252429521003E-14,14.));
#5386=CARTESIAN_POINT('Ctrl Pts',(14.0902747038807,-21.2089878348137,14.));
#5387=CARTESIAN_POINT('Ctrl Pts',(14.0902747038807,-21.9562354315282,13.6811101050574));
#5388=CARTESIAN_POINT('Ctrl Pts',(14.2365896656972,-22.7840483598979,13.4187122141483));
#5389=CARTESIAN_POINT('Ctrl Pts',(14.5480809977994,-24.1327742947776,13.1453474178198));
#5390=CARTESIAN_POINT('Ctrl Pts',(14.6840762359537,-24.6452230528642,13.0751064524576));
#5391=CARTESIAN_POINT('Ctrl Pts',(14.8217440602914,-25.1439625612219,13.0367288577698));
#5392=CARTESIAN_POINT('Origin',(-5.77350269189623,-14.639,14.));
#5393=CARTESIAN_POINT('',(-5.77350269189623,-14.639,13.));
#5394=CARTESIAN_POINT('Origin',(15.0902747038807,-14.639,26.11525));
#5395=CARTESIAN_POINT('',(14.0902747038807,-14.639,20.5699878348137));
#5396=CARTESIAN_POINT('Ctrl Pts',(15.0902747038807,-13.639,25.461));
#5397=CARTESIAN_POINT('Ctrl Pts',(14.868834614381,-13.639,24.679313347527));
#5398=CARTESIAN_POINT('Ctrl Pts',(14.6248731884776,-13.716954590473,23.8262767065298));
#5399=CARTESIAN_POINT('Ctrl Pts',(14.2365896656972,-14.0577122141483,22.1450483598979));
#5400=CARTESIAN_POINT('Ctrl Pts',(14.0902747038807,-14.3201101050574,21.3172354315282));
#5401=CARTESIAN_POINT('Ctrl Pts',(14.0902747038807,-14.639,20.5699878348137));
#5402=CARTESIAN_POINT('',(14.0902747038807,-14.639,26.11525));
#5403=CARTESIAN_POINT('Origin',(14.0902747038807,2.29124678047995E-14,19.2305));
#5404=CARTESIAN_POINT('Origin',(14.0902747038807,-26.1,25.461));
#5405=CARTESIAN_POINT('Origin',(14.0902747038807,2.29124678047995E-14,19.2305));
#5406=CARTESIAN_POINT('',(14.0902747038807,-25.475,13.));
#5407=CARTESIAN_POINT('',(14.0902747038807,-25.475,13.0156837725994));
#5408=CARTESIAN_POINT('',(14.0902747038807,-25.475,0.));
#5409=CARTESIAN_POINT('',(14.0902747038807,-26.1,13.));
#5410=CARTESIAN_POINT('Origin',(14.0902747038807,-26.1,25.461));
#5411=CARTESIAN_POINT('',(14.0902747038807,-13.05,13.));
#5412=CARTESIAN_POINT('Origin',(15.0902747038807,14.639,14.));
#5413=CARTESIAN_POINT('',(15.0902747038807,13.639,14.));
#5414=CARTESIAN_POINT('',(14.0902747038807,14.639,14.));
#5415=CARTESIAN_POINT('Origin',(15.0902747038807,14.639,14.));
#5416=CARTESIAN_POINT('',(15.0902747038807,14.639,13.));
#5417=CARTESIAN_POINT('Origin',(15.0902747038807,14.639,14.));
#5418=CARTESIAN_POINT('Origin',(15.0902747038807,14.639,14.));
#5419=CARTESIAN_POINT('Origin',(-5.77350269189624,14.639,14.));
#5420=CARTESIAN_POINT('',(-5.77350269189624,14.639,13.));
#5421=CARTESIAN_POINT('',(-5.77350269189624,13.639,14.));
#5422=CARTESIAN_POINT('Origin',(15.0902747038807,2.19655411971961E-14,14.));
#5423=CARTESIAN_POINT('',(14.0902747038807,21.2089878348137,14.));
#5424=CARTESIAN_POINT('',(14.8217440602907,25.1439625612221,13.0367288577699));
#5425=CARTESIAN_POINT('Ctrl Pts',(14.8217440602914,25.1439625612219,13.0367288577698));
#5426=CARTESIAN_POINT('Ctrl Pts',(14.6840762359537,24.6452230528643,13.0751064524576));
#5427=CARTESIAN_POINT('Ctrl Pts',(14.5480809977994,24.1327742947776,13.1453474178198));
#5428=CARTESIAN_POINT('Ctrl Pts',(14.2365896656971,22.7840483598979,13.4187122141483));
#5429=CARTESIAN_POINT('Ctrl Pts',(14.0902747038807,21.9562354315282,13.6811101050574));
#5430=CARTESIAN_POINT('Ctrl Pts',(14.0902747038807,21.2089878348138,14.));
#5431=CARTESIAN_POINT('',(14.0902747038807,2.16252429521003E-14,14.));
#5432=CARTESIAN_POINT('',(15.0902747038807,25.0560606821989,13.));
#5433=CARTESIAN_POINT('',(15.0902747038807,2.19655411971961E-14,13.));
#5434=CARTESIAN_POINT('Ctrl Pts',(15.0902747038807,25.0560606821989,13.));
#5435=CARTESIAN_POINT('Ctrl Pts',(15.0019936932134,25.0822214830731,13.));
#5436=CARTESIAN_POINT('Ctrl Pts',(14.9104257295969,25.1121319136579,13.0120071104972));
#5437=CARTESIAN_POINT('Ctrl Pts',(14.8217440602912,25.1439625612219,13.0367288577698));
#5438=CARTESIAN_POINT('Origin',(15.0902747038807,14.639,26.11525));
#5439=CARTESIAN_POINT('',(14.0902747038807,14.639,20.5699878348137));
#5440=CARTESIAN_POINT('',(15.0902747038807,13.639,25.461));
#5441=CARTESIAN_POINT('Ctrl Pts',(14.0902747038807,14.639,20.5699878348137));
#5442=CARTESIAN_POINT('Ctrl Pts',(14.0902747038807,14.3201101050575,21.3172354315282));
#5443=CARTESIAN_POINT('Ctrl Pts',(14.2365896656972,14.0577122141483,22.1450483598979));
#5444=CARTESIAN_POINT('Ctrl Pts',(14.6248731884776,13.7169545904731,23.8262767065298));
#5445=CARTESIAN_POINT('Ctrl Pts',(14.868834614381,13.639,24.679313347527));
#5446=CARTESIAN_POINT('Ctrl Pts',(15.0902747038807,13.639,25.461));
#5447=CARTESIAN_POINT('',(15.0902747038807,13.639,26.11525));
#5448=CARTESIAN_POINT('',(14.0902747038807,14.639,26.11525));
#5449=CARTESIAN_POINT('Origin',(3.10862446895044E-14,1.55431223447522E-14,
13.));
#5450=CARTESIAN_POINT('',(22.85,24.85,13.));
#5451=CARTESIAN_POINT('Origin',(22.85,19.85,13.));
#5452=CARTESIAN_POINT('',(16.5108892952604,24.85,13.));
#5453=CARTESIAN_POINT('',(27.85,24.85,13.));
#5454=CARTESIAN_POINT('Origin',(16.5108892952604,29.85,13.));
#5455=CARTESIAN_POINT('',(25.25,19.85,13.));
#5456=CARTESIAN_POINT('Origin',(22.85,19.85,13.));
#5457=CARTESIAN_POINT('Origin',(14.0902747038807,2.29124678047995E-14,19.2305));
#5458=CARTESIAN_POINT('Origin',(14.0902747038807,26.1,25.461));
#5459=CARTESIAN_POINT('Origin',(-11.5470053837925,13.639,33.));
#5460=CARTESIAN_POINT('',(-29.1,13.639,13.));
#5461=CARTESIAN_POINT('',(29.1,13.639,13.));
#5462=CARTESIAN_POINT('',(-29.1,13.639,13.));
#5463=CARTESIAN_POINT('',(19.1,13.639,53.));
#5464=CARTESIAN_POINT('',(-52.194010767585,13.639,53.));
#5465=CARTESIAN_POINT('Origin',(19.1,13.639,43.));
#5466=CARTESIAN_POINT('',(-15.0902747038806,13.639,25.461));
#5467=CARTESIAN_POINT('',(-14.0902747038806,13.639,25.461));
#5468=CARTESIAN_POINT('',(-15.0902747038806,13.639,14.));
#5469=CARTESIAN_POINT('',(-15.0902747038806,13.639,26.11525));
#5470=CARTESIAN_POINT('',(-5.77350269189624,13.639,14.));
#5471=CARTESIAN_POINT('',(19.4141016151378,13.639,48.5));
#5472=CARTESIAN_POINT('Origin',(22.5641016151378,13.639,48.5));
#5473=CARTESIAN_POINT('',(9.26381729477583,13.639,48.5));
#5474=CARTESIAN_POINT('Origin',(12.4138172947758,13.639,48.5));
#5475=CARTESIAN_POINT('',(-0.886467025586139,13.639,48.5));
#5476=CARTESIAN_POINT('Origin',(2.26353297441386,13.639,48.5));
#5477=CARTESIAN_POINT('',(-11.0367513459481,13.639,48.5));
#5478=CARTESIAN_POINT('Origin',(-7.88675134594811,13.639,48.5));
#5479=CARTESIAN_POINT('',(-21.1870356663101,13.639,48.5));
#5480=CARTESIAN_POINT('Origin',(-18.0370356663101,13.639,48.5));
#5481=CARTESIAN_POINT('',(-31.3373199866721,13.639,48.5));
#5482=CARTESIAN_POINT('Origin',(-28.1873199866721,13.639,48.5));
#5483=CARTESIAN_POINT('',(-41.487604307034,13.639,48.5));
#5484=CARTESIAN_POINT('Origin',(-38.337604307034,13.639,48.5));
#5485=CARTESIAN_POINT('Origin',(-15.0902747038806,14.639,14.));
#5486=CARTESIAN_POINT('',(-15.0902747038806,14.639,13.));
#5487=CARTESIAN_POINT('Origin',(-15.0902747038806,14.639,14.));
#5488=CARTESIAN_POINT('',(-14.0902747038806,14.639,14.));
#5489=CARTESIAN_POINT('Origin',(-15.0902747038806,14.639,14.));
#5490=CARTESIAN_POINT('Origin',(-15.0902747038806,14.639,14.));
#5491=CARTESIAN_POINT('Origin',(-15.0902747038806,14.639,26.11525));
#5492=CARTESIAN_POINT('',(-14.0902747038806,14.639,20.5699878348137));
#5493=CARTESIAN_POINT('Ctrl Pts',(-15.0902747038806,13.639,25.461));
#5494=CARTESIAN_POINT('Ctrl Pts',(-14.8688346143809,13.639,24.679313347527));
#5495=CARTESIAN_POINT('Ctrl Pts',(-14.6248731884775,13.716954590473,23.8262767065298));
#5496=CARTESIAN_POINT('Ctrl Pts',(-14.2365896656971,14.0577122141483,22.1450483598979));
#5497=CARTESIAN_POINT('Ctrl Pts',(-14.0902747038806,14.3201101050574,21.3172354315282));
#5498=CARTESIAN_POINT('Ctrl Pts',(-14.0902747038806,14.639,20.5699878348137));
#5499=CARTESIAN_POINT('',(-14.0902747038806,14.639,26.11525));
#5500=CARTESIAN_POINT('Origin',(-15.0902747038806,9.93475000000001,14.));
#5501=CARTESIAN_POINT('',(-15.0902747038806,25.0560606821989,13.));
#5502=CARTESIAN_POINT('',(-14.8217440602906,25.1439625612221,13.0367288577699));
#5503=CARTESIAN_POINT('Ctrl Pts',(-14.8217440602911,25.1439625612219,13.0367288577698));
#5504=CARTESIAN_POINT('Ctrl Pts',(-14.9104257295968,25.1121319136579,13.0120071104972));
#5505=CARTESIAN_POINT('Ctrl Pts',(-15.0019936932133,25.0822214830731,13.));
#5506=CARTESIAN_POINT('Ctrl Pts',(-15.0902747038806,25.0560606821989,13.));
#5507=CARTESIAN_POINT('',(-15.0902747038806,9.93475000000001,13.));
#5508=CARTESIAN_POINT('',(-14.0902747038806,21.2089878348137,14.));
#5509=CARTESIAN_POINT('',(-14.0902747038806,9.93475000000001,14.));
#5510=CARTESIAN_POINT('Ctrl Pts',(-14.0902747038806,21.2089878348137,14.));
#5511=CARTESIAN_POINT('Ctrl Pts',(-14.0902747038806,21.9562354315282,13.6811101050574));
#5512=CARTESIAN_POINT('Ctrl Pts',(-14.2365896656971,22.7840483598979,13.4187122141483));
#5513=CARTESIAN_POINT('Ctrl Pts',(-14.5480809977993,24.1327742947776,13.1453474178198));
#5514=CARTESIAN_POINT('Ctrl Pts',(-14.6840762359536,24.6452230528643,13.0751064524576));
#5515=CARTESIAN_POINT('Ctrl Pts',(-14.8217440602913,25.1439625612219,13.0367288577698));
#5516=CARTESIAN_POINT('Origin',(-5.77350269189624,14.639,14.));
#5517=CARTESIAN_POINT('',(-5.77350269189624,14.639,13.));
#5518=CARTESIAN_POINT('Origin',(-14.0902747038806,19.8695,19.2305));
#5519=CARTESIAN_POINT('',(-14.0902747038806,25.475,13.));
#5520=CARTESIAN_POINT('',(-14.0902747038806,25.475,13.0156837725994));
#5521=CARTESIAN_POINT('',(-14.0902747038806,25.475,0.));
#5522=CARTESIAN_POINT('',(-14.0902747038806,26.1,13.));
#5523=CARTESIAN_POINT('Origin',(-14.0902747038806,26.1,25.461));
#5524=CARTESIAN_POINT('',(-14.0902747038806,26.1,13.));
#5525=CARTESIAN_POINT('Origin',(-14.0902747038806,19.8695,19.2305));
#5526=CARTESIAN_POINT('Origin',(-14.0902747038806,26.1,25.461));
#5527=CARTESIAN_POINT('Origin',(-14.0902747038806,13.639,13.));
#5528=CARTESIAN_POINT('',(14.0902747038807,25.475,13.));
#5529=CARTESIAN_POINT('',(11.6696601125011,26.1,13.));
#5530=CARTESIAN_POINT('Origin',(11.6696601125011,21.1,13.));
#5531=CARTESIAN_POINT('',(14.0902747038807,26.1,13.));
#5532=CARTESIAN_POINT('',(-14.0902747038806,26.1,13.));
#5533=CARTESIAN_POINT('',(14.0902747038807,6.81950000000002,13.));
#5534=CARTESIAN_POINT('Origin',(-14.0902747038806,13.639,13.));
#5535=CARTESIAN_POINT('',(-11.669660112501,26.1,13.));
#5536=CARTESIAN_POINT('Origin',(-11.669660112501,21.1,13.));
#5537=CARTESIAN_POINT('',(-14.0902747038806,26.1,13.));
#5538=CARTESIAN_POINT('Origin',(-14.0902747038806,26.1,25.461));
#5539=CARTESIAN_POINT('',(14.0902747038807,25.475,13.0156837725994));
#5540=CARTESIAN_POINT('Origin',(14.0902747038807,26.1,25.461));
#5541=CARTESIAN_POINT('',(11.6696601125011,26.1,13.));
#5542=CARTESIAN_POINT('Ctrl Pts',(-14.8217440602907,25.1439625612221,13.0367288577698));
#5543=CARTESIAN_POINT('Ctrl Pts',(-14.7462981797342,25.1710424668323,13.0346450813208));
#5544=CARTESIAN_POINT('Ctrl Pts',(-14.6714524446686,25.1999564321195,13.0325089624586));
#5545=CARTESIAN_POINT('Ctrl Pts',(-14.4237145419332,25.3025803834376,13.0253318718827));
#5546=CARTESIAN_POINT('Ctrl Pts',(-14.2541005926238,25.3843578658886,13.020235793037));
#5547=CARTESIAN_POINT('Ctrl Pts',(-14.0902747038803,25.4750000000002,13.0156837725994));
#5548=CARTESIAN_POINT('Ctrl Pts',(14.0902747038804,25.4750000000002,13.0156837725994));
#5549=CARTESIAN_POINT('Ctrl Pts',(14.2519277365677,25.3855600709342,13.0201754186649));
#5550=CARTESIAN_POINT('Ctrl Pts',(14.4191971199934,25.3047601022045,13.0251963901724));
#5551=CARTESIAN_POINT('Ctrl Pts',(14.6667699693863,25.2017674156734,13.0323752313807));
#5552=CARTESIAN_POINT('Ctrl Pts',(14.7439383793596,25.1718894735997,13.0345799048472));
#5553=CARTESIAN_POINT('Ctrl Pts',(14.8217440602907,25.1439625612221,13.0367288577698));
#5554=CARTESIAN_POINT('Origin',(14.0902747038807,2.29124678047995E-14,19.2305));
#5555=CARTESIAN_POINT('',(14.0902747038807,25.475,0.));
#5556=CARTESIAN_POINT('Origin',(-14.0902747038806,-26.1,13.));
#5557=CARTESIAN_POINT('',(11.6696601125011,-26.1,13.));
#5558=CARTESIAN_POINT('Origin',(11.6696601125011,-21.1,13.));
#5559=CARTESIAN_POINT('',(-14.0902747038806,-26.1,13.));
#5560=CARTESIAN_POINT('Origin',(-14.0902747038806,-26.1,13.));
#5561=CARTESIAN_POINT('',(-14.0902747038806,-25.475,13.));
#5562=CARTESIAN_POINT('',(-11.669660112501,-26.1,13.));
#5563=CARTESIAN_POINT('Origin',(-11.669660112501,-21.1,13.));
#5564=CARTESIAN_POINT('',(-14.0902747038806,-26.1,13.));
#5565=CARTESIAN_POINT('',(-14.0902747038806,-26.1,13.));
#5566=CARTESIAN_POINT('',(-14.0902747038806,-13.639,13.));
#5567=CARTESIAN_POINT('Origin',(-14.0902747038806,-19.8695,19.2305));
#5568=CARTESIAN_POINT('',(-14.0902747038806,-25.475,13.0156837725994));
#5569=CARTESIAN_POINT('',(-14.0902747038806,-25.475,0.));
#5570=CARTESIAN_POINT('Origin',(-14.0902747038806,-26.1,25.461));
#5571=CARTESIAN_POINT('Origin',(-14.0902747038806,-26.1,25.461));
#5572=CARTESIAN_POINT('Ctrl Pts',(-14.0902747038803,-25.4750000000002,13.0156837725994));
#5573=CARTESIAN_POINT('Ctrl Pts',(-14.2519277365676,-25.3855600709342,13.0201754186649));
#5574=CARTESIAN_POINT('Ctrl Pts',(-14.4191971199933,-25.3047601022044,13.0251963901724));
#5575=CARTESIAN_POINT('Ctrl Pts',(-14.6667699693862,-25.2017674156734,13.0323752313807));
#5576=CARTESIAN_POINT('Ctrl Pts',(-14.7439383793595,-25.1718894735997,13.0345799048472));
#5577=CARTESIAN_POINT('Ctrl Pts',(-14.8217440602906,-25.1439625612221,13.0367288577698));
#5578=CARTESIAN_POINT('',(-11.669660112501,-26.1,13.));
#5579=CARTESIAN_POINT('Ctrl Pts',(14.8217440602907,-25.1439625612221,13.0367288577698));
#5580=CARTESIAN_POINT('Ctrl Pts',(14.7439383793596,-25.1718894735996,13.0345799048471));
#5581=CARTESIAN_POINT('Ctrl Pts',(14.6667699693863,-25.2017674156733,13.0323752313806));
#5582=CARTESIAN_POINT('Ctrl Pts',(14.4191971199934,-25.3047601022044,13.0251963901724));
#5583=CARTESIAN_POINT('Ctrl Pts',(14.2519277365677,-25.3855600709342,13.0201754186649));
#5584=CARTESIAN_POINT('Ctrl Pts',(14.0902747038804,-25.4750000000002,13.0156837725994));
#5585=CARTESIAN_POINT('Origin',(3.10862446895044E-14,1.55431223447522E-14,
13.));
#5586=CARTESIAN_POINT('',(16.5108892952603,-24.85,13.));
#5587=CARTESIAN_POINT('Origin',(16.5108892952603,-29.85,13.));
#5588=CARTESIAN_POINT('',(22.85,-24.85,13.));
#5589=CARTESIAN_POINT('',(-27.85,-24.85,13.));
#5590=CARTESIAN_POINT('Origin',(22.85,-19.85,13.));
#5591=CARTESIAN_POINT('',(25.25,-19.85,13.));
#5592=CARTESIAN_POINT('Origin',(22.85,-19.85,13.));
#5593=CARTESIAN_POINT('Origin',(-38.337604307034,-13.139,48.5));
#5594=CARTESIAN_POINT('',(-39.567104307034,-12.639,48.5));
#5595=CARTESIAN_POINT('',(-40.067104307034,-13.139,48.5));
#5596=CARTESIAN_POINT('Origin',(-38.337604307034,-12.639,48.5));
#5597=CARTESIAN_POINT('Origin',(-38.337604307034,-20.761,48.5));
#5598=CARTESIAN_POINT('',(-38.337604307034,-5.4212976294307,49.7295));
#5599=CARTESIAN_POINT('',(-39.5641856718022,-5.21911113856237,48.5007353109864));
#5600=CARTESIAN_POINT('Ctrl Pts',(-38.337604307034,-5.4212976294307,49.7295));
#5601=CARTESIAN_POINT('Ctrl Pts',(-38.5480081584634,-5.4212976294307,49.7295));
#5602=CARTESIAN_POINT('Ctrl Pts',(-38.9656999227616,-5.40413021715974,49.6187119949498));
#5603=CARTESIAN_POINT('Ctrl Pts',(-39.4570208135526,-5.33002298276884,49.1476371258463));
#5604=CARTESIAN_POINT('Ctrl Pts',(-39.5636639258729,-5.25818580079351,48.7241138459969));
#5605=CARTESIAN_POINT('Ctrl Pts',(-39.5641526702824,-5.21911013381336,48.5007436252766));
#5606=CARTESIAN_POINT('Ctrl Pts',(-39.5641526702824,-5.21911013381336,48.5007436252766));
#5607=CARTESIAN_POINT('Ctrl Pts',(-39.5644879399729,-5.19230494377427,48.3475157553973));
#5608=CARTESIAN_POINT('Ctrl Pts',(-39.4722903538161,-5.09946093915228,47.8281553606424));
#5609=CARTESIAN_POINT('Ctrl Pts',(-38.8314985447322,-4.97984832019062,47.2389790691003));
#5610=CARTESIAN_POINT('Ctrl Pts',(-37.8436417537834,-4.97987907654459,47.2388319784776));
#5611=CARTESIAN_POINT('Ctrl Pts',(-37.0449464861567,-5.12892869449962,47.9733848316209));
#5612=CARTESIAN_POINT('Ctrl Pts',(-37.0927175009624,-5.31110043112533,49.0273093041589));
#5613=CARTESIAN_POINT('Ctrl Pts',(-37.7095022198494,-5.40412902221219,49.6187175350719));
#5614=CARTESIAN_POINT('Ctrl Pts',(-38.1272004556047,-5.4212976294307,49.7295));
#5615=CARTESIAN_POINT('Ctrl Pts',(-38.337604307034,-5.4212976294307,49.7295));
#5616=CARTESIAN_POINT('',(-39.567104307034,-20.761,48.5));
#5617=CARTESIAN_POINT('Origin',(-28.187319986672,-13.139,48.5));
#5618=CARTESIAN_POINT('',(-29.416819986672,-12.639,48.5));
#5619=CARTESIAN_POINT('',(-29.916819986672,-13.139,48.5));
#5620=CARTESIAN_POINT('Origin',(-28.187319986672,-12.639,48.5));
#5621=CARTESIAN_POINT('Origin',(-28.187319986672,-20.761,48.5));
#5622=CARTESIAN_POINT('',(-28.187319986672,-5.42129762943069,49.7295));
#5623=CARTESIAN_POINT('',(-29.4139271723427,-5.21911175336307,48.5007272411518));
#5624=CARTESIAN_POINT('Ctrl Pts',(-28.187319986672,-5.42129762943069,49.7295));
#5625=CARTESIAN_POINT('Ctrl Pts',(-28.3977238381014,-5.42129762943069,49.7295));
#5626=CARTESIAN_POINT('Ctrl Pts',(-28.8154118265038,-5.40413095224922,49.6187238590705));
#5627=CARTESIAN_POINT('Ctrl Pts',(-29.3067765607898,-5.33002561887007,49.1476354336326));
#5628=CARTESIAN_POINT('Ctrl Pts',(-29.4134126603637,-5.25818710488838,48.7241072074054));
#5629=CARTESIAN_POINT('Ctrl Pts',(-29.4138940138929,-5.21911074187239,48.5007355770443));
#5630=CARTESIAN_POINT('Ctrl Pts',(-29.4138940138929,-5.21911074187239,48.5007355770443));
#5631=CARTESIAN_POINT('Ctrl Pts',(-29.4142242135753,-5.1923050743655,48.3475067401774));
#5632=CARTESIAN_POINT('Ctrl Pts',(-29.3220032619996,-5.09945946222583,47.8281450751613));
#5633=CARTESIAN_POINT('Ctrl Pts',(-28.6811854010257,-4.97984965146555,47.2389788225753));
#5634=CARTESIAN_POINT('Ctrl Pts',(-27.6933789128906,-4.97988038668993,47.2388452510944));
#5635=CARTESIAN_POINT('Ctrl Pts',(-26.8946664155378,-5.12892601962496,47.9733705885929));
#5636=CARTESIAN_POINT('Ctrl Pts',(-26.9423811504714,-5.31110362016176,49.0273056091229));
#5637=CARTESIAN_POINT('Ctrl Pts',(-27.5592225011178,-5.4041296934447,49.6187291499514));
#5638=CARTESIAN_POINT('Ctrl Pts',(-27.9769161352427,-5.42129762943069,49.7295));
#5639=CARTESIAN_POINT('Ctrl Pts',(-28.187319986672,-5.42129762943069,49.7295));
#5640=CARTESIAN_POINT('',(-29.416819986672,-20.761,48.5));
#5641=CARTESIAN_POINT('Origin',(-18.0370356663101,-13.139,48.5));
#5642=CARTESIAN_POINT('',(-19.2665356663101,-12.639,48.5));
#5643=CARTESIAN_POINT('',(-19.7665356663101,-13.139,48.5));
#5644=CARTESIAN_POINT('Origin',(-18.0370356663101,-12.639,48.5));
#5645=CARTESIAN_POINT('Origin',(-18.0370356663101,-20.761,48.5));
#5646=CARTESIAN_POINT('',(-18.0370356663101,-5.42129762943069,49.7295));
#5647=CARTESIAN_POINT('',(-19.2636698543137,-5.21911234280462,48.5007187578937));
#5648=CARTESIAN_POINT('Ctrl Pts',(-18.0370356663101,-5.42129762943069,49.7295));
#5649=CARTESIAN_POINT('Ctrl Pts',(-18.2474395177394,-5.42129762943069,49.7295));
#5650=CARTESIAN_POINT('Ctrl Pts',(-18.6651213384187,-5.40413171310482,49.6187379784102));
#5651=CARTESIAN_POINT('Ctrl Pts',(-19.1565382126552,-5.33002866736029,49.1476334850579));
#5652=CARTESIAN_POINT('Ctrl Pts',(-19.2631658654961,-5.25818857347744,48.7240997742053));
#5653=CARTESIAN_POINT('Ctrl Pts',(-19.2636384856904,-5.21911138334803,48.5007266252784));
#5654=CARTESIAN_POINT('Ctrl Pts',(-19.2636384856904,-5.21911138334803,48.5007266252784));
#5655=CARTESIAN_POINT('Ctrl Pts',(-19.2639626944654,-5.19230514845652,48.3474967467033));
#5656=CARTESIAN_POINT('Ctrl Pts',(-19.1717142749037,-5.09945762346772,47.8281338510281));
#5657=CARTESIAN_POINT('Ctrl Pts',(-18.5308680382305,-4.97985115177748,47.2389783732264));
#5658=CARTESIAN_POINT('Ctrl Pts',(-17.5431193711329,-4.97988186065352,47.2388604881794));
#5659=CARTESIAN_POINT('Ctrl Pts',(-16.7443890383396,-5.12892279896893,47.9733543301849));
#5660=CARTESIAN_POINT('Ctrl Pts',(-16.7920363638364,-5.31110734977671,49.0273012523901));
#5661=CARTESIAN_POINT('Ctrl Pts',(-17.40894530922,-5.40413038183954,49.6187429033184));
#5662=CARTESIAN_POINT('Ctrl Pts',(-17.8266318148807,-5.42129762943069,49.7295));
#5663=CARTESIAN_POINT('Ctrl Pts',(-18.0370356663101,-5.42129762943069,49.7295));
#5664=CARTESIAN_POINT('',(-19.2665356663101,-20.761,48.5));
#5665=CARTESIAN_POINT('Origin',(-7.8867513459481,-13.139,48.5));
#5666=CARTESIAN_POINT('',(-9.1162513459481,-12.639,48.5));
#5667=CARTESIAN_POINT('',(-9.6162513459481,-13.139,48.5));
#5668=CARTESIAN_POINT('Origin',(-7.8867513459481,-12.639,48.5));
#5669=CARTESIAN_POINT('Origin',(-7.8867513459481,-20.761,48.5));
#5670=CARTESIAN_POINT('',(-7.8867513459481,-5.42129762943069,49.7295));
#5671=CARTESIAN_POINT('',(-9.11341621327885,-5.21911296775291,48.5007092213413));
#5672=CARTESIAN_POINT('Ctrl Pts',(-7.8867513459481,-5.42129762943069,49.7295));
#5673=CARTESIAN_POINT('Ctrl Pts',(-8.09715519737746,-5.42129762943069,49.7295));
#5674=CARTESIAN_POINT('Ctrl Pts',(-8.51482733478035,-5.4041324801696,49.6187550420369));
#5675=CARTESIAN_POINT('Ctrl Pts',(-9.00630739528861,-5.33003224794231,49.1476311444897));
#5676=CARTESIAN_POINT('Ctrl Pts',(-9.11292470658574,-5.25819025384631,48.7240913378716));
#5677=CARTESIAN_POINT('Ctrl Pts',(-9.11338684173586,-5.219112066133,48.5007165687665));
#5678=CARTESIAN_POINT('Ctrl Pts',(-9.11338684173586,-5.219112066133,48.5007165687665));
#5679=CARTESIAN_POINT('Ctrl Pts',(-9.1137038579631,-5.19230514691725,48.3474855787787));
#5680=CARTESIAN_POINT('Ctrl Pts',(-9.0214226380524,-5.09945531014728,47.8281215856452));
#5681=CARTESIAN_POINT('Ctrl Pts',(-8.38054557788097,-4.97985287317051,47.2389775807806));
#5682=CARTESIAN_POINT('Ctrl Pts',(-7.39286378307442,-4.97988354622072,47.2388781693669));
#5683=CARTESIAN_POINT('Ctrl Pts',(-6.59411546999121,-5.12891886903745,47.9733355965964));
#5684=CARTESIAN_POINT('Ctrl Pts',(-6.64168061280825,-5.31111178590242,49.0272960035594));
#5685=CARTESIAN_POINT('Ctrl Pts',(-7.25867182196379,-5.40413106452918,49.6187594378698));
#5686=CARTESIAN_POINT('Ctrl Pts',(-7.67634749451874,-5.42129762943069,49.7295));
#5687=CARTESIAN_POINT('Ctrl Pts',(-7.8867513459481,-5.42129762943069,49.7295));
#5688=CARTESIAN_POINT('',(-9.1162513459481,-20.761,48.5));
#5689=CARTESIAN_POINT('Origin',(2.26353297441387,-13.139,48.5));
#5690=CARTESIAN_POINT('',(1.03403297441387,-12.639,48.5));
#5691=CARTESIAN_POINT('',(0.534032974413868,-13.139,48.5));
#5692=CARTESIAN_POINT('Origin',(2.26353297441387,-12.639,48.5));
#5693=CARTESIAN_POINT('Origin',(2.26353297441387,-20.761,48.5));
#5694=CARTESIAN_POINT('',(2.26353297441387,-5.42129762943069,49.7295));
#5695=CARTESIAN_POINT('',(1.03684916851344,-5.21911333326799,48.5007033901763));
#5696=CARTESIAN_POINT('Ctrl Pts',(2.26353297441387,-5.42129762943069,49.7295));
#5697=CARTESIAN_POINT('Ctrl Pts',(2.05312912298451,-5.42129762943069,49.7295));
#5698=CARTESIAN_POINT('Ctrl Pts',(1.63546448104454,-5.40413289426378,49.6187661130409));
#5699=CARTESIAN_POINT('Ctrl Pts',(1.14394321970856,-5.33003452144366,49.1476295977604));
#5700=CARTESIAN_POINT('Ctrl Pts',(1.0373326940142,-5.25819130034002,48.7240861256053));
#5701=CARTESIAN_POINT('Ctrl Pts',(1.03687733202501,-5.21911246657253,48.5007104244703));
#5702=CARTESIAN_POINT('Ctrl Pts',(1.03687733202501,-5.21911246657253,48.5007104244703));
#5703=CARTESIAN_POINT('Ctrl Pts',(1.0365649620618,-5.19230510417547,48.3474787951272));
#5704=CARTESIAN_POINT('Ctrl Pts',(1.12886727761682,-5.09945376706843,47.8281143109222));
#5705=CARTESIAN_POINT('Ctrl Pts',(1.76976244864816,-4.97985394861511,47.2389769126441));
#5706=CARTESIAN_POINT('Ctrl Pts',(2.75740264332033,-4.97988459505918,47.238889249046));
#5707=CARTESIAN_POINT('Ctrl Pts',(3.55616065172666,-5.12891630406813,47.9733239384937));
#5708=CARTESIAN_POINT('Ctrl Pts',(3.50864930072395,-5.31111463289359,49.0272925879561));
#5709=CARTESIAN_POINT('Ctrl Pts',(2.89160425318564,-5.40413142490507,49.6187701197009));
#5710=CARTESIAN_POINT('Ctrl Pts',(2.47393682584323,-5.42129762943069,49.7295));
#5711=CARTESIAN_POINT('Ctrl Pts',(2.26353297441387,-5.42129762943069,49.7295));
#5712=CARTESIAN_POINT('',(1.03403297441387,-20.761,48.5));
#5713=CARTESIAN_POINT('Origin',(12.4138172947758,-13.139,48.5));
#5714=CARTESIAN_POINT('',(11.1843172947758,-12.639,48.5));
#5715=CARTESIAN_POINT('',(10.6843172947758,-13.139,48.5));
#5716=CARTESIAN_POINT('Origin',(12.4138172947758,-12.639,48.5));
#5717=CARTESIAN_POINT('Origin',(12.4138172947758,-20.761,48.5));
#5718=CARTESIAN_POINT('',(12.4138172947758,-5.42129762943069,49.7295));
#5719=CARTESIAN_POINT('',(11.1871666219164,-5.21911268403224,48.5007136199004));
#5720=CARTESIAN_POINT('Ctrl Pts',(12.4138172947758,-5.42129762943069,49.7295));
#5721=CARTESIAN_POINT('Ctrl Pts',(12.2034134433465,-5.42129762943069,49.7295));
#5722=CARTESIAN_POINT('Ctrl Pts',(11.7857364581083,-5.40413213922271,49.6187470126964));
#5723=CARTESIAN_POINT('Ctrl Pts',(11.2942861680112,-5.3300305756796,49.147632248924));
#5724=CARTESIAN_POINT('Ctrl Pts',(11.1876639727553,-5.25818947441205,48.7240952411795));
#5725=CARTESIAN_POINT('Ctrl Pts',(11.1871969118519,-5.21911175583631,48.5007212060777));
#5726=CARTESIAN_POINT('Ctrl Pts',(11.1871969118519,-5.21911175583631,48.5007212060777));
#5727=CARTESIAN_POINT('Ctrl Pts',(11.1868765166484,-5.19230515844033,48.3474907196027));
#5728=CARTESIAN_POINT('Ctrl Pts',(11.2791423499513,-5.09945640953974,47.8281271907675));
#5729=CARTESIAN_POINT('Ctrl Pts',(11.9200053587046,-4.97985207392561,47.2389779888729));
#5730=CARTESIAN_POINT('Ctrl Pts',(12.9077182072926,-4.9798827645182,47.2388699443677));
#5731=CARTESIAN_POINT('Ctrl Pts',(13.7064585295803,-5.12892072244798,47.9733442924262));
#5732=CARTESIAN_POINT('Ctrl Pts',(13.6588546111599,-5.31110970671934,49.0272984738754));
#5733=CARTESIAN_POINT('Ctrl Pts',(13.0419022074956,-5.40413076296752,49.6187516685806));
#5734=CARTESIAN_POINT('Ctrl Pts',(12.6242211462052,-5.42129762943069,49.7295));
#5735=CARTESIAN_POINT('Ctrl Pts',(12.4138172947758,-5.42129762943069,49.7295));
#5736=CARTESIAN_POINT('',(11.1843172947758,-20.761,48.5));
#5737=CARTESIAN_POINT('Origin',(22.5641016151378,-13.139,48.5));
#5738=CARTESIAN_POINT('',(21.3346016151378,-12.639,48.5));
#5739=CARTESIAN_POINT('',(20.8346016151378,-13.139,48.5));
#5740=CARTESIAN_POINT('Origin',(22.5641016151378,-12.639,48.5));
#5741=CARTESIAN_POINT('Origin',(22.5641016151378,-20.761,48.5));
#5742=CARTESIAN_POINT('',(22.5641016151378,-5.42129762943068,49.7295));
#5743=CARTESIAN_POINT('',(21.3374798757743,-5.21911207601997,48.5007226586363));
#5744=CARTESIAN_POINT('Ctrl Pts',(22.5641016151378,-5.42129762943068,49.7295));
#5745=CARTESIAN_POINT('Ctrl Pts',(22.3536977637084,-5.42129762943068,49.7295));
#5746=CARTESIAN_POINT('Ctrl Pts',(21.9360128363628,-5.40413137149271,49.6187313641106));
#5747=CARTESIAN_POINT('Ctrl Pts',(21.4446203929629,-5.33002725009799,49.14763439278));
#5748=CARTESIAN_POINT('Ctrl Pts',(21.3379887702788,-5.25818789553877,48.7241031992169));
#5749=CARTESIAN_POINT('Ctrl Pts',(21.3375120664173,-5.21911109269538,48.5007307408946));
#5750=CARTESIAN_POINT('Ctrl Pts',(21.3375120664173,-5.21911109269538,48.5007307408946));
#5751=CARTESIAN_POINT('Ctrl Pts',(21.3371850563215,-5.19230512347497,48.3475013360615));
#5752=CARTESIAN_POINT('Ctrl Pts',(21.4294206498041,-5.09945849454901,47.8281389797319));
#5753=CARTESIAN_POINT('Ctrl Pts',(22.070253932921,-4.97985045885799,47.2389786060174));
#5754=CARTESIAN_POINT('Ctrl Pts',(23.0580294084937,-4.97988118034318,47.2388534223681));
#5755=CARTESIAN_POINT('Ctrl Pts',(23.8567517330332,-5.12892431196362,47.9733618570642));
#5756=CARTESIAN_POINT('Ctrl Pts',(23.8090727669419,-5.31110561036241,49.0273032897906));
#5757=CARTESIAN_POINT('Ctrl Pts',(23.1921955269062,-5.4041300737848,49.6187364691512));
#5758=CARTESIAN_POINT('Ctrl Pts',(22.7745054665672,-5.42129762943068,49.7295));
#5759=CARTESIAN_POINT('Ctrl Pts',(22.5641016151378,-5.42129762943068,49.7295));
#5760=CARTESIAN_POINT('',(21.3346016151378,-20.761,48.5));
#5761=CARTESIAN_POINT('Ctrl Pts',(-38.337604307034,-4.59553708540425,50.7142033116538));
#5762=CARTESIAN_POINT('Ctrl Pts',(-38.6734606547121,-4.59553708540425,50.7142033116538));
#5763=CARTESIAN_POINT('Ctrl Pts',(-39.3431024905369,-4.56822934655907,50.5598753454399));
#5764=CARTESIAN_POINT('Ctrl Pts',(-40.417381404408,-4.4176519704543,49.7088967879022));
#5765=CARTESIAN_POINT('Ctrl Pts',(-40.8232629412539,-4.10586420104597,47.9468478458065));
#5766=CARTESIAN_POINT('Ctrl Pts',(-39.4566895382382,-3.79955068529665,46.2157363034905));
#5767=CARTESIAN_POINT('Ctrl Pts',(-37.2186016019408,-3.79985795741051,46.2174728324896));
#5768=CARTESIAN_POINT('Ctrl Pts',(-35.8520195491459,-4.10578188478612,47.9463826406483));
#5769=CARTESIAN_POINT('Ctrl Pts',(-36.2578154869862,-4.41769092200698,49.709116920149));
#5770=CARTESIAN_POINT('Ctrl Pts',(-37.3321139141987,-4.56821759487981,50.5598089315647));
#5771=CARTESIAN_POINT('Ctrl Pts',(-38.001747959356,-4.59553708540425,50.7142033116538));
#5772=CARTESIAN_POINT('Ctrl Pts',(-38.337604307034,-4.59553708540425,50.7142033116538));
#5773=CARTESIAN_POINT('Ctrl Pts',(-38.337604307034,-4.87079060007973,50.3859688744359));
#5774=CARTESIAN_POINT('Ctrl Pts',(-38.6316431559625,-4.87079060007973,50.3859688744359));
#5775=CARTESIAN_POINT('Ctrl Pts',(-39.2173016346118,-4.84686297009263,50.2461542286098));
#5776=CARTESIAN_POINT('Ctrl Pts',(-40.1390878906896,-4.71546681154591,49.4817071165553));
#5777=CARTESIAN_POINT('Ctrl Pts',(-40.4255755540302,-4.44688849921625,47.9556806193196));
#5778=CARTESIAN_POINT('Ctrl Pts',(-39.2482925404029,-4.19298323026131,46.5568172253604));
#5779=CARTESIAN_POINT('Ctrl Pts',(-37.4269483192216,-4.1931983304552,46.5579258811523));
#5780=CARTESIAN_POINT('Ctrl Pts',(-36.2496618614828,-4.44683082135728,47.9553833709725));
#5781=CARTESIAN_POINT('Ctrl Pts',(-36.5361161583116,-4.7154940917131,49.481847714819));
#5782=CARTESIAN_POINT('Ctrl Pts',(-37.4579100160823,-4.84685473732394,50.2461117994004));
#5783=CARTESIAN_POINT('Ctrl Pts',(-38.0435654581055,-4.87079060007973,50.3859688744359));
#5784=CARTESIAN_POINT('Ctrl Pts',(-38.337604307034,-4.87079060007973,50.3859688744359));
#5785=CARTESIAN_POINT('Ctrl Pts',(-38.337604307034,-5.14604411475521,50.0577344372179));
#5786=CARTESIAN_POINT('Ctrl Pts',(-38.5898256572129,-5.14604411475521,50.0577344372179));
#5787=CARTESIAN_POINT('Ctrl Pts',(-39.0915007786867,-5.12549659362618,49.9324331117798));
#5788=CARTESIAN_POINT('Ctrl Pts',(-39.8607943769713,-5.01328165263752,49.2545174452083));
#5789=CARTESIAN_POINT('Ctrl Pts',(-40.0278881668064,-4.78791279738652,47.9645133928327));
#5790=CARTESIAN_POINT('Ctrl Pts',(-39.0398955425675,-4.58641577522597,46.8978981472304));
#5791=CARTESIAN_POINT('Ctrl Pts',(-37.6352950365025,-4.58653870349989,46.898378929815));
#5792=CARTESIAN_POINT('Ctrl Pts',(-36.6473041738198,-4.78787975792845,47.9643841012967));
#5793=CARTESIAN_POINT('Ctrl Pts',(-36.814416829637,-5.01329726141921,49.2545785094889));
#5794=CARTESIAN_POINT('Ctrl Pts',(-37.5837061179658,-5.12549187976806,49.9324146672361));
#5795=CARTESIAN_POINT('Ctrl Pts',(-38.0853829568551,-5.14604411475521,50.0577344372179));
#5796=CARTESIAN_POINT('Ctrl Pts',(-38.337604307034,-5.14604411475521,50.0577344372179));
#5797=CARTESIAN_POINT('Ctrl Pts',(-38.337604307034,-5.4212976294307,49.7295));
#5798=CARTESIAN_POINT('Ctrl Pts',(-38.5480081584634,-5.4212976294307,49.7295));
#5799=CARTESIAN_POINT('Ctrl Pts',(-38.9656999227616,-5.40413021715974,49.6187119949498));
#5800=CARTESIAN_POINT('Ctrl Pts',(-39.582500863253,-5.31109649372914,49.0273277738614));
#5801=CARTESIAN_POINT('Ctrl Pts',(-39.6302007795827,-5.12893709555679,47.9733461663457));
#5802=CARTESIAN_POINT('Ctrl Pts',(-38.8314985447322,-4.97984832019062,47.2389790691003));
#5803=CARTESIAN_POINT('Ctrl Pts',(-37.8436417537834,-4.97987907654459,47.2388319784776));
#5804=CARTESIAN_POINT('Ctrl Pts',(-37.0449464861567,-5.12892869449962,47.9733848316209));
#5805=CARTESIAN_POINT('Ctrl Pts',(-37.0927175009624,-5.31110043112533,49.0273093041589));
#5806=CARTESIAN_POINT('Ctrl Pts',(-37.7095022198494,-5.40412902221219,49.6187175350719));
#5807=CARTESIAN_POINT('Ctrl Pts',(-38.1272004556047,-5.4212976294307,49.7295));
#5808=CARTESIAN_POINT('Ctrl Pts',(-38.337604307034,-5.4212976294307,49.7295));
#5809=CARTESIAN_POINT('',(-38.337604307034,-4.59553708540425,50.7142033116538));
#5810=CARTESIAN_POINT('Ctrl Pts',(-28.1873199866721,-4.59553708540425,50.7142033116538));
#5811=CARTESIAN_POINT('Ctrl Pts',(-28.5231763343501,-4.59553708540425,50.7142033116538));
#5812=CARTESIAN_POINT('Ctrl Pts',(-29.1928214600249,-4.56823178073321,50.5598891020217));
#5813=CARTESIAN_POINT('Ctrl Pts',(-30.2671230671961,-4.41765398606063,49.7089081789745));
#5814=CARTESIAN_POINT('Ctrl Pts',(-30.6729835303568,-4.10586842001534,47.9468716890462));
#5815=CARTESIAN_POINT('Ctrl Pts',(-29.3064304331321,-3.79955632339169,46.2157681668295));
#5816=CARTESIAN_POINT('Ctrl Pts',(-27.0683007528738,-3.79984908423636,46.2174226863048));
#5817=CARTESIAN_POINT('Ctrl Pts',(-25.701720672274,-4.10578520817579,47.9464014225757));
#5818=CARTESIAN_POINT('Ctrl Pts',(-26.107506127977,-4.41769171246349,49.7091213873641));
#5819=CARTESIAN_POINT('Ctrl Pts',(-27.1818252950915,-4.56821998208085,50.559822422681));
#5820=CARTESIAN_POINT('Ctrl Pts',(-27.851463638994,-4.59553708540425,50.7142033116538));
#5821=CARTESIAN_POINT('Ctrl Pts',(-28.1873199866721,-4.59553708540425,50.7142033116538));
#5822=CARTESIAN_POINT('Ctrl Pts',(-28.1873199866721,-4.87079060007973,50.3859688744359));
#5823=CARTESIAN_POINT('Ctrl Pts',(-28.4813588356005,-4.87079060007973,50.3859688744359));
#5824=CARTESIAN_POINT('Ctrl Pts',(-29.0670182488512,-4.84686483790522,50.2461673543713));
#5825=CARTESIAN_POINT('Ctrl Pts',(-29.9888379807387,-4.71546919581908,49.4817129924667));
#5826=CARTESIAN_POINT('Ctrl Pts',(-30.275295722817,-4.44689058887851,47.9556922616852));
#5827=CARTESIAN_POINT('Ctrl Pts',(-29.09801542243,-4.19298743274964,46.5568383854114));
#5828=CARTESIAN_POINT('Ctrl Pts',(-27.2766601395461,-4.19319285172089,46.557896874568));
#5829=CARTESIAN_POINT('Ctrl Pts',(-26.0993692533619,-4.44683214532551,47.9553911445814));
#5830=CARTESIAN_POINT('Ctrl Pts',(-26.3857978021418,-4.71549568169625,49.4818494612837));
#5831=CARTESIAN_POINT('Ctrl Pts',(-27.3076243637669,-4.84685655253546,50.2461246651044));
#5832=CARTESIAN_POINT('Ctrl Pts',(-27.8932811377436,-4.87079060007973,50.3859688744359));
#5833=CARTESIAN_POINT('Ctrl Pts',(-28.1873199866721,-4.87079060007973,50.3859688744359));
#5834=CARTESIAN_POINT('Ctrl Pts',(-28.187319986672,-5.14604411475521,50.0577344372179));
#5835=CARTESIAN_POINT('Ctrl Pts',(-28.439541336851,-5.14604411475521,50.0577344372179));
#5836=CARTESIAN_POINT('Ctrl Pts',(-28.9412150376775,-5.12549789507722,49.9324456067209));
#5837=CARTESIAN_POINT('Ctrl Pts',(-29.7105528942813,-5.01328440557753,49.2545178059589));
#5838=CARTESIAN_POINT('Ctrl Pts',(-29.8776079152772,-4.78791275774167,47.9645128343241));
#5839=CARTESIAN_POINT('Ctrl Pts',(-28.8896004117279,-4.5864185421076,46.8979086039934));
#5840=CARTESIAN_POINT('Ctrl Pts',(-27.4850195262183,-4.58653661920541,46.8983710628312));
#5841=CARTESIAN_POINT('Ctrl Pts',(-26.4970178344499,-4.78787908247524,47.9643808665871));
#5842=CARTESIAN_POINT('Ctrl Pts',(-26.6640894763065,-5.013299650929,49.2545775352033));
#5843=CARTESIAN_POINT('Ctrl Pts',(-27.4334234324424,-5.12549312299008,49.9324269075279));
#5844=CARTESIAN_POINT('Ctrl Pts',(-27.9350986364931,-5.14604411475521,50.0577344372179));
#5845=CARTESIAN_POINT('Ctrl Pts',(-28.187319986672,-5.14604411475521,50.0577344372179));
#5846=CARTESIAN_POINT('Ctrl Pts',(-28.187319986672,-5.42129762943069,49.7295));
#5847=CARTESIAN_POINT('Ctrl Pts',(-28.3977238381014,-5.42129762943069,49.7295));
#5848=CARTESIAN_POINT('Ctrl Pts',(-28.8154118265038,-5.40413095224922,49.6187238590705));
#5849=CARTESIAN_POINT('Ctrl Pts',(-29.4322678078238,-5.31109961533598,49.027322619451));
#5850=CARTESIAN_POINT('Ctrl Pts',(-29.4799201077374,-5.12893492660483,47.9733334069631));
#5851=CARTESIAN_POINT('Ctrl Pts',(-28.6811854010257,-4.97984965146555,47.2389788225753));
#5852=CARTESIAN_POINT('Ctrl Pts',(-27.6933789128906,-4.97988038668993,47.2388452510944));
#5853=CARTESIAN_POINT('Ctrl Pts',(-26.8946664155378,-5.12892601962496,47.9733705885929));
#5854=CARTESIAN_POINT('Ctrl Pts',(-26.9423811504714,-5.31110362016176,49.0273056091229));
#5855=CARTESIAN_POINT('Ctrl Pts',(-27.5592225011178,-5.4041296934447,49.6187291499514));
#5856=CARTESIAN_POINT('Ctrl Pts',(-27.9769161352427,-5.42129762943069,49.7295));
#5857=CARTESIAN_POINT('Ctrl Pts',(-28.187319986672,-5.42129762943069,49.7295));
#5858=CARTESIAN_POINT('',(-28.1873199866721,-4.59553708540425,50.7142033116538));
#5859=CARTESIAN_POINT('Ctrl Pts',(-18.0370356663101,-4.59553708540425,50.7142033116538));
#5860=CARTESIAN_POINT('Ctrl Pts',(-18.3728920139881,-4.59553708540425,50.7142033116538));
#5861=CARTESIAN_POINT('Ctrl Pts',(-19.0425399421048,-4.56823449880692,50.5599044630441));
#5862=CARTESIAN_POINT('Ctrl Pts',(-20.1168683281108,-4.41765604536904,49.7089198170263));
#5863=CARTESIAN_POINT('Ctrl Pts',(-20.5227016870428,-4.1058726647494,47.9468956778933));
#5864=CARTESIAN_POINT('Ctrl Pts',(-19.1561752057744,-3.7995629143392,46.2158054151543));
#5865=CARTESIAN_POINT('Ctrl Pts',(-16.9179970530839,-3.79983881501529,46.2173646504487));
#5866=CARTESIAN_POINT('Ctrl Pts',(-15.5514225894819,-4.10578925559233,47.9464242962954));
#5867=CARTESIAN_POINT('Ctrl Pts',(-15.9571936684878,-4.41769243738164,49.7091254841935));
#5868=CARTESIAN_POINT('Ctrl Pts',(-17.0315370019347,-4.56822273604475,50.5598379865345));
#5869=CARTESIAN_POINT('Ctrl Pts',(-17.701179318632,-4.59553708540425,50.7142033116538));
#5870=CARTESIAN_POINT('Ctrl Pts',(-18.0370356663101,-4.59553708540425,50.7142033116538));
#5871=CARTESIAN_POINT('Ctrl Pts',(-18.0370356663101,-4.87079060007973,50.3859688744359));
#5872=CARTESIAN_POINT('Ctrl Pts',(-18.3310745152386,-4.87079060007973,50.3859688744359));
#5873=CARTESIAN_POINT('Ctrl Pts',(-18.9167337408761,-4.84686690357289,50.2461823014994));
#5874=CARTESIAN_POINT('Ctrl Pts',(-19.8385931440344,-4.71547177960359,49.4817187337639));
#5875=CARTESIAN_POINT('Ctrl Pts',(-20.1250138291184,-4.44689253149932,47.9557036277949));
#5876=CARTESIAN_POINT('Ctrl Pts',(-18.9477394832598,-4.19299232681862,46.556863067845));
#5877=CARTESIAN_POINT('Ctrl Pts',(-17.1263711591002,-4.1931864968947,46.5578632630256));
#5878=CARTESIAN_POINT('Ctrl Pts',(-15.9490780724345,-4.4468337700512,47.9554009742586));
#5879=CARTESIAN_POINT('Ctrl Pts',(-16.2354745669373,-4.71549740817999,49.481850740259));
#5880=CARTESIAN_POINT('Ctrl Pts',(-17.1573397710298,-4.84685861797635,50.2461396254625));
#5881=CARTESIAN_POINT('Ctrl Pts',(-17.7429968173816,-4.87079060007973,50.3859688744359));
#5882=CARTESIAN_POINT('Ctrl Pts',(-18.0370356663101,-4.87079060007973,50.3859688744359));
#5883=CARTESIAN_POINT('Ctrl Pts',(-18.0370356663101,-5.14604411475521,50.0577344372179));
#5884=CARTESIAN_POINT('Ctrl Pts',(-18.289257016489,-5.14604411475521,50.0577344372179));
#5885=CARTESIAN_POINT('Ctrl Pts',(-18.7909275396474,-5.12549930833885,49.9324601399548));
#5886=CARTESIAN_POINT('Ctrl Pts',(-19.5603179599581,-5.01328751383814,49.2545176505016));
#5887=CARTESIAN_POINT('Ctrl Pts',(-19.727325971194,-4.78791239824925,47.9645115776965));
#5888=CARTESIAN_POINT('Ctrl Pts',(-18.7393037607451,-4.58642173929806,46.8979207205357));
#5889=CARTESIAN_POINT('Ctrl Pts',(-17.3347452651165,-4.58653417877411,46.8983618756025));
#5890=CARTESIAN_POINT('Ctrl Pts',(-16.346733555387,-4.78787828451007,47.9643776522217));
#5891=CARTESIAN_POINT('Ctrl Pts',(-16.5137554653868,-5.01330237897835,49.2545759963246));
#5892=CARTESIAN_POINT('Ctrl Pts',(-17.2831425401249,-5.12549449990794,49.9324412643905));
#5893=CARTESIAN_POINT('Ctrl Pts',(-17.7848143161312,-5.14604411475521,50.0577344372179));
#5894=CARTESIAN_POINT('Ctrl Pts',(-18.0370356663101,-5.14604411475521,50.0577344372179));
#5895=CARTESIAN_POINT('Ctrl Pts',(-18.0370356663101,-5.42129762943069,49.7295));
#5896=CARTESIAN_POINT('Ctrl Pts',(-18.2474395177394,-5.42129762943069,49.7295));
#5897=CARTESIAN_POINT('Ctrl Pts',(-18.6651213384187,-5.40413171310482,49.6187379784102));
#5898=CARTESIAN_POINT('Ctrl Pts',(-19.2820427758818,-5.31110324807269,49.0273165672392));
#5899=CARTESIAN_POINT('Ctrl Pts',(-19.3296381132696,-5.12893226499918,47.9733195275982));
#5900=CARTESIAN_POINT('Ctrl Pts',(-18.5308680382305,-4.97985115177748,47.2389783732264));
#5901=CARTESIAN_POINT('Ctrl Pts',(-17.5431193711329,-4.97988186065352,47.2388604881794));
#5902=CARTESIAN_POINT('Ctrl Pts',(-16.7443890383396,-5.12892279896893,47.9733543301849));
#5903=CARTESIAN_POINT('Ctrl Pts',(-16.7920363638364,-5.31110734977671,49.0273012523901));
#5904=CARTESIAN_POINT('Ctrl Pts',(-17.40894530922,-5.40413038183954,49.6187429033184));
#5905=CARTESIAN_POINT('Ctrl Pts',(-17.8266318148807,-5.42129762943069,49.7295));
#5906=CARTESIAN_POINT('Ctrl Pts',(-18.0370356663101,-5.42129762943069,49.7295));
#5907=CARTESIAN_POINT('',(-18.0370356663101,-4.59553708540425,50.7142033116538));
#5908=CARTESIAN_POINT('Ctrl Pts',(-7.8867513459481,-4.59553708540425,50.7142033116538));
#5909=CARTESIAN_POINT('Ctrl Pts',(-8.22260769362615,-4.59553708540425,50.7142033116538));
#5910=CARTESIAN_POINT('Ctrl Pts',(-8.89225758427081,-4.56823756963212,50.5599218176193));
#5911=CARTESIAN_POINT('Ctrl Pts',(-9.96661828305558,-4.41765813680574,49.7089316366491));
#5912=CARTESIAN_POINT('Ctrl Pts',(-10.3724162361565,-4.10587684283678,47.9469192900911));
#5913=CARTESIAN_POINT('Ctrl Pts',(-9.00592506007623,-3.7995707608581,46.2158497592617));
#5914=CARTESIAN_POINT('Ctrl Pts',(-6.76768954046561,-3.79982677325752,46.2172965972131));
#5915=CARTESIAN_POINT('Ctrl Pts',(-5.40112603217883,-4.10579427547286,47.9464526658341));
#5916=CARTESIAN_POINT('Ctrl Pts',(-5.80687724702081,-4.41769301408568,49.7091287434));
#5917=CARTESIAN_POINT('Ctrl Pts',(-6.88124932494609,-4.56822595883174,50.5598561999122));
#5918=CARTESIAN_POINT('Ctrl Pts',(-7.55089499827006,-4.59553708540425,50.7142033116538));
#5919=CARTESIAN_POINT('Ctrl Pts',(-7.8867513459481,-4.59553708540425,50.7142033116538));
#5920=CARTESIAN_POINT('Ctrl Pts',(-7.8867513459481,-4.87079060007973,50.3859688744359));
#5921=CARTESIAN_POINT('Ctrl Pts',(-8.18079019487659,-4.87079060007973,50.3859688744359));
#5922=CARTESIAN_POINT('Ctrl Pts',(-8.76644750110732,-4.84686920647795,50.2461995590918));
#5923=CARTESIAN_POINT('Ctrl Pts',(-9.688354887325,-4.71547460693985,49.4817241814228));
#5924=CARTESIAN_POINT('Ctrl Pts',(-9.97472884819025,-4.44689421435908,47.9557143383732));
#5925=CARTESIAN_POINT('Ctrl Pts',(-8.79746523267781,-4.1929981316289,46.5568923664346));
#5926=CARTESIAN_POINT('Ctrl Pts',(-6.97608095466855,-4.19317903091192,46.557823787931));
#5927=CARTESIAN_POINT('Ctrl Pts',(-5.79878917811629,-4.44683580666105,47.9554136427549));
#5928=CARTESIAN_POINT('Ctrl Pts',(-6.08514503561663,-4.71549927135793,49.4818511634531));
#5929=CARTESIAN_POINT('Ctrl Pts',(-7.00705682395199,-4.84686099406422,50.2461572792314));
#5930=CARTESIAN_POINT('Ctrl Pts',(-7.59271249701962,-4.87079060007973,50.3859688744359));
#5931=CARTESIAN_POINT('Ctrl Pts',(-7.8867513459481,-4.87079060007973,50.3859688744359));
#5932=CARTESIAN_POINT('Ctrl Pts',(-7.8867513459481,-5.14604411475521,50.0577344372179));
#5933=CARTESIAN_POINT('Ctrl Pts',(-8.13897269612703,-5.14604411475521,50.0577344372179));
#5934=CARTESIAN_POINT('Ctrl Pts',(-8.64063741794384,-5.12550084332377,49.9324773005644));
#5935=CARTESIAN_POINT('Ctrl Pts',(-9.41009149159443,-5.01329107707397,49.2545167261965));
#5936=CARTESIAN_POINT('Ctrl Pts',(-9.57704146022403,-4.78791158588137,47.9645093866553));
#5937=CARTESIAN_POINT('Ctrl Pts',(-8.58900540527939,-4.58642550239971,46.8979349736076));
#5938=CARTESIAN_POINT('Ctrl Pts',(-7.18447236887149,-4.58653128856631,46.898350978649));
#5939=CARTESIAN_POINT('Ctrl Pts',(-6.19645232405375,-4.78787733784925,47.9643746196756));
#5940=CARTESIAN_POINT('Ctrl Pts',(-6.36341282421243,-5.01330552863017,49.2545735835063));
#5941=CARTESIAN_POINT('Ctrl Pts',(-7.13286432295789,-5.1254960292967,49.9324583585506));
#5942=CARTESIAN_POINT('Ctrl Pts',(-7.63452999576918,-5.14604411475521,50.0577344372179));
#5943=CARTESIAN_POINT('Ctrl Pts',(-7.8867513459481,-5.14604411475521,50.0577344372179));
#5944=CARTESIAN_POINT('Ctrl Pts',(-7.8867513459481,-5.42129762943069,49.7295));
#5945=CARTESIAN_POINT('Ctrl Pts',(-8.09715519737746,-5.42129762943069,49.7295));
#5946=CARTESIAN_POINT('Ctrl Pts',(-8.51482733478035,-5.4041324801696,49.6187550420369));
#5947=CARTESIAN_POINT('Ctrl Pts',(-9.13182809586385,-5.31110754720808,49.0273092709702));
#5948=CARTESIAN_POINT('Ctrl Pts',(-9.17935407225779,-5.12892895740366,47.9733044349375));
#5949=CARTESIAN_POINT('Ctrl Pts',(-8.38054557788097,-4.97985287317051,47.2389775807806));
#5950=CARTESIAN_POINT('Ctrl Pts',(-7.39286378307442,-4.97988354622072,47.2388781693669));
#5951=CARTESIAN_POINT('Ctrl Pts',(-6.59411546999121,-5.12891886903745,47.9733355965964));
#5952=CARTESIAN_POINT('Ctrl Pts',(-6.64168061280825,-5.31111178590242,49.0272960035594));
#5953=CARTESIAN_POINT('Ctrl Pts',(-7.25867182196379,-5.40413106452918,49.6187594378698));
#5954=CARTESIAN_POINT('Ctrl Pts',(-7.67634749451874,-5.42129762943069,49.7295));
#5955=CARTESIAN_POINT('Ctrl Pts',(-7.8867513459481,-5.42129762943069,49.7295));
#5956=CARTESIAN_POINT('',(-7.8867513459481,-4.59553708540425,50.7142033116538));
#5957=CARTESIAN_POINT('Ctrl Pts',(2.26353297441387,-4.59553708540425,50.7142033116538));
#5958=CARTESIAN_POINT('Ctrl Pts',(1.92767662673582,-4.59553708540425,50.7142033116538));
#5959=CARTESIAN_POINT('Ctrl Pts',(1.25802621408129,-4.56823945651876,50.5599324812404));
#5960=CARTESIAN_POINT('Ctrl Pts',(0.183644451048863,-4.41765930408122,49.708938233433));
#5961=CARTESIAN_POINT('Ctrl Pts',(-0.222129102911086,-4.10587907417069,
47.9469319003341));
#5962=CARTESIAN_POINT('Ctrl Pts',(1.14433751090038,-3.79957580388628,46.2158782596179));
#5963=CARTESIAN_POINT('Ctrl Pts',(3.38260978064028,-3.79981915077973,46.2172535192599));
#5964=CARTESIAN_POINT('Ctrl Pts',(4.74916399831113,-4.1057976049455,47.946471482139));
#5965=CARTESIAN_POINT('Ctrl Pts',(4.34342701187878,-4.41769321937826,49.7091299035981));
#5966=CARTESIAN_POINT('Ctrl Pts',(3.26903642213849,-4.56822799826395,50.5598677256349));
#5967=CARTESIAN_POINT('Ctrl Pts',(2.59938932209191,-4.59553708540425,50.7142033116538));
#5968=CARTESIAN_POINT('Ctrl Pts',(2.26353297441387,-4.59553708540425,50.7142033116538));
#5969=CARTESIAN_POINT('Ctrl Pts',(2.26353297441387,-4.87079060007973,50.3859688744359));
#5970=CARTESIAN_POINT('Ctrl Pts',(1.96949412548538,-4.87079060007973,50.3859688744359));
#5971=CARTESIAN_POINT('Ctrl Pts',(1.3838389697357,-4.84687060243377,50.2462103585072));
#5972=CARTESIAN_POINT('Ctrl Pts',(0.461900299605622,-4.71547630125065,49.4817269895409));
#5973=CARTESIAN_POINT('Ctrl Pts',(0.175557724842406,-4.44689497246102,47.9557197776068));
#5974=CARTESIAN_POINT('Ctrl Pts',(1.35281249014964,-4.19300185212923,46.5569111439599));
#5975=CARTESIAN_POINT('Ctrl Pts',(3.17420740153363,-4.19317429887288,46.5577987625219));
#5976=CARTESIAN_POINT('Ctrl Pts',(4.35149621611631,-4.44683717131971,47.9554223009239));
#5977=CARTESIAN_POINT('Ctrl Pts',(4.06516777482717,-4.7155003572167,49.4818507983841));
#5978=CARTESIAN_POINT('Ctrl Pts',(3.14322569915421,-4.84686247381099,50.2461685236569));
#5979=CARTESIAN_POINT('Ctrl Pts',(2.55757182334235,-4.87079060007973,50.3859688744359));
#5980=CARTESIAN_POINT('Ctrl Pts',(2.26353297441387,-4.87079060007973,50.3859688744359));
#5981=CARTESIAN_POINT('Ctrl Pts',(2.26353297441387,-5.14604411475521,50.0577344372179));
#5982=CARTESIAN_POINT('Ctrl Pts',(2.01131162423494,-5.14604411475521,50.0577344372179));
#5983=CARTESIAN_POINT('Ctrl Pts',(1.50965172539012,-5.12550174834877,49.9324882357741));
#5984=CARTESIAN_POINT('Ctrl Pts',(0.740156148162379,-5.01329329842008,49.2545157456487));
#5985=CARTESIAN_POINT('Ctrl Pts',(0.5732445525959,-4.78791087075134,47.9645076548796));
#5986=CARTESIAN_POINT('Ctrl Pts',(1.5612874693989,-4.58642790037217,46.897944028302));
#5987=CARTESIAN_POINT('Ctrl Pts',(2.96580502242698,-4.58652944696603,46.8983440057839));
#5988=CARTESIAN_POINT('Ctrl Pts',(3.95382843392149,-4.78787673769392,47.9643731197089));
#5989=CARTESIAN_POINT('Ctrl Pts',(3.78690853777556,-5.01330749505514,49.2545716931701));
#5990=CARTESIAN_POINT('Ctrl Pts',(3.01741497616992,-5.12549694935803,49.9324693216789));
#5991=CARTESIAN_POINT('Ctrl Pts',(2.51575432459279,-5.14604411475521,50.0577344372179));
#5992=CARTESIAN_POINT('Ctrl Pts',(2.26353297441387,-5.14604411475521,50.0577344372179));
#5993=CARTESIAN_POINT('Ctrl Pts',(2.26353297441387,-5.42129762943069,49.7295));
#5994=CARTESIAN_POINT('Ctrl Pts',(2.05312912298451,-5.42129762943069,49.7295));
#5995=CARTESIAN_POINT('Ctrl Pts',(1.63546448104454,-5.40413289426378,49.6187661130409));
#5996=CARTESIAN_POINT('Ctrl Pts',(1.01841199671914,-5.31111029558951,49.0273045017566));
#5997=CARTESIAN_POINT('Ctrl Pts',(0.970931380349393,-5.12892676904167,47.9732955321523));
#5998=CARTESIAN_POINT('Ctrl Pts',(1.76976244864816,-4.97985394861511,47.2389769126441));
#5999=CARTESIAN_POINT('Ctrl Pts',(2.75740264332033,-4.97988459505918,47.238889249046));
#6000=CARTESIAN_POINT('Ctrl Pts',(3.55616065172666,-5.12891630406813,47.9733239384937));
#6001=CARTESIAN_POINT('Ctrl Pts',(3.50864930072395,-5.31111463289359,49.0272925879561));
#6002=CARTESIAN_POINT('Ctrl Pts',(2.89160425318564,-5.40413142490507,49.6187701197009));
#6003=CARTESIAN_POINT('Ctrl Pts',(2.47393682584323,-5.42129762943069,49.7295));
#6004=CARTESIAN_POINT('Ctrl Pts',(2.26353297441387,-5.42129762943069,49.7295));
#6005=CARTESIAN_POINT('',(2.26353297441387,-4.59553708540425,50.7142033116538));
#6006=CARTESIAN_POINT('Ctrl Pts',(12.4138172947758,-4.59553708540425,50.7142033116538));
#6007=CARTESIAN_POINT('Ctrl Pts',(12.0779609470978,-4.59553708540425,50.7142033116538));
#6008=CARTESIAN_POINT('Ctrl Pts',(11.4083117972698,-4.5682361510643,50.5599138006726));
#6009=CARTESIAN_POINT('Ctrl Pts',(10.3339663141786,-4.41765720092301,49.7089263475668));
#6010=CARTESIAN_POINT('Ctrl Pts',(9.92815135684644,-4.10587499583196,47.9469088518597));
#6011=CARTESIAN_POINT('Ctrl Pts',(11.2946595485368,-3.79956708175657,46.2158289670511));
#6012=CARTESIAN_POINT('Ctrl Pts',(13.5328682061652,-3.79983239271341,46.2173283552141));
#6013=CARTESIAN_POINT('Ctrl Pts',(14.8994374020594,-4.10579189620034,47.9464392195253));
#6014=CARTESIAN_POINT('Ctrl Pts',(14.4936765170239,-4.41769278266251,49.7091274355266));
#6015=CARTESIAN_POINT('Ctrl Pts',(13.419317920125,-4.56822445534921,50.5598477030754));
#6016=CARTESIAN_POINT('Ctrl Pts',(12.7496736424539,-4.59553708540425,50.7142033116538));
#6017=CARTESIAN_POINT('Ctrl Pts',(12.4138172947758,-4.59553708540425,50.7142033116538));
#6018=CARTESIAN_POINT('Ctrl Pts',(12.4138172947758,-4.87079060007973,50.3859688744359));
#6019=CARTESIAN_POINT('Ctrl Pts',(12.1197784458474,-4.87079060007973,50.3859688744359));
#6020=CARTESIAN_POINT('Ctrl Pts',(11.5341200175493,-4.8468681471171,50.2461915380139));
#6021=CARTESIAN_POINT('Ctrl Pts',(10.6122352329853,-4.71547331226076,49.4817218010809));
#6022=CARTESIAN_POINT('Ctrl Pts',(10.3258390307107,-4.44689350544718,47.955709674828));
#6023=CARTESIAN_POINT('Ctrl Pts',(11.5031081519261,-4.19299541247958,46.5568786409917));
#6024=CARTESIAN_POINT('Ctrl Pts',(13.3244848732077,-4.19318251664834,46.5578422182653));
#6025=CARTESIAN_POINT('Ctrl Pts',(14.5017777778997,-4.44683483828289,47.955407577159));
#6026=CARTESIAN_POINT('Ctrl Pts',(14.2154025484025,-4.71549842401479,49.4818511149762));
#6027=CARTESIAN_POINT('Ctrl Pts',(13.2935126825819,-4.84685989122198,50.2461490249105));
#6028=CARTESIAN_POINT('Ctrl Pts',(12.7078561437043,-4.87079060007973,50.3859688744359));
#6029=CARTESIAN_POINT('Ctrl Pts',(12.4138172947758,-4.87079060007973,50.3859688744359));
#6030=CARTESIAN_POINT('Ctrl Pts',(12.4138172947758,-5.14604411475521,50.0577344372179));
#6031=CARTESIAN_POINT('Ctrl Pts',(12.1615959445969,-5.14604411475521,50.0577344372179));
#6032=CARTESIAN_POINT('Ctrl Pts',(11.6599282378288,-5.1255001431699,49.9324692753551));
#6033=CARTESIAN_POINT('Ctrl Pts',(10.890504151792,-5.01328942359852,49.254517254595));
#6034=CARTESIAN_POINT('Ctrl Pts',(10.7235267045749,-4.7879120150624,47.9645104977963));
#6035=CARTESIAN_POINT('Ctrl Pts',(11.7115567553153,-4.5864237432026,46.8979283149323));
#6036=CARTESIAN_POINT('Ctrl Pts',(13.1161015402501,-4.58653264058327,46.8983560813165));
#6037=CARTESIAN_POINT('Ctrl Pts',(14.10411815374,-4.78787778036543,47.9643759347926));
#6038=CARTESIAN_POINT('Ctrl Pts',(13.9371285797812,-5.01330406536706,49.2545747944258));
#6039=CARTESIAN_POINT('Ctrl Pts',(13.1677074450388,-5.12549532709475,49.9324503467455));
#6040=CARTESIAN_POINT('Ctrl Pts',(12.6660386449548,-5.14604411475521,50.0577344372179));
#6041=CARTESIAN_POINT('Ctrl Pts',(12.4138172947758,-5.14604411475521,50.0577344372179));
#6042=CARTESIAN_POINT('Ctrl Pts',(12.4138172947758,-5.42129762943069,49.7295));
#6043=CARTESIAN_POINT('Ctrl Pts',(12.2034134433465,-5.42129762943069,49.7295));
#6044=CARTESIAN_POINT('Ctrl Pts',(11.7857364581083,-5.40413213922271,49.6187470126964));
#6045=CARTESIAN_POINT('Ctrl Pts',(11.1687730705986,-5.31110553493628,49.0273127081091));
#6046=CARTESIAN_POINT('Ctrl Pts',(11.1212143784391,-5.12893052467762,47.9733113207648));
#6047=CARTESIAN_POINT('Ctrl Pts',(11.9200053587046,-4.97985207392561,47.2389779888729));
#6048=CARTESIAN_POINT('Ctrl Pts',(12.9077182072926,-4.9798827645182,47.2388699443677));
#6049=CARTESIAN_POINT('Ctrl Pts',(13.7064585295803,-5.12892072244798,47.9733442924262));
#6050=CARTESIAN_POINT('Ctrl Pts',(13.6588546111599,-5.31110970671934,49.0272984738754));
#6051=CARTESIAN_POINT('Ctrl Pts',(13.0419022074956,-5.40413076296752,49.6187516685806));
#6052=CARTESIAN_POINT('Ctrl Pts',(12.6242211462052,-5.42129762943069,49.7295));
#6053=CARTESIAN_POINT('Ctrl Pts',(12.4138172947758,-5.42129762943069,49.7295));
#6054=CARTESIAN_POINT('',(12.4138172947758,-4.59553708540425,50.7142033116538));
#6055=CARTESIAN_POINT('Ctrl Pts',(22.5641016151378,-4.59553708540424,50.7142033116538));
#6056=CARTESIAN_POINT('Ctrl Pts',(22.2282452674598,-4.59553708540424,50.7142033116538));
#6057=CARTESIAN_POINT('Ctrl Pts',(21.5585985105586,-4.56823324756632,50.5598973917367));
#6058=CARTESIAN_POINT('Ctrl Pts',(20.4842826514102,-4.41765512217158,49.7089145996341));
#6059=CARTESIAN_POINT('Ctrl Pts',(20.0784363349737,-4.10587077315691,47.9468849876776));
#6060=CARTESIAN_POINT('Ctrl Pts',(21.444975596654,-3.79955984024839,46.2157880421238));
#6061=CARTESIAN_POINT('Ctrl Pts',(23.6831311802844,-3.79984358874561,46.217391628885));
#6062=CARTESIAN_POINT('Ctrl Pts',(25.0497086907029,-4.10578734730441,47.9464135117264));
#6063=CARTESIAN_POINT('Ctrl Pts',(24.6439306321923,-4.41769212636219,49.7091237264867));
#6064=CARTESIAN_POINT('Ctrl Pts',(23.5695985630958,-4.56822145677079,50.5598307567983));
#6065=CARTESIAN_POINT('Ctrl Pts',(22.8999579628159,-4.59553708540424,50.7142033116538));
#6066=CARTESIAN_POINT('Ctrl Pts',(22.5641016151378,-4.59553708540424,50.7142033116538));
#6067=CARTESIAN_POINT('Ctrl Pts',(22.5641016151378,-4.87079060007972,50.3859688744359));
#6068=CARTESIAN_POINT('Ctrl Pts',(22.2700627662093,-4.87079060007972,50.3859688744359));
#6069=CARTESIAN_POINT('Ctrl Pts',(21.6844032858267,-4.84686595554179,50.246175382528));
#6070=CARTESIAN_POINT('Ctrl Pts',(20.7625624573426,-4.71547060014658,49.4817161984344));
#6071=CARTESIAN_POINT('Ctrl Pts',(20.4761242245108,-4.44689168927042,47.9556986127192));
#6072=CARTESIAN_POINT('Ctrl Pts',(21.653401708743,-4.19299004645159,46.5568515634216));
#6073=CARTESIAN_POINT('Ctrl Pts',(23.4747639230208,-4.19318945261147,46.5578788933794));
#6074=CARTESIAN_POINT('Ctrl Pts',(24.6520563714797,-4.44683300219081,47.9553962935057));
#6075=CARTESIAN_POINT('Ctrl Pts',(24.3656446771088,-4.71549662102893,49.481850247588));
#6076=CARTESIAN_POINT('Ctrl Pts',(23.4437975510326,-4.84685766244213,50.2461326609159));
#6077=CARTESIAN_POINT('Ctrl Pts',(22.8581404640663,-4.87079060007972,50.3859688744359));
#6078=CARTESIAN_POINT('Ctrl Pts',(22.5641016151378,-4.87079060007972,50.3859688744359));
#6079=CARTESIAN_POINT('Ctrl Pts',(22.5641016151378,-5.1460441147552,50.0577344372179));
#6080=CARTESIAN_POINT('Ctrl Pts',(22.3118802649589,-5.1460441147552,50.0577344372179));
#6081=CARTESIAN_POINT('Ctrl Pts',(21.8102080610947,-5.12549866351725,49.9324533733193));
#6082=CARTESIAN_POINT('Ctrl Pts',(21.0408422632751,-5.01328607812157,49.2545177972347));
#6083=CARTESIAN_POINT('Ctrl Pts',(20.8738121140479,-4.78791260538392,47.9645122377608));
#6084=CARTESIAN_POINT('Ctrl Pts',(21.861827820832,-4.58642025265479,46.8979150847195));
#6085=CARTESIAN_POINT('Ctrl Pts',(23.2663966657572,-4.58653531647733,46.8983661578737));
#6086=CARTESIAN_POINT('Ctrl Pts',(24.2544040522565,-4.78787865707721,47.964379075285));
#6087=CARTESIAN_POINT('Ctrl Pts',(24.0873587220254,-5.01330111569567,49.2545767686893));
#6088=CARTESIAN_POINT('Ctrl Pts',(23.3179965389694,-5.12549386811346,49.9324345650336));
#6089=CARTESIAN_POINT('Ctrl Pts',(22.8163229653167,-5.1460441147552,50.0577344372179));
#6090=CARTESIAN_POINT('Ctrl Pts',(22.5641016151378,-5.1460441147552,50.0577344372179));
#6091=CARTESIAN_POINT('Ctrl Pts',(22.5641016151378,-5.42129762943068,49.7295));
#6092=CARTESIAN_POINT('Ctrl Pts',(22.3536977637084,-5.42129762943068,49.7295));
#6093=CARTESIAN_POINT('Ctrl Pts',(21.9360128363628,-5.40413137149271,49.6187313641106));
#6094=CARTESIAN_POINT('Ctrl Pts',(21.3191220692076,-5.31110155609657,49.0273193960349));
#6095=CARTESIAN_POINT('Ctrl Pts',(21.2715000035851,-5.12893352149742,47.9733258628025));
#6096=CARTESIAN_POINT('Ctrl Pts',(22.070253932921,-4.97985045885799,47.2389786060174));
#6097=CARTESIAN_POINT('Ctrl Pts',(23.0580294084937,-4.97988118034318,47.2388534223681));
#6098=CARTESIAN_POINT('Ctrl Pts',(23.8567517330332,-5.12892431196362,47.9733618570642));
#6099=CARTESIAN_POINT('Ctrl Pts',(23.8090727669419,-5.31110561036241,49.0273032897906));
#6100=CARTESIAN_POINT('Ctrl Pts',(23.1921955269062,-5.4041300737848,49.6187364691512));
#6101=CARTESIAN_POINT('Ctrl Pts',(22.7745054665672,-5.42129762943068,49.7295));
#6102=CARTESIAN_POINT('Ctrl Pts',(22.5641016151378,-5.42129762943068,49.7295));
#6103=CARTESIAN_POINT('',(22.5641016151378,-4.59553708540424,50.7142033116538));
#6104=CARTESIAN_POINT('Origin',(22.5641016151378,-20.761,48.5));
#6105=CARTESIAN_POINT('',(21.3346016151378,5.08900000000001,48.5));
#6106=CARTESIAN_POINT('Origin',(22.5641016151378,5.08900000000001,48.5));
#6107=CARTESIAN_POINT('',(21.3346016151378,-20.761,48.5));
#6108=CARTESIAN_POINT('Origin',(12.4138172947758,-20.761,48.5));
#6109=CARTESIAN_POINT('',(11.1843172947758,5.08900000000001,48.5));
#6110=CARTESIAN_POINT('Origin',(12.4138172947758,5.08900000000001,48.5));
#6111=CARTESIAN_POINT('',(11.1843172947758,-20.761,48.5));
#6112=CARTESIAN_POINT('Origin',(2.26353297441387,-20.761,48.5));
#6113=CARTESIAN_POINT('',(1.03403297441386,5.08900000000001,48.5));
#6114=CARTESIAN_POINT('Origin',(2.26353297441386,5.08900000000001,48.5));
#6115=CARTESIAN_POINT('',(1.03403297441387,-20.761,48.5));
#6116=CARTESIAN_POINT('Origin',(-7.8867513459481,-20.761,48.5));
#6117=CARTESIAN_POINT('',(-9.11625134594811,5.08900000000001,48.5));
#6118=CARTESIAN_POINT('Origin',(-7.88675134594811,5.08900000000001,48.5));
#6119=CARTESIAN_POINT('',(-9.1162513459481,-20.761,48.5));
#6120=CARTESIAN_POINT('Origin',(-18.0370356663101,-20.761,48.5));
#6121=CARTESIAN_POINT('',(-19.2665356663101,5.089,48.5));
#6122=CARTESIAN_POINT('Origin',(-18.0370356663101,5.089,48.5));
#6123=CARTESIAN_POINT('',(-19.2665356663101,-20.761,48.5));
#6124=CARTESIAN_POINT('Origin',(-28.187319986672,-20.761,48.5));
#6125=CARTESIAN_POINT('',(-29.416819986672,5.089,48.5));
#6126=CARTESIAN_POINT('Origin',(-28.1873199866721,5.089,48.5));
#6127=CARTESIAN_POINT('',(-29.416819986672,-20.761,48.5));
#6128=CARTESIAN_POINT('Origin',(-38.337604307034,-20.761,48.5));
#6129=CARTESIAN_POINT('',(-39.567104307034,5.089,48.5));
#6130=CARTESIAN_POINT('Origin',(-38.337604307034,5.089,48.5));
#6131=CARTESIAN_POINT('',(-39.567104307034,-20.761,48.5));
#6132=CARTESIAN_POINT('Origin',(22.5641016151378,12.964,48.5));
#6133=CARTESIAN_POINT('',(20.7641016151378,12.289,48.5));
#6134=CARTESIAN_POINT('',(20.0891016151378,12.964,48.5));
#6135=CARTESIAN_POINT('Origin',(22.5641016151378,12.289,48.5));
#6136=CARTESIAN_POINT('Origin',(22.5641016151378,9.36400000000002,48.5));
#6137=CARTESIAN_POINT('',(20.7641016151378,5.08900000000001,48.5));
#6138=CARTESIAN_POINT('',(20.7641016151378,9.36400000000001,48.5));
#6139=CARTESIAN_POINT('Origin',(22.5641016151378,5.08900000000002,48.5));
#6140=CARTESIAN_POINT('Origin',(22.5641016151378,5.08900000000002,48.5));
#6141=CARTESIAN_POINT('Origin',(12.4138172947758,12.964,48.5));
#6142=CARTESIAN_POINT('',(10.6138172947758,12.289,48.5));
#6143=CARTESIAN_POINT('',(9.93881729477583,12.964,48.5));
#6144=CARTESIAN_POINT('Origin',(12.4138172947758,12.289,48.5));
#6145=CARTESIAN_POINT('Origin',(12.4138172947758,9.36400000000001,48.5));
#6146=CARTESIAN_POINT('',(10.6138172947758,5.08900000000001,48.5));
#6147=CARTESIAN_POINT('',(10.6138172947758,9.36400000000001,48.5));
#6148=CARTESIAN_POINT('Origin',(12.4138172947758,5.08900000000001,48.5));
#6149=CARTESIAN_POINT('Origin',(12.4138172947758,5.08900000000001,48.5));
#6150=CARTESIAN_POINT('Origin',(2.26353297441386,12.964,48.5));
#6151=CARTESIAN_POINT('',(0.463532974413861,12.289,48.5));
#6152=CARTESIAN_POINT('',(-0.21146702558614,12.964,48.5));
#6153=CARTESIAN_POINT('Origin',(2.26353297441386,12.289,48.5));
#6154=CARTESIAN_POINT('Origin',(2.26353297441386,9.36400000000001,48.5));
#6155=CARTESIAN_POINT('',(0.463532974413862,5.08900000000001,48.5));
#6156=CARTESIAN_POINT('',(0.463532974413861,9.36400000000001,48.5));
#6157=CARTESIAN_POINT('Origin',(2.26353297441386,5.08900000000001,48.5));
#6158=CARTESIAN_POINT('Origin',(2.26353297441386,5.08900000000001,48.5));
#6159=CARTESIAN_POINT('Origin',(-7.88675134594811,12.964,48.5));
#6160=CARTESIAN_POINT('',(-9.68675134594811,12.289,48.5));
#6161=CARTESIAN_POINT('',(-10.3617513459481,12.964,48.5));
#6162=CARTESIAN_POINT('Origin',(-7.88675134594811,12.289,48.5));
#6163=CARTESIAN_POINT('Origin',(-7.88675134594811,9.36400000000001,48.5));
#6164=CARTESIAN_POINT('',(-9.68675134594811,5.089,48.5));
#6165=CARTESIAN_POINT('',(-9.68675134594811,9.36400000000001,48.5));
#6166=CARTESIAN_POINT('Origin',(-7.88675134594811,5.08900000000001,48.5));
#6167=CARTESIAN_POINT('Origin',(-7.88675134594811,5.08900000000001,48.5));
#6168=CARTESIAN_POINT('Origin',(-18.0370356663101,12.964,48.5));
#6169=CARTESIAN_POINT('',(-19.8370356663101,12.289,48.5));
#6170=CARTESIAN_POINT('',(-20.5120356663101,12.964,48.5));
#6171=CARTESIAN_POINT('Origin',(-18.0370356663101,12.289,48.5));
#6172=CARTESIAN_POINT('Origin',(-18.0370356663101,9.364,48.5));
#6173=CARTESIAN_POINT('',(-19.8370356663101,5.089,48.5));
#6174=CARTESIAN_POINT('',(-19.8370356663101,9.364,48.5));
#6175=CARTESIAN_POINT('Origin',(-18.0370356663101,5.089,48.5));
#6176=CARTESIAN_POINT('Origin',(-18.0370356663101,5.089,48.5));
#6177=CARTESIAN_POINT('Origin',(-28.1873199866721,12.964,48.5));
#6178=CARTESIAN_POINT('',(-29.9873199866721,12.289,48.5));
#6179=CARTESIAN_POINT('',(-30.6623199866721,12.964,48.5));
#6180=CARTESIAN_POINT('Origin',(-28.1873199866721,12.289,48.5));
#6181=CARTESIAN_POINT('Origin',(-28.1873199866721,9.364,48.5));
#6182=CARTESIAN_POINT('',(-29.9873199866721,5.089,48.5));
#6183=CARTESIAN_POINT('',(-29.9873199866721,9.364,48.5));
#6184=CARTESIAN_POINT('Origin',(-28.1873199866721,5.089,48.5));
#6185=CARTESIAN_POINT('Origin',(-28.1873199866721,5.089,48.5));
#6186=CARTESIAN_POINT('Origin',(-38.337604307034,12.964,48.5));
#6187=CARTESIAN_POINT('',(-40.137604307034,12.289,48.5));
#6188=CARTESIAN_POINT('',(-40.812604307034,12.964,48.5));
#6189=CARTESIAN_POINT('Origin',(-38.337604307034,12.289,48.5));
#6190=CARTESIAN_POINT('Origin',(-38.337604307034,9.364,48.5));
#6191=CARTESIAN_POINT('',(-40.137604307034,5.08899999999999,48.5));
#6192=CARTESIAN_POINT('',(-40.137604307034,9.364,48.5));
#6193=CARTESIAN_POINT('Origin',(-38.337604307034,5.089,48.5));
#6194=CARTESIAN_POINT('Origin',(-38.337604307034,5.089,48.5));
#6195=CARTESIAN_POINT('Origin',(-52.194010767585,-7.92778615724035E-15,
53.));
#6196=CARTESIAN_POINT('',(19.1,-9.92499999999999,53.));
#6197=CARTESIAN_POINT('Origin',(-52.194010767585,-7.92778615724035E-15,
53.));
#6198=CARTESIAN_POINT('',(-34.8735026918963,-2.7589924215714E-15,53.));
#6199=CARTESIAN_POINT('',(19.1,-9.92499999999999,53.));
#6200=CARTESIAN_POINT('Origin',(19.1,-9.92499999999999,43.));
#6201=CARTESIAN_POINT('Ctrl Pts',(-44.688689217704,-2.99999999763064,41.0863350701855));
#6202=CARTESIAN_POINT('Ctrl Pts',(-44.6080867483655,-4.08433827536518,40.6729250428226));
#6203=CARTESIAN_POINT('Ctrl Pts',(-44.4548318222422,-5.08690430252726,40.0207149976649));
#6204=CARTESIAN_POINT('Ctrl Pts',(-44.1466414404025,-5.89044956502408,39.2571537901014));
#6205=CARTESIAN_POINT('Ctrl Pts',(-43.8651511238545,-2.68124365777651,40.5312282630807));
#6206=CARTESIAN_POINT('Ctrl Pts',(-43.7775377422875,-3.64592024889809,40.1788048616594));
#6207=CARTESIAN_POINT('Ctrl Pts',(-43.6194852301298,-4.52947853798961,39.6292059872384));
#6208=CARTESIAN_POINT('Ctrl Pts',(-43.3322239264069,-5.24013671876753,38.9945588257542));
#6209=CARTESIAN_POINT('Ctrl Pts',(-43.0416130300051,-2.36248731792238,39.976121455976));
#6210=CARTESIAN_POINT('Ctrl Pts',(-42.9469887362095,-3.207502222431,39.6846846804962));
#6211=CARTESIAN_POINT('Ctrl Pts',(-42.7841386380174,-3.97205277345197,39.2376969768119));
#6212=CARTESIAN_POINT('Ctrl Pts',(-42.5178064124113,-4.58982387251097,38.7319638614071));
#6213=CARTESIAN_POINT('Ctrl Pts',(-42.2180749361556,-2.04373097806825,39.4210146488712));
#6214=CARTESIAN_POINT('Ctrl Pts',(-42.1164397301316,-2.76908419596391,39.1905644993329));
#6215=CARTESIAN_POINT('Ctrl Pts',(-41.9487920459051,-3.41462700891432,38.8461879663854));
#6216=CARTESIAN_POINT('Ctrl Pts',(-41.7033888984157,-3.93951102625442,38.4693688970599));
#6217=CARTESIAN_POINT('Ctrl Pts',(-44.1466414404025,-5.89044956502408,39.2571537901014));
#6218=CARTESIAN_POINT('Ctrl Pts',(-44.4548318222422,-5.08690430252726,40.0207149976649));
#6219=CARTESIAN_POINT('Ctrl Pts',(-44.6080867483655,-4.08433827536518,40.6729250428226));
#6220=CARTESIAN_POINT('Ctrl Pts',(-44.688689217704,-2.99999999763064,41.0863350701855));
#6221=CARTESIAN_POINT('Ctrl Pts',(-43.5337567276832,-7.01524229109241,37.9999999964365));
#6222=CARTESIAN_POINT('Ctrl Pts',(-42.7122254835527,-8.09930549898561,36.5770661415972));
#6223=CARTESIAN_POINT('Ctrl Pts',(-40.714397456574,-9.28540914669774,33.116726494085));
#6224=CARTESIAN_POINT('Ctrl Pts',(-38.0215702859334,-7.85584858413798,28.4526130185334));
#6225=CARTESIAN_POINT('Ctrl Pts',(-36.5726844004498,-5.12189022635718,25.9430690505064));
#6226=CARTESIAN_POINT('Ctrl Pts',(-35.6676064461888,-1.6916111750942,24.3754280489159));
#6227=CARTESIAN_POINT('Ctrl Pts',(-35.6758428679789,3.05045524616965,24.389693949929));
#6228=CARTESIAN_POINT('Ctrl Pts',(-37.690063387277,7.69103429289232,27.8784262270009));
#6229=CARTESIAN_POINT('Ctrl Pts',(-40.7121093556042,9.2780347309176,33.1127633869524));
#6230=CARTESIAN_POINT('Ctrl Pts',(-42.7122254835527,8.09930549898561,36.5770661415972));
#6231=CARTESIAN_POINT('Ctrl Pts',(-43.5337567276832,7.0152422910924,37.9999999964365));
#6232=CARTESIAN_POINT('Ctrl Pts',(-42.744456413317,-6.28041157287671,37.8958714201927));
#6233=CARTESIAN_POINT('Ctrl Pts',(-41.9961502595855,-7.30965410940771,36.6346393289389));
#6234=CARTESIAN_POINT('Ctrl Pts',(-40.1429151715731,-8.55618707923364,33.4851368600407));
#6235=CARTESIAN_POINT('Ctrl Pts',(-37.5874290399699,-7.40952267014573,29.0048184383515));
#6236=CARTESIAN_POINT('Ctrl Pts',(-36.2038861331211,-4.8798986257291,26.5205095619831));
#6237=CARTESIAN_POINT('Ctrl Pts',(-35.3379221146102,-1.62950252864339,24.9477706285636));
#6238=CARTESIAN_POINT('Ctrl Pts',(-35.3459305131881,2.93947756992392,24.9650431042221));
#6239=CARTESIAN_POINT('Ctrl Pts',(-37.2727806421909,7.28230291317584,28.4563502601872));
#6240=CARTESIAN_POINT('Ctrl Pts',(-40.1407737427428,8.54765084323647,33.4795910737261));
#6241=CARTESIAN_POINT('Ctrl Pts',(-41.9961502595855,7.3096541094077,36.6346393289389));
#6242=CARTESIAN_POINT('Ctrl Pts',(-42.744456413317,6.28041157287671,37.8958714201927));
#6243=CARTESIAN_POINT('Ctrl Pts',(-41.9551560989507,-5.54558085466102,37.7917428439489));
#6244=CARTESIAN_POINT('Ctrl Pts',(-41.2800750356183,-6.52000271982979,36.6922125162806));
#6245=CARTESIAN_POINT('Ctrl Pts',(-39.5714328865722,-7.82696501176955,33.8535472259963));
#6246=CARTESIAN_POINT('Ctrl Pts',(-37.1532877940065,-6.96319675615348,29.5570238581696));
#6247=CARTESIAN_POINT('Ctrl Pts',(-35.8350878657925,-4.63790702510102,27.0979500734597));
#6248=CARTESIAN_POINT('Ctrl Pts',(-35.0082377830316,-1.56739388219257,25.5201132082114));
#6249=CARTESIAN_POINT('Ctrl Pts',(-35.0160181583974,2.8284998936782,25.5403922585153));
#6250=CARTESIAN_POINT('Ctrl Pts',(-36.8554978971048,6.87357153345937,29.0342742933734));
#6251=CARTESIAN_POINT('Ctrl Pts',(-39.5694381298814,7.81726695555534,33.8464187604998));
#6252=CARTESIAN_POINT('Ctrl Pts',(-41.2800750356183,6.52000271982979,36.6922125162806));
#6253=CARTESIAN_POINT('Ctrl Pts',(-41.9551560989507,5.54558085466101,37.7917428439489));
#6254=CARTESIAN_POINT('Ctrl Pts',(-41.1658557845845,-4.81075013644533,37.6876142677052));
#6255=CARTESIAN_POINT('Ctrl Pts',(-40.5639998116511,-5.73035133025188,36.7497857036223));
#6256=CARTESIAN_POINT('Ctrl Pts',(-38.9999506015713,-7.09774294430545,34.221957591952));
#6257=CARTESIAN_POINT('Ctrl Pts',(-36.7191465480431,-6.51687084216122,30.1092292779877));
#6258=CARTESIAN_POINT('Ctrl Pts',(-35.4662895984638,-4.39591542447294,27.6753905849364));
#6259=CARTESIAN_POINT('Ctrl Pts',(-34.678553451453,-1.50528523574176,26.0924557878591));
#6260=CARTESIAN_POINT('Ctrl Pts',(-34.6861058036066,2.71752221743248,26.1157414128085));
#6261=CARTESIAN_POINT('Ctrl Pts',(-36.4382151520187,6.46484015374289,29.6121983265597));
#6262=CARTESIAN_POINT('Ctrl Pts',(-38.99810251702,7.08688306787421,34.2132464472735));
#6263=CARTESIAN_POINT('Ctrl Pts',(-40.5639998116511,5.73035133025188,36.7497857036223));
#6264=CARTESIAN_POINT('Ctrl Pts',(-41.1658557845845,4.81075013644532,37.6876142677052));
#6265=CARTESIAN_POINT('',(-41.1658557845845,4.81075013644533,37.6876142677052));
#6266=CARTESIAN_POINT('Ctrl Pts',(-43.5337567276832,7.0152422910924,37.9999999964365));
#6267=CARTESIAN_POINT('Ctrl Pts',(-42.7122254835527,8.09930549898561,36.5770661415972));
#6268=CARTESIAN_POINT('Ctrl Pts',(-40.7121093556042,9.2780347309176,33.1127633869524));
#6269=CARTESIAN_POINT('Ctrl Pts',(-37.690063387277,7.69103429289232,27.8784262270009));
#6270=CARTESIAN_POINT('Ctrl Pts',(-35.6758428679789,3.05045524616965,24.389693949929));
#6271=CARTESIAN_POINT('Ctrl Pts',(-35.6676064461888,-1.6916111750942,24.3754280489159));
#6272=CARTESIAN_POINT('Ctrl Pts',(-36.5726844004498,-5.12189022635718,25.9430690505064));
#6273=CARTESIAN_POINT('Ctrl Pts',(-38.0215702859334,-7.85584858413798,28.4526130185334));
#6274=CARTESIAN_POINT('Ctrl Pts',(-40.714397456574,-9.28540914669774,33.116726494085));
#6275=CARTESIAN_POINT('Ctrl Pts',(-42.7122254835527,-8.09930549898561,36.5770661415972));
#6276=CARTESIAN_POINT('Ctrl Pts',(-43.5337567276832,-7.01524229109241,37.9999999964365));
#6277=CARTESIAN_POINT('Ctrl Pts',(-43.5337567276832,7.0152422910924,37.9999999964365));
#6278=CARTESIAN_POINT('Ctrl Pts',(-43.7847193097377,6.68408105588324,38.4346799389403));
#6279=CARTESIAN_POINT('Ctrl Pts',(-43.9863904455216,6.30827223352615,38.8601217917824));
#6280=CARTESIAN_POINT('Ctrl Pts',(-44.1466414404025,5.89044956502407,39.2571537901014));
#6281=CARTESIAN_POINT('Ctrl Pts',(-42.744456413317,6.28041157287671,37.8958714201927));
#6282=CARTESIAN_POINT('Ctrl Pts',(-42.9730500861852,5.96599703759346,38.2811544683667));
#6283=CARTESIAN_POINT('Ctrl Pts',(-43.1633645580289,5.61461201435234,38.6505131060048));
#6284=CARTESIAN_POINT('Ctrl Pts',(-43.3198686413649,5.2302710166628,38.9905750759216));
#6285=CARTESIAN_POINT('Ctrl Pts',(-41.9551560989507,5.54558085466102,37.7917428439489));
#6286=CARTESIAN_POINT('Ctrl Pts',(-42.1613808626327,5.24791301930368,38.1276289977931));
#6287=CARTESIAN_POINT('Ctrl Pts',(-42.3403386705362,4.92095179517853,38.4409044202272));
#6288=CARTESIAN_POINT('Ctrl Pts',(-42.4930958423273,4.57009246830152,38.7239963617418));
#6289=CARTESIAN_POINT('Ctrl Pts',(-41.1658557845845,4.81075013644533,37.6876142677052));
#6290=CARTESIAN_POINT('Ctrl Pts',(-41.3497116390803,4.5298290010139,37.9741035272195));
#6291=CARTESIAN_POINT('Ctrl Pts',(-41.5173127830435,4.22729157600471,38.2312957344496));
#6292=CARTESIAN_POINT('Ctrl Pts',(-41.6663230432898,3.90991391994024,38.457417647562));
#6293=CARTESIAN_POINT('Origin',(-29.1,-8.79125680233012E-16,13.));
#6294=CARTESIAN_POINT('',(-29.1,-8.79125680233012E-16,13.));
#6295=CARTESIAN_POINT('',(-29.1,-8.79125680233012E-16,13.));
#6296=CARTESIAN_POINT('',(-43.5337567297406,-5.57879253357897E-15,38.));
#6297=CARTESIAN_POINT('Origin',(19.1,-9.92499999999999,43.));
#6298=CARTESIAN_POINT('Origin',(-34.8735026918963,-2.7589924215714E-15,
43.));
#6299=CARTESIAN_POINT('Origin',(29.1,1.68844427137695E-14,13.));
#6300=CARTESIAN_POINT('Origin',(29.1,1.68844427137695E-14,13.));
#6301=CARTESIAN_POINT('Origin',(3.10862446895044E-14,1.55431223447522E-14,
13.));
#6302=CARTESIAN_POINT('',(-22.85,-24.85,13.));
#6303=CARTESIAN_POINT('Origin',(-22.85,-19.85,13.));
#6304=CARTESIAN_POINT('',(-16.5108892952603,-24.85,13.));
#6305=CARTESIAN_POINT('',(-27.85,-24.85,13.));
#6306=CARTESIAN_POINT('Origin',(-16.5108892952603,-29.85,13.));
#6307=CARTESIAN_POINT('',(-20.45,-19.85,13.));
#6308=CARTESIAN_POINT('Origin',(-22.85,-19.85,13.));
#6309=CARTESIAN_POINT('Origin',(16.5108892952603,-29.85,0.));
#6310=CARTESIAN_POINT('',(14.0902747038807,-25.475,8.));
#6311=CARTESIAN_POINT('',(16.5108892952603,-24.85,8.));
#6312=CARTESIAN_POINT('Origin',(16.5108892952603,-29.85,8.));
#6313=CARTESIAN_POINT('',(16.5108892952603,-24.85,0.));
#6314=CARTESIAN_POINT('',(14.0902747038807,-25.475,0.));
#6315=CARTESIAN_POINT('Origin',(14.9768492513318,-24.85,8.));
#6316=CARTESIAN_POINT('',(22.85,-24.85,8.));
#6317=CARTESIAN_POINT('',(-27.85,-24.85,8.));
#6318=CARTESIAN_POINT('',(22.85,-24.85,8.));
#6319=CARTESIAN_POINT('Origin',(22.85,-19.85,8.));
#6320=CARTESIAN_POINT('Origin',(22.85,-19.85,8.));
#6321=CARTESIAN_POINT('Origin',(3.10862446895044E-14,1.55431223447522E-14,
8.));
#6322=CARTESIAN_POINT('',(16.6387000625006,-20.5444444444444,8.));
#6323=CARTESIAN_POINT('Origin',(11.6696601125011,-21.1,8.));
#6324=CARTESIAN_POINT('',(23.5444444444445,-13.6387000625006,8.));
#6325=CARTESIAN_POINT('Origin',(22.85,-19.85,8.));
#6326=CARTESIAN_POINT('Origin',(24.1,-8.66966011250104,8.));
#6327=CARTESIAN_POINT('',(25.25,-19.85,8.));
#6328=CARTESIAN_POINT('Origin',(22.85,-19.85,8.));
#6329=CARTESIAN_POINT('Origin',(24.1,-8.66966011250104,0.));
#6330=CARTESIAN_POINT('',(23.5444444444445,-13.6387000625006,0.));
#6331=CARTESIAN_POINT('',(23.5444444444445,-13.6387000625006,0.));
#6332=CARTESIAN_POINT('Origin',(24.1,-8.66966011250104,0.));
#6333=CARTESIAN_POINT('Origin',(16.5108892952604,29.85,0.));
#6334=CARTESIAN_POINT('',(16.5108892952604,24.85,8.));
#6335=CARTESIAN_POINT('',(14.0902747038807,25.475,8.));
#6336=CARTESIAN_POINT('Origin',(16.5108892952604,29.85,8.));
#6337=CARTESIAN_POINT('',(14.0902747038807,25.475,0.));
#6338=CARTESIAN_POINT('',(16.5108892952604,24.85,0.));
#6339=CARTESIAN_POINT('Origin',(11.6696601125011,21.1,0.));
#6340=CARTESIAN_POINT('',(16.6387000625006,20.5444444444445,8.));
#6341=CARTESIAN_POINT('Origin',(11.6696601125011,21.1,8.));
#6342=CARTESIAN_POINT('',(16.6387000625006,20.5444444444445,0.));
#6343=CARTESIAN_POINT('',(16.6387000625006,20.5444444444445,0.));
#6344=CARTESIAN_POINT('',(11.6696601125011,26.1,0.));
#6345=CARTESIAN_POINT('Origin',(11.6696601125011,21.1,0.));
#6346=CARTESIAN_POINT('',(11.6696601125011,26.1,8.));
#6347=CARTESIAN_POINT('Origin',(22.85,19.85,8.));
#6348=CARTESIAN_POINT('',(22.85,24.85,8.));
#6349=CARTESIAN_POINT('Origin',(22.85,19.85,8.));
#6350=CARTESIAN_POINT('',(22.85,24.85,8.));
#6351=CARTESIAN_POINT('Origin',(3.10862446895044E-14,1.55431223447522E-14,
8.));
#6352=CARTESIAN_POINT('',(28.475,11.0902747038807,8.));
#6353=CARTESIAN_POINT('Origin',(32.85,13.5108892952603,8.));
#6354=CARTESIAN_POINT('',(23.5444444444445,13.6387000625006,8.));
#6355=CARTESIAN_POINT('Origin',(24.1,8.66966011250107,8.));
#6356=CARTESIAN_POINT('Origin',(22.85,19.85,8.));
#6357=CARTESIAN_POINT('',(27.85,24.85,8.));
#6358=CARTESIAN_POINT('',(25.25,19.85,8.));
#6359=CARTESIAN_POINT('Origin',(22.85,19.85,8.));
#6360=CARTESIAN_POINT('Origin',(32.85,13.5108892952603,0.));
#6361=CARTESIAN_POINT('',(28.475,11.0902747038807,0.));
#6362=CARTESIAN_POINT('Origin',(-22.85,19.85,8.));
#6363=CARTESIAN_POINT('',(-22.85,24.85,13.));
#6364=CARTESIAN_POINT('Origin',(-22.85,19.85,13.));
#6365=CARTESIAN_POINT('',(-22.85,24.85,8.));
#6366=CARTESIAN_POINT('',(-22.85,24.85,8.));
#6367=CARTESIAN_POINT('Origin',(-22.85,19.85,8.));
#6368=CARTESIAN_POINT('Origin',(3.10862446895044E-14,1.55431223447522E-14,
8.));
#6369=CARTESIAN_POINT('',(-16.5108892952603,24.85,8.));
#6370=CARTESIAN_POINT('',(27.85,24.85,8.));
#6371=CARTESIAN_POINT('',(-14.0902747038806,25.475,8.));
#6372=CARTESIAN_POINT('Origin',(-16.5108892952603,29.85,8.));
#6373=CARTESIAN_POINT('',(-16.6387000625005,20.5444444444445,8.));
#6374=CARTESIAN_POINT('Origin',(-11.669660112501,21.1,8.));
#6375=CARTESIAN_POINT('',(-23.5444444444444,13.6387000625006,8.));
#6376=CARTESIAN_POINT('Origin',(-22.85,19.85,8.));
#6377=CARTESIAN_POINT('Origin',(-24.1,8.66966011250107,8.));
#6378=CARTESIAN_POINT('',(-20.45,19.85,8.));
#6379=CARTESIAN_POINT('Origin',(-22.85,19.85,8.));
#6380=CARTESIAN_POINT('Origin',(-14.9768492513317,24.85,8.));
#6381=CARTESIAN_POINT('',(-16.5108892952603,24.85,13.));
#6382=CARTESIAN_POINT('',(27.85,24.85,13.));
#6383=CARTESIAN_POINT('',(-16.5108892952603,24.85,0.));
#6384=CARTESIAN_POINT('Origin',(-16.5108892952603,29.85,0.));
#6385=CARTESIAN_POINT('Origin',(-16.5108892952603,29.85,13.));
#6386=CARTESIAN_POINT('',(-14.0902747038806,25.475,0.));
#6387=CARTESIAN_POINT('Origin',(-24.1,8.66966011250107,0.));
#6388=CARTESIAN_POINT('',(-23.5444444444444,13.6387000625006,0.));
#6389=CARTESIAN_POINT('',(-23.5444444444444,13.6387000625006,0.));
#6390=CARTESIAN_POINT('',(-29.1,8.66966011250107,0.));
#6391=CARTESIAN_POINT('Origin',(-24.1,8.66966011250107,0.));
#6392=CARTESIAN_POINT('',(-29.1,8.66966011250107,8.));
#6393=CARTESIAN_POINT('Origin',(-16.5108892952603,-29.85,0.));
#6394=CARTESIAN_POINT('',(-16.5108892952603,-24.85,8.));
#6395=CARTESIAN_POINT('',(-14.0902747038806,-25.475,8.));
#6396=CARTESIAN_POINT('Origin',(-16.5108892952603,-29.85,8.));
#6397=CARTESIAN_POINT('',(-14.0902747038806,-25.475,0.));
#6398=CARTESIAN_POINT('',(-16.5108892952603,-24.85,0.));
#6399=CARTESIAN_POINT('Origin',(-11.669660112501,-21.1,0.));
#6400=CARTESIAN_POINT('',(-16.6387000625005,-20.5444444444444,8.));
#6401=CARTESIAN_POINT('Origin',(-11.669660112501,-21.1,8.));
#6402=CARTESIAN_POINT('',(-16.6387000625005,-20.5444444444444,0.));
#6403=CARTESIAN_POINT('',(-16.6387000625006,-20.5444444444444,0.));
#6404=CARTESIAN_POINT('',(-11.669660112501,-26.1,0.));
#6405=CARTESIAN_POINT('Origin',(-11.669660112501,-21.1,0.));
#6406=CARTESIAN_POINT('',(-11.669660112501,-26.1,8.));
#6407=CARTESIAN_POINT('Origin',(-32.85,-13.5108892952603,0.));
#6408=CARTESIAN_POINT('',(-28.475,-11.0902747038807,8.));
#6409=CARTESIAN_POINT('',(-28.475,-11.0902747038807,0.));
#6410=CARTESIAN_POINT('Origin',(-32.85,-13.5108892952603,8.));
#6411=CARTESIAN_POINT('Origin',(-22.85,-19.85,8.));
#6412=CARTESIAN_POINT('',(-22.85,-24.85,8.));
#6413=CARTESIAN_POINT('Origin',(-22.85,-19.85,8.));
#6414=CARTESIAN_POINT('',(-22.85,-24.85,8.));
#6415=CARTESIAN_POINT('Origin',(-27.85,-24.85,8.));
#6416=CARTESIAN_POINT('',(-27.85,-24.85,8.));
#6417=CARTESIAN_POINT('Origin',(3.10862446895044E-14,1.55431223447522E-14,
8.));
#6418=CARTESIAN_POINT('',(-23.5444444444444,-13.6387000625006,8.));
#6419=CARTESIAN_POINT('Origin',(-24.1,-8.66966011250103,8.));
#6420=CARTESIAN_POINT('Origin',(-22.85,-19.85,8.));
#6421=CARTESIAN_POINT('',(-20.45,-19.85,8.));
#6422=CARTESIAN_POINT('Origin',(-22.85,-19.85,8.));
#6423=CARTESIAN_POINT('Origin',(22.85,-19.85,8.));
#6424=CARTESIAN_POINT('',(25.25,-19.85,8.));
#6425=CARTESIAN_POINT('Origin',(22.85,19.85,8.));
#6426=CARTESIAN_POINT('',(25.25,19.85,8.));
#6427=CARTESIAN_POINT('Origin',(-22.85,19.85,8.));
#6428=CARTESIAN_POINT('',(-20.45,19.85,13.));
#6429=CARTESIAN_POINT('Origin',(-22.85,19.85,13.));
#6430=CARTESIAN_POINT('',(-20.45,19.85,8.));
#6431=CARTESIAN_POINT('Origin',(-22.85,-19.85,8.));
#6432=CARTESIAN_POINT('',(-20.45,-19.85,8.));
#6433=CARTESIAN_POINT('Origin',(27.85,24.85,8.));
#6434=CARTESIAN_POINT('Origin',(3.10862446895044E-14,1.55431223447522E-14,
13.));
#6435=CARTESIAN_POINT('Origin',(3.33066907387547E-14,1.77635683940025E-14,
0.));
#6436=CARTESIAN_POINT('',(-16.6387000625005,20.5444444444445,0.));
#6437=CARTESIAN_POINT('Origin',(-22.85,19.85,0.));
#6438=CARTESIAN_POINT('',(-11.669660112501,26.1,0.));
#6439=CARTESIAN_POINT('Origin',(-11.669660112501,21.1,0.));
#6440=CARTESIAN_POINT('',(29.1,26.1,0.));
#6441=CARTESIAN_POINT('',(23.5444444444445,13.6387000625006,0.));
#6442=CARTESIAN_POINT('Origin',(22.85,19.85,0.));
#6443=CARTESIAN_POINT('Origin',(24.1,8.66966011250107,0.));
#6444=CARTESIAN_POINT('',(16.6387000625006,-20.5444444444444,0.));
#6445=CARTESIAN_POINT('Origin',(22.85,-19.85,0.));
#6446=CARTESIAN_POINT('',(11.6696601125011,-26.1,0.));
#6447=CARTESIAN_POINT('Origin',(11.6696601125011,-21.1,0.));
#6448=CARTESIAN_POINT('',(-29.1,-26.1,0.));
#6449=CARTESIAN_POINT('',(-23.5444444444444,-13.6387000625006,0.));
#6450=CARTESIAN_POINT('Origin',(-22.85,-19.85,0.));
#6451=CARTESIAN_POINT('',(-29.1,-8.66966011250104,0.));
#6452=CARTESIAN_POINT('Origin',(-24.1,-8.66966011250103,0.));
#6453=CARTESIAN_POINT('',(-29.1,26.1,0.));
#6454=CARTESIAN_POINT('Origin',(-22.85,19.85,0.));
#6455=CARTESIAN_POINT('',(-16.6387000625005,20.5444444444445,0.));
#6456=CARTESIAN_POINT('Origin',(-11.669660112501,21.1,0.));
#6457=CARTESIAN_POINT('',(-11.669660112501,26.1,8.));
#6458=CARTESIAN_POINT('Origin',(22.85,19.85,0.));
#6459=CARTESIAN_POINT('',(23.5444444444445,13.6387000625006,0.));
#6460=CARTESIAN_POINT('Origin',(24.1,8.66966011250107,0.));
#6461=CARTESIAN_POINT('Origin',(22.85,-19.85,0.));
#6462=CARTESIAN_POINT('',(16.6387000625006,-20.5444444444444,0.));
#6463=CARTESIAN_POINT('Origin',(11.6696601125011,-21.1,0.));
#6464=CARTESIAN_POINT('',(11.6696601125011,-26.1,8.));
#6465=CARTESIAN_POINT('Origin',(-24.1,-8.66966011250103,0.));
#6466=CARTESIAN_POINT('',(-29.1,-8.66966011250103,8.));
#6467=CARTESIAN_POINT('',(-23.5444444444444,-13.6387000625006,0.));
#6468=CARTESIAN_POINT('Origin',(-22.85,-19.85,0.));
#6469=CARTESIAN_POINT('Origin',(-22.85,-26.1,0.));
#6470=CARTESIAN_POINT('Origin',(-29.1,19.85,0.));
#6471=CARTESIAN_POINT('Origin',(22.85,26.1,0.));
#6472=CARTESIAN_POINT('',(29.1,4.44089209850063E-15,0.));
#6473=UNCERTAINTY_MEASURE_WITH_UNIT(LENGTH_MEASURE(0.01),#6477,
'DISTANCE_ACCURACY_VALUE',
'Maximum model space distance between geometric entities at asserted c
onnectivities');
#6474=UNCERTAINTY_MEASURE_WITH_UNIT(LENGTH_MEASURE(0.01),#6477,
'DISTANCE_ACCURACY_VALUE',
'Maximum model space distance between geometric entities at asserted c
onnectivities');
#6475=(
GEOMETRIC_REPRESENTATION_CONTEXT(3)
GLOBAL_UNCERTAINTY_ASSIGNED_CONTEXT((#6473))
GLOBAL_UNIT_ASSIGNED_CONTEXT((#6477,#6479,#6480))
REPRESENTATION_CONTEXT('','3D')
);
#6476=(
GEOMETRIC_REPRESENTATION_CONTEXT(3)
GLOBAL_UNCERTAINTY_ASSIGNED_CONTEXT((#6474))
GLOBAL_UNIT_ASSIGNED_CONTEXT((#6477,#6479,#6480))
REPRESENTATION_CONTEXT('','3D')
);
#6477=(
LENGTH_UNIT()
NAMED_UNIT(*)
SI_UNIT(.MILLI.,.METRE.)
);
#6478=(
LENGTH_UNIT()
NAMED_UNIT(*)
SI_UNIT(.CENTI.,.METRE.)
);
#6479=(
NAMED_UNIT(*)
PLANE_ANGLE_UNIT()
SI_UNIT($,.RADIAN.)
);
#6480=(
NAMED_UNIT(*)
SI_UNIT($,.STERADIAN.)
SOLID_ANGLE_UNIT()
);
#6481=SHAPE_DEFINITION_REPRESENTATION(#6482,#6483);
#6482=PRODUCT_DEFINITION_SHAPE('',$,#6485);
#6483=SHAPE_REPRESENTATION('',(#3159),#6475);
#6484=PRODUCT_DEFINITION_CONTEXT('part definition',#6489,'design');
#6485=PRODUCT_DEFINITION('Soldering_iron_holder',
'Soldering_iron_holder',#6486,#6484);
#6486=PRODUCT_DEFINITION_FORMATION('',$,#6491);
#6487=PRODUCT_RELATED_PRODUCT_CATEGORY('Soldering_iron_holder',
'Soldering_iron_holder',(#6491));
#6488=APPLICATION_PROTOCOL_DEFINITION('international standard',
'automotive_design',2009,#6489);
#6489=APPLICATION_CONTEXT(
'Core Data for Automotive Mechanical Design Process');
#6490=PRODUCT_CONTEXT('part definition',#6489,'mechanical');
#6491=PRODUCT('Soldering_iron_holder','Soldering_iron_holder',$,(#6490));
#6492=PRESENTATION_STYLE_ASSIGNMENT((#6494));
#6493=PRESENTATION_STYLE_ASSIGNMENT((#6495));
#6494=SURFACE_STYLE_USAGE(.BOTH.,#6498);
#6495=SURFACE_STYLE_USAGE(.BOTH.,#6499);
#6496=SURFACE_STYLE_RENDERING_WITH_PROPERTIES($,#6506,(#6497));
#6497=SURFACE_STYLE_TRANSPARENT(0.);
#6498=SURFACE_SIDE_STYLE('',(#6500,#6496));
#6499=SURFACE_SIDE_STYLE('',(#6501));
#6500=SURFACE_STYLE_FILL_AREA(#6502);
#6501=SURFACE_STYLE_FILL_AREA(#6503);
#6502=FILL_AREA_STYLE('',(#6504));
#6503=FILL_AREA_STYLE('',(#6505));
#6504=FILL_AREA_STYLE_COLOUR('',#6506);
#6505=FILL_AREA_STYLE_COLOUR('',#6507);
#6506=COLOUR_RGB('',0.749019607843137,0.749019607843137,0.749019607843137);
#6507=COLOUR_RGB('',0.913725490196078,0.913725490196078,0.);
ENDSEC;
END-ISO-10303-21;
